"Id","IsDeleted","Name","LLC_BI__Product_Type__c","LLC_BI__Product_Feature__c","LLC_BI__RealEstate_Type__c","LLC_BI__RealEstate__c","LLC_BI__lookupKey__c","LLC_BI__Classification__c","LLC_BI__Description__c","LLC_BI__Learn_More__c","LLC_BI__Order__c","LLC_BI__Enabled_Experiences__c","LLC_BI__Product_Display_Name__c","nPortal__Can_Pledge_Multiple_Collateral__c","nPortal__External_Name__c","nPortal__OA_Approval_Next_Steps__c","nPortal__OA_Auto_Decision_Enabled__c","LLC_BI__Product_Line_Name__c","LLC_BI__Product_Type_Name__c","LLC_BI__Default_App__c","LLC_BI__Screen_Section__c","LLC_BI__Deposit_Rate_Structure__c","LLC_BI__Maintenance_App__c","nPortal__OA_Collapsed_Offer_Card_Summary__c","nPortal__OA_Collateral_Required__c","nPortal__OA_Deposit_Funding_Failure_Next_Steps__c","nPortal__OA_Deposit_Funding_Next_Steps__c","nPortal__OA_Expanded_Offer_Summary_Card__c","nPortal__OA_Is_Hidden__c","nPortal__OA_Not_Approved_Next_Steps__c","LLC_BI__Maximum_Funding_Amount__c","LLC_BI__Minimum_Funding_Amount__c","nPortal__OA_Offers_Accepted_Next_Steps__c","nPortal__OA_Offers_Enabled__c","nPortal__OA_Product_Image__c","LLC_BI__Disable_Id_Document_Save__c","LLC_BI__Other_Disclosures_Description__c","LLC_BI__Other_Disclosures_Received__c","nPortal__Online_Application_AS_Screen__c","nPortal__Online_Application_Enabled__c","nPortal__Online_Application_Group__c","nPortal__Online_Application_Header_Text__c","LLC_BI__Maintenance_Screen_Section__c","nPortal__Online_Application_Subheader_Text__c","nPortal__Online_Application_Topbar_Fieldset__c","nPortal__Online_Application_Topbar_Text__c","nPortal__Online_Application_Type__c","nPortal__Online_Application_Your_Account_Fieldset__c","nPortal__Product_Marketing__c","nPortal__Suggested_Collateral_Enabled__c","nPortal__Your_Products_Component_Field_Set__c","cm_Days_to_Close__c","cm_Gross_Annual_Micro_Bus_Revenue_Cap__c","cm_Gross_Annual_Small_Bus_Revenue_Cap__c","cm_Maximum_Micro_Business_Loan_Amount__c","cm_Maximum_Small_Business_Loan_Amount__c","cm_Product_Validation__c","cm_Static_Name__c","cm_Display_Account_Options_Online__c"
"a0ubn000004s5ejAAA","","Gold Checking","a0tbn000008f3QLAAY","a0nbn000003YMEzAAO","","","42186486278537758","","","","","","","false","Gold Checking","","false","","","","a2Fbn000000Dtt7EAC","","","","false","<p><span style=""font-size: 12px; font-family: Arial, Helvetica, sans-serif; color: rgb(0, 0, 0);"">We weren&#39;t able to begin the account funding process online. Please contact Customer Service at xxx.xxx.xxxx for assistance. </span></p>","<p><span style=""font-size: 12px; font-family: Arial, Helvetica, sans-serif; color: rgb(0, 0, 0);"">Thanks for starting the account funding process. Within 2-3 business days, we&#39;ll send several trial deposits to your account. Log on to your dashboard to verify the deposit amounts- then we&#39;ll fund your new account! </span></p>","","false","","500.0","1.0","","false","","false","","false","","true","","Your Gold Checking  Account","","This application should only take 5 minutes.","ODAO_Topbar_Fieldset","Your Gold Checking Application","Online Deposit Application","ODAO_YourAccountFieldset","<p>The best checking account ever!</p>","false","nPortal__Your_Products_Deposit","","","","","","","Gold Checking","true"
"a0ubn000004s5elAAA","","Online Banking","a0tbn000008f3QMAAY","","","","42230015687563846","","","","","","","false","Online Banking","","false","","","","a2Fbn000000DtRiEAK","","","","false","","","","false","","","","","false","","false","","false","","false","","","","","ODAO_Topbar_Fieldset","","","","<p><span style=""background-color: rgb(255, 255, 255); font-size: 16px; color: rgb(0, 0, 0);"">View your account balances, transfer money between accounts, pay bills, and more﻿﻿.<span class=""ql-cursor"">﻿</span></span></p>","false","","","","","","","","Online Banking","false"
"a0ubn000004s5enAAA","","Platinum Savings","a0tbn000008f3QOAAY","a0nbn000003YMF1AAO","","","42504380173594471","","","","","","","false","Platinum Savings","","false","","","","a2Fbn000000Dtt9EAC","a3ybn0000002k0eAAA","","","false","We weren&#39;t able to begin the account funding process online. Please contact Customer Service at xxx.xxx.xxxx for assistance. ","Thanks for starting the account funding process. Within 2-3 business days, we&#39;ll send several trial deposits to your account. Log on to your dashboard to verify the deposit amounts- then we&#39;ll fund your new account! ","","false","","500.0","1.0","","false","","false","","false","","true","","Your Platinum Savings Account","","This application should only take 5 minutes.","ODAO_Topbar_Fieldset","Your Platinum Savings Application","Online Deposit Application","ODAO_YourAccountFieldset","","false","nPortal__Your_Products_Deposit","","","","","","","Platinum Savings","true"
"a0ubn000004s5ekAAA","","Debit Card","a0tbn000008f3QMAAY","","","","42540340976290821","","","","","","","false","Debit Card","","false","","","","a2Fbn000000DtRhEAK","","","","false","","","","false","","","","","false","","false","","false","a2Gbn000000mWf7EAE","false","","","","","ODAO_Topbar_Fieldset","","","","<p>Withdraw cash with no fees from over 1,000 locations worldwide.</p><p><br></p><p>If you agree to this <a href=""http://www.google.com"" target=""_blank"">Debit Card Disclosure</a> and would like to <a href=""http://www.google.com"" target=""_blank"">Opt-In</a> for overdrafts for your ATM and one-time debit card transactions, you can do so by clicking &quot;<i>Opt-In&quot; </i>for the <i style=""background-color: rgb(255, 255, 255); color: rgb(62, 62, 60);"">&quot;Overdraft Acknowledgement</i><span style=""background-color: rgb(255, 255, 255); color: rgb(62, 62, 60);"">&quot; below.</span></p>","false","","","","","","","","Debit Card","false"
"a0ubn000004s5emAAA","","CD 6 Mo","a0tbn000008f3QNAAY","a0nbn000003YMF0AAO","","","42707491173986443","","","","","","","false","6 Month CD","","false","","","","a2Fbn000000Dtt8EAC","a3ybn0000002k0dAAA","","","false","We weren&#39;t able to begin the account funding process online. Please contact Customer Service at xxx.xxx.xxxx for assistance. ","Thanks for starting the account funding process. Within 2-3 business days, we&#39;ll send several trial deposits to your account. Log on to your dashboard to verify the deposit amounts- then we&#39;ll fund your new account! ","","false","","500.0","1.0","","false","","false","","false","","true","","Your 6 Month CD","","This application should only take 5 minutes.","ODAO_Topbar_Fieldset","Your 6 Month CD Application","Online Deposit Application","ODAO_YourAccountFieldset","Maximize your savings with our 6 Month CD!","false","nPortal__Your_Products_Deposit","","","","","","","CD 6 Mo","true"
"a0ubn000004dcxZAAQ","","Construction","a0tbn000007pcYfAAI","a0nbn0000034pzJAAQ","","","PR-001","","","","","","","false","","","false","","","","","","","","false","","","","false","","","","","false","","false","","false","","false","","","","","","","","","","false","","","","","","","","","false"
"a0ubn000004s5f1AAA","","Automobile","a0tbn000008f3QTAAY","a0nbn000003YMFCAA4","","","PR-Automob0032877","","","","","","","false","Auto Loan","","false","","","","","","","nPortal__OA_Collapsed_Offer_Card_Summary","true","","","OACL_Expanded_Offer_Card","false","","","","<p><span style=""font-size: 14px;"">You&#39;ll receive and sign documents electronically, then receive your funds.</span></p>","false","","false","","false","","true","","Let's Get Started!","","The application typically takes about 10-15 minutes.","","Your Automobile Loan","Online Loan Application","","","false","","","","","","","","Automobile","false"
"a0ubn000004s5f2AAA","","Boat, Motor, Trailer","a0tbn000008f3QTAAY","a0nbn000003YMFDAA4","","","PR-BoatMot0059907","","","","","","","false","Boat, Motor, Trailer","","false","","","","","","","","false","","","","false","","","","","false","","false","","false","","false","","","","","","","Online Loan Application","","","false","","","","","","","","Boat, Motor, Trailer","false"
"a0ubn000004dcxlAAA","","Business Checking","a0tbn000007pcYkAAI","","","","PR-BusChecking","","","","","","","false","","","false","","","","","","","","false","","","","false","","","","","false","","false","","false","","false","","","","","","","","","","false","","","","","","","","","false"
"a0ubn000004s5esAAA","","CD 12 Mo","a0tbn000008f3QNAAY","a0nbn000003YMF6AAO","","","PR-CD12Mo05456148","","","","","","","false","12 Month CD","","false","","","","a2Fbn000000Dtt8EAC","a3ybn0000002k0hAAA","","","false","We weren&#39;t able to begin the account funding process online. Please contact Customer Service at xxx.xxx.xxxx for assistance. ","","","false","","500.0","1.0","","false","","false","","false","","true","","Your 12 Month CD Account","","This application should only take 5 minutes.","ODAO_Topbar_Fieldset","Your 12 Month CD Application","Online Deposit Application","ODAO_YourAccountFieldset","","false","nPortal__Your_Products_Deposit","","","","","","","CD 12 Mo","true"
"a0ubn000004s5f4AAA","","CD/Savings","a0tbn000008f3QTAAY","a0nbn000003YMFFAA4","","","PR-CDSavin0768479","","","","","","","false","CD/Savings","","false","","","","","","","","false","","","","false","","","","","false","","false","","false","","false","","","","","","","Online Loan Application","","","false","","","","","","","","CD/Savings","false"
"a0ubn000004dcxvAAA","","Commercial","a0tbn000007pcYnAAI","a0nbn0000034pzTAAQ","","","PR-Commerc0313916","","","","","","","false","","","false","","","","","","","","false","","","","false","","","","","false","","false","","false","","false","","","","","","","","","","false","","","","","","","","","false"
"a0ubn000004ktIbAAI","","Credit Card","a0tbn000008H0TdAAK","a0nbn000003Jb3mAAC","","","PR-CreditC0870885","","","","","","","true","Unsecured - Credit Card","","true","","","","","","","nPortal__OA_Collapsed_Offer_Card_Summary","false","","","SBL_OA_Expanded_Offer_Card","false","","","","Congratulations! Now that you have accepted an offer, let&#39;s talk about the next steps.","true","","false","","false","","true","a2Bbn000000KMCWEA4","","","","","","Online Loan Application","","","true","nPortal__Your_Products_Loan","","1000000.0","1000000.0","10000.0","25000.0","Small BusinessUnsecuredCredit Card","Credit Card","false"
"a0ubn000004s5f7AAA","","Equipment","a0tbn000008f3QTAAY","a0nbn000003YMFIAA4","","","PR-Equipme0187911","","","","","","","false","Equipment","","false","","","","","","","","false","","","","false","","","","","false","","false","","false","","false","","","","","","","Online Loan Application","","","false","","","","","","","","Equipment","false"
"a0ubn000004dcxfAAA","","Equipment","a0tbn000007pcYhAAI","a0nbn0000034pzFAAQ","","","PR-Equipme0717716","","","","","","","false","","","false","","","","","","","","false","","","","false","","","","","false","","false","","false","","false","","","","","","","","","","false","","","","","","","","","false"
"a0ubn000004s5erAAA","","Gold Savings","a0tbn000008f3QOAAY","a0nbn000003YMF5AAO","","","PR-GoldSav0505797","","","","","","","false","Gold Savings","","false","","","","a2Fbn000000Dtt9EAC","a3ybn0000002k0gAAA","","","false","We weren&#39;t able to begin the account funding process online. Please contact Customer Service at xxx.xxx.xxxx for assistance. ","","","false","","500.0","1.0","","false","","false","","false","","true","","Your Gold Savings Account","","This application should only take 5 minutes.","ODAO_Topbar_Fieldset","Your Gold Savings Application","Online Deposit Application","ODAO_YourAccountFieldset","<p>Add a savings account and earn a $50 bonus when you deposit $5000 upon opening.  0.3% APY and no maintenance fees.</p>","false","nPortal__Your_Products_Deposit","","","","","","","Gold Savings","true"
"a0ubn000004dcxdAAA","","Guidance Line - Revolving","a0tbn000007pcYfAAI","a0nbn0000034pzCAAQ","","","PR-Guidanc0124886","","","","","","","false","","","false","","","","","","","","false","","","","false","","","","","false","","false","","false","","false","","","","","","","","","","false","","","","","","","","","false"
"a0ubn000004s5fBAAQ","","HELOC","a0tbn000008f3QWAAY","a0nbn000003YMFKAA4","Single Family Home","","PR-HELOC033947603","","","","","","","false","HELOC","","false","","","","","","","","false","","","","false","","","","","false","","false","","false","","false","","","","","","","Online Loan Application","","","false","","","","","","","","HELOC","false"
"a0ubn000004dcxaAAA","","HELOC","a0tbn000007pcYgAAI","","","","PR-HELOC035644312","","","","","","","false","","","false","","","","","","","","false","","","","false","","","","","false","","false","","false","","false","","","","","","","","","","false","","","","","","","","","false"
"a0ubn000004dcxjAAA","","HELOC","a0tbn000007pcYfAAI","a0nbn0000034pzJAAQ","","","PR-HELOC055071492","","","","","","","false","","","false","","","","","","","","false","","","","false","","","","","false","","false","","false","","false","","","","","","","","","","false","","","","","","","","","false"
"a0ubn000004s5fCAAQ","","Home Equity Term","a0tbn000008f3QXAAY","a0nbn000003YMFPAA4","Single Family Home","","PR-HomeEqu0224723","","","","","","","false","","","false","","","","","","","","false","","","","false","","","","","false","","false","","false","","false","","","","","","","","","","false","","","","","","","","Home Equity Term","false"
"a0ubn000004dcxwAAA","","Land Development","a0tbn000007pcYnAAI","a0nbn0000034pzUAAQ","","","PR-LandDev0266805","","","","","","","false","","","false","","","","","","","","false","","","","false","","","","","false","","false","","false","","false","","","","","","","","","","false","","","","","","","","","false"
"a0ubn000004dcxsAAA","","Letter of Credit","a0tbn000007pcYmAAI","a0nbn0000034pzQAAQ","","","PR-Lettero0901344","","","","","","","false","","","false","","","","","","","","false","","","","false","","","","","false","","false","","false","","false","","","","","","","","","","false","","","","","","","","","false"
"a0ubn000004dcxeAAA","","Limit","a0tbn000007pcYfAAI","a0nbn0000034pzDAAQ","","","PR-Limit059126767","","","","","","","false","","","false","","","","","","","","false","","","","false","","","","","false","","false","","false","","false","","","","","","","","","","false","","","","","","","","","false"
"a0ubn000004dcxiAAA","","Line Of Credit","a0tbn000007pcYfAAI","a0nbn0000034pzIAAQ","","","PR-LineOfC0084258","","","","","","","false","","","false","","","","","","","","false","","","","false","","","","","false","","false","","false","","false","","","","","","","","","","false","","","","","","","","","false"
"a0ubn000004dcxbAAA","","Line Of Credit","a0tbn000007pcYhAAI","a0nbn0000034pzHAAQ","","","PR-LineOfC0288435","","","","","","","false","","","false","","","","","","","","false","","","","false","","","","","false","","false","","false","","false","","","","","","","","","","false","","","","","","","","","false"
"a0ubn000004dcxxAAA","","Line of Credit","a0tbn000007pcYnAAI","a0nbn0000034pzVAAQ","","","PR-LineofC0572243","","","","","","","false","","","false","","","","","","","","false","","","","false","","","","","false","","false","","false","","false","","","","","","","","","","false","","","","","","","","","false"
"a0ubn000004dcxqAAA","","Line of Credit","a0tbn000007pcYmAAI","a0nbn0000034pzOAAQ","","","PR-LineofC0754012","","","","","","","false","","","false","","","","","","","","false","","","","false","","","","","false","","false","","false","","false","","","","","","","","","","false","","","","","","","","","false"
"a0ubn000004s5ewAAA","","Money Market","a0tbn000008f3QLAAY","a0nbn000003YMFOAA4","","","PR-MoneyMa0685324","","","","","","","false","Money Market Savings","","false","","","","a2Fbn000000Dtt9EAC","a3ybn0000002k0jAAA","","","false","","","","false","","","","","false","","false","","false","","true","","Your Money Market Savings Account","","","ODAO_Topbar_Fieldset","Your Money Market Savings Account","Online Deposit Application","ODAO_YourAccountFieldset","","false","nPortal__Your_Products_Deposit","","","","","","","Money Market","true"
"a0ubn000004s5f6AAA","","Motorcycle, 4 Wheeler, Jet Ski","a0tbn000008f3QTAAY","a0nbn000003YMFHAA4","","","PR-Motorcy0911931","","","","","","","false","Motorcycle, 4 Wheeler, Jet Ski","","false","","","","","","","","false","","","","false","","","","","false","","false","","false","","false","","","","","","","Online Loan Application","","","false","","","","","","","","Motorcycle, 4 Wheeler, Jet Ski","false"
"a0ubn000004s5f9AAA","","ODP","a0tbn000008f3QUAAY","a0nbn000003YMFLAA4","","","PR-ODP08577629713","","","","","","","false","ODP","","false","","","","","","","","false","","","","false","","","","","false","","false","","false","","false","","","","","","","Online Loan Application","","","false","","","","","","","","ODP","false"
"a0ubn000004s5fAAAQ","","Credit Card","a0tbn000008f3QVAAY","a0nbn000003YMFMAA4","","","PR-Platinu0204672","","","","","","","false","Credit Card","","false","","","","","","","cm_OA_Credit_Card_Collapsed","false","","","","false","","","","<p><span style=""color: rgb(62, 62, 60);"">You&#39;ll receive and sign documents electronically, then receive your funds.</span></p>","true","","false","","false","","true","","Let's Get Started!","","The application typically takes about 10-15 minutes.","","Your Credit Card Application","Online Loan Application","","","false","","","","","","","","Credit Card","false"
"a0ubn000004s5epAAA","","Platinum Checking","a0tbn000008f3QLAAY","a0nbn000003YMF3AAO","","","PR-Platinu0586222","","","","","","","false","Platinum Checking","","false","","","","a2Fbn000000Dtt7EAC","","","","false","We weren&#39;t able to begin the account funding process online. Please contact Customer Service at xxx.xxx.xxxx for assistance. ","","","false","","500.0","1.0","","false","","false","","false","","true","","Your Platinum Checking Account","","This application should only take 5 minutes.","ODAO_Topbar_Fieldset","Your Platinum Checking Application","Online Deposit Application","ODAO_YourAccountFieldset","","false","nPortal__Your_Products_Deposit","","","","","","","Platinum Checking","true"
"a0ubn000004dcxkAAA","","Purchase","a0tbn000007pcYfAAI","","","","PR-Purchas0945231","","","","","","","false","","","false","","","","","","","","false","","","","false","","","","","false","","false","","false","","false","","","","","","","","","","false","","","","","","","","","false"
"a0ubn000004s5f3AAA","","Recreational Vehicle/Travel Trailer","a0tbn000008f3QTAAY","a0nbn000003YMFEAA4","","","PR-Recreat0379881","","","","","","","false","Recreational Vehicle/Travel Trailer","","false","","","","","","","","false","","","","false","","","","","false","","false","","false","","false","","","","","","","Online Loan Application","","","false","","","","","","","","Recreational Vehicle/Travel Trailer","false"
"a0ubn000004dcxuAAA","","Residential","a0tbn000007pcYnAAI","a0nbn0000034pzSAAQ","","","PR-Residen0153775","","","","","","","false","","","false","","","","","","","","false","","","","false","","","","","false","","false","","false","","false","","","","","","","","","","false","","","","","","","","","false"
"a0ubn000004ktIaAAI","","Revolving Line of Credit","a0tbn000008H0TdAAK","a0nbn000003Jb3nAAC","","","PR-Revolvi0271389","","","","","","","true","Unsecured - Revolving LOC","<ul><li><code>We&#39;ll email you when it&#39;s time to <strong>upload documents</strong>, such as tax returns. After you&#39;ve uploaded, we can generate an official offer.</code></li><li><code>When your offer is ready, we&#39;ll send you an email. After you tell us you&#39;d like to move forward, you&#39;ll <strong>sign some closing documents</strong> to make it official.</code></li></ul>","true","","","","","","","nPortal__OA_Collapsed_Offer_Card_Summary","false","","","SBL_OA_Expanded_Offer_Card","false","","","","Congratulations! Now that you have accepted an offer, let&#39;s talk about the next steps.","true","","false","","false","","true","a2Bbn000000KMCWEA4","","","","","","Online Loan Application","","","true","nPortal__Your_Products_Loan","","1000000.0","1000000.0","25000.0","50000.0","Small BusinessUnsecuredRevolving Line of Credit","Revolving Line of Credit","false"
"a0ubn000004ktIeAAI","","Revolving Line of Credit","a0tbn000008H0TeAAK","a0nbn000003JaHZAA0","","","PR-Revolvi0293397","","","","","","","true","Non Real Estate - Revolving LOC","<ul><li><code>We&#39;ll email you when it&#39;s time to <strong>upload documents</strong>, such as tax returns. After you&#39;ve uploaded, we can generate an official offer.</code></li><li><code>When your offer is ready, we&#39;ll send you an email. After you tell us you&#39;d like to move forward, you&#39;ll <strong>sign some closing documents</strong> to make it official.</code></li></ul>","true","","","","","","","nPortal__OA_Collapsed_Offer_Card_Summary","false","","","SBL_OA_Expanded_Offer_Card","false","","","","Congratulations! Now that you have accepted an offer, let&#39;s talk about the next steps.","true","","false","","false","","true","a2Bbn000000KMCWEA4","","","","","","Online Loan Application","","","false","nPortal__Your_Products_Loan","","1000000.0","1000000.0","50000.0","100000.0","Small BusinessNon Real EstateRevolving Line of Credit","Revolving Line of Credit","false"
"a0ubn000004dcy0AAA","","Revolving Line of Credit","a0tbn000007pcYfAAI","a0nbn0000034pzYAAQ","","","PR-Revolvi0301484","","","","","","","false","","","false","","","","","","","","false","","","","false","","","","","false","","false","","false","","false","","","","","","","","","","false","","","","","","","","","false"
"a0ubn000004dcxpAAA","","Revolving Line of Credit","a0tbn000007pcYlAAI","a0nbn0000034pzNAAQ","","","PR-Revolvi0406946","","","","","","","false","","","false","","","","","","","","false","","","","false","","","","","false","","false","","false","","false","","","","","","","","","","false","","","","","","","","","false"
"a0ubn000004dcxnAAA","","Revolving Line of Credit","a0tbn000007pcYhAAI","a0nbn0000034pzKAAQ","","","PR-Revolvi0456513","","","","","","","false","","","false","","","","","","","","false","","","","false","","","","","false","","false","","false","","false","","","","","","","","","","false","","","","","","","","","false"
"a0ubn000004dcxrAAA","","Revolving Line of Credit","a0tbn000007pcYmAAI","a0nbn0000034pzPAAQ","","","PR-Revolvi0502232","","","","","","","false","","","false","","","","","","","","false","","","","false","","","","","false","","false","","false","","false","","","","","","","","","","false","","","","","","","","","false"
"a0ubn000004ktIcAAI","","Revolving Line of Credit","a0tbn000008H0TfAAK","a0nbn000003JaHaAAK","","","PR-Revolvi0973827","","","","","","","true","Real Estate - Revolving LOC","<ul><li><code>We&#39;ll email you when it&#39;s time to <strong>upload documents</strong>, such as tax returns. After you&#39;ve uploaded, we can generate an official offer.</code></li><li><code>When your offer is ready, we&#39;ll send you an email. After you tell us you&#39;d like to move forward, you&#39;ll <strong>sign some closing documents</strong> to make it official.</code></li></ul>","true","","","","","","","nPortal__OA_Collapsed_Offer_Card_Summary","false","","","SBL_OA_Expanded_Offer_Card","false","","","","Congratulations! Now that you have accepted an offer, let&#39;s talk about the next steps.","true","","false","","false","","true","a2Bbn000000KMCWEA4","","","","","","Online Loan Application","","","true","nPortal__Your_Products_Loan","","1000000.0","1000000.0","0.0","250000.0","Small BusinessReal EstateRevolving Line of Credit","Revolving Line of Credit","false"
"a0ubn000004s5ezAAA","","Roth Fixed IRA","a0tbn000008f3QSAAY","a0nbn000003YMFOAA4","","","PR-RothFix0899240","","","","","","","false","","","false","","","","a2Fbn000000DttEEAS","a3ybn0000002k0lAAA","","","false","","","","false","","","","","false","","false","","false","","false","","","","","","","","","","false","","","","","","","","Roth Fixed IRA","true"
"a0ubn000004s5euAAA","","Fundamental Checking","a0tbn000008f3QPAAY","a0nbn000003YMF8AAO","","","PR-SBDDA014035799","","","","","","","false","Business Fundamental Checking","","false","","","","a2Fbn000000DttBEAS","","","","false","","","","false","","","","","false","","false","","false","","true","","Open a Business Fundamental Checking Account Today!","","","ODAO_Topbar_Fieldset","Your Business Fundamental Checking Account","Online Deposit Application","ODAO_YourAccountFieldset","","false","nPortal__Your_Products_Deposit","","","","","","","Fundamental Checking","false"
"a0ubn000004s5evAAA","","Money Market Savings","a0tbn000008f3QPAAY","a0nbn000003YMF9AAO","","","PR-SBMoney0109850","","","","","","","false","Business Money Market Savings","","false","","","","a2Fbn000000DttCEAS","a3ybn0000002k0jAAA","","","false","","","","false","","","","","false","","false","","false","","true","","Your Business Money Market Account","","","ODAO_Topbar_Fieldset","Your Business Money Market Savings Account","Online Deposit Application","ODAO_YourAccountFieldset","","false","nPortal__Your_Products_Deposit","","","","","","","Money Market Savings","false"
"a0ubn000004s5etAAA","","Advantage Savings","a0tbn000008f3QQAAY","a0nbn000003YMF7AAO","","","PR-SBSavin0890913","","","","","","","false","Business Advantage Savings","","false","","","","a2Fbn000000DttAEAS","a3ybn0000002k0iAAA","","","false","We weren&#39;t able to begin the account funding process online. Please contact Customer Service at xxx.xxx.xxxx for assistance. ","","","false","","","","","false","","false","","false","","true","","Open a Business Advantage Savings Account Today!","","","ODAO_Topbar_Fieldset","Your Business Advantage Savings Account","Online Deposit Application","ODAO_YourAccountFieldset","Start saving for your Small Business today.","false","nPortal__Your_Products_Deposit","","","","","","","Advantage Savings","false"
"a0ubn000004s5eoAAA","","Silver Checking","a0tbn000008f3QLAAY","a0nbn000003YMF2AAO","","","PR-SilverC0388335","","","","","","","false","Silver Checking","","false","","","","a2Fbn000000Dtt7EAC","","","","false","We weren&#39;t able to begin the account funding process online. Please contact Customer Service at xxx.xxx.xxxx for assistance. ","","","false","","500.0","1.0","","false","","false","","false","","true","","Your Silver Checking Account","","This application should only take 5 minutes.","ODAO_Topbar_Fieldset","Your Silver Checking Application","Online Deposit Application","ODAO_YourAccountFieldset","","false","nPortal__Your_Products_Deposit","","","","","","","Silver Checking","true"
"a0ubn000004s5eqAAA","","Silver Savings","a0tbn000008f3QOAAY","a0nbn000003YMF4AAO","","","PR-SilverS0368659","","","","","","","false","Silver Savings","","false","","","","a2Fbn000000Dtt9EAC","a3ybn0000002k0fAAA","","","false","We weren&#39;t able to begin the account funding process online. Please contact Customer Service at xxx.xxx.xxxx for assistance. ","","","false","","500.0","1.0","","false","","false","","false","","true","","Your Silver Savings Account","","This application should only take 5 minutes.","ODAO_Topbar_Fieldset","Your Silver Savings Application","Online Deposit Application","ODAO_YourAccountFieldset","","false","nPortal__Your_Products_Deposit","","","","","","","Silver Savings","true"
"a0ubn000004s5f5AAA","","Stock Secured","a0tbn000008f3QTAAY","a0nbn000003YMFGAA4","","","PR-StockSe0584370","","","","","","","false","Stock Secured","","false","","","","","","","","false","","","","false","","","","","false","","false","","false","","false","","","","","","","Online Loan Application","","","false","","","","","","","","Stock Secured","false"
"a0ubn000004dcxcAAA","","Sub Limit","a0tbn000007pcYfAAI","a0nbn0000034pzEAAQ","","","PR-SubLimi0147783","","","","","","","false","","","false","","","","","","","","false","","","","false","","","","","false","","false","","false","","false","","","","","","","","","","false","","","","","","","","","false"
"a0ubn000004s5exAAA","","Tax Favored Account Plan","a0tbn000008f3QRAAY","a0nbn000003YMFAAA4","","","PR-TaxFavo0040460","","","","","","","false","","","false","","","","a2Fbn000000DttDEAS","","","","false","","","","false","","","","","false","","false","","false","","false","","","","","","","","","","false","","","","","","","","Tax Favored Account Plan","true"
"a0ubn000004dcxtAAA","","Term","a0tbn000007pcYmAAI","a0nbn0000034pzRAAQ","","","PR-Term0127848065","","","","","","","false","","","false","","","","","","","","false","","","","false","","","","","false","","false","","false","","false","","","","","","","","","","false","","","","","","","","","false"
"a0ubn000004dcxoAAA","","Term","a0tbn000007pcYlAAI","a0nbn0000034pzMAAQ","","","PR-Term0228585123","","","","","","","false","","","false","","","","","","","","false","","","","false","","","","","false","","false","","false","","false","","","","","","","","","","false","","","","","","","","","false"
"a0ubn000004ktIdAAI","","Term","a0tbn000008H0TeAAK","a0nbn000003JaHYAA0","","","PR-Term0662893777","","","","","","","true","Non Real Estate - Term","<ul><li><code>We&#39;ll email you when it&#39;s time to <strong>upload documents</strong>, such as tax returns. After you&#39;ve uploaded, we can generate an official offer.</code></li><li><code>When your offer is ready, we&#39;ll send you an email. After you tell us you&#39;d like to move forward, you&#39;ll <strong>sign some closing documents</strong> to make it official.</code></li></ul>","true","","","","","","","nPortal__OA_Collapsed_Offer_Card_Summary","false","","","SBL_OA_Expanded_Offer_Card","false","","","","Congratulations! Now that you have accepted an offer, let&#39;s talk about the next steps.","true","","false","","false","","true","a2Bbn000000KMCWEA4","","","","","","Online Loan Application","","","true","nPortal__Your_Products_Loan","","1000000.0","1000000.0","50000.0","200000.0","Small BusinessNon Real EstateTerm","Term","false"
"a0ubn000004dcxmAAA","","Term","a0tbn000007pcYhAAI","a0nbn0000034pzLAAQ","","","PR-Term0964027563","","","","","","","false","","","false","","","","","","","","false","","","","false","","","","","false","","false","","false","","false","","","","","","","","","","false","","","","","","","","","false"
"a0ubn000004ktIZAAY","","Term","a0tbn000008H0TdAAK","a0nbn000003Jb3lAAC","","","PR-Term0977563920","","","","","","","true","Unsecured - Term","<ul><li><code>We&#39;ll email you when it&#39;s time to </code><code style=""""><strong>upload documents</strong></code><code>, such as tax returns. After you&#39;ve uploaded, we can generate an official offer.</code></li><li><code>When your offer is ready, we&#39;ll send you an email. After you tell us you&#39;d like to move forward, you&#39;ll </code><code style=""""><strong>sign some closing documents</strong></code><code> to make it official.</code></li></ul><p><br></p>","true","","","","","","","nPortal__OA_Collapsed_Offer_Card_Summary","false","","","SBL_OA_Expanded_Offer_Card","false","","","","Congratulations! Now that you have accepted an offer, let&#39;s talk about the next steps.","true","","false","","false","","true","a2Bbn000000KMCWEA4","","","","","","Online Loan Application","","","true","nPortal__Your_Products_Loan","","1000000.0","1000000.0","25000.0","50000.0","Small BusinessUnsecuredTerm","Term","false"
"a0ubn000004dcxgAAA","","Term","a0tbn000007pcYfAAI","a0nbn0000034pzGAAQ","","","PR-TermLoa0874516","","","","","","","false","","","false","","","","","","","","false","","","","false","","","","","false","","false","","false","","false","","","","","","","","","","false","","","","","","","","","false"
"a0ubn000004ktIYAAY","","Term","a0tbn000008H0TfAAK","a0nbn000003JaHXAA0","","","PR-TermSB01285529","","","","","","","true","Real Estate - Term","","true","","","","","","","nPortal__OA_Collapsed_Offer_Card_Summary","false","","","SBL_OA_Expanded_Offer_Card","false","","","","Congratulations! Now that you have accepted an offer, let&#39;s talk about the next steps.","true","","false","","false","","true","a2Bbn000000KMCWEA4","","","","","","Online Loan Application","","","true","nPortal__Your_Products_Loan","","1000000.0","1000000.0","0.0","250000.0","Small BusinessReal EstateTerm","Term","false"
"a0ubn000004dcxzAAA","","Titled","a0tbn000007pcYhAAI","a0nbn0000034pzXAAQ","","","PR-Titled02597570","","","","","","","false","","","false","","","","","","","","false","","","","false","","","","","false","","false","","false","","false","","","","","","","","","","false","","","","","","","","","false"
"a0ubn000004s5eyAAA","","Traditional Fixed IRA","a0tbn000008f3QSAAY","a0nbn000003YMFNAA4","","","PR-Traditi0564231","","","","","","","false","","","false","","","","a2Fbn000000DttEEAS","a3ybn0000002k0kAAA","","","false","","","","false","","","","","false","","false","","false","","false","","","","","","","","","","false","","","","","","","","Traditional Fixed IRA","true"
"a0ubn000004s5f0AAA","","Unsecured","a0tbn000008f3QTAAY","a0nbn000003YMFBAA4","","","PR-Unsecur0384629","","","","","","","false","Unsecured Term Loan","- Auto Approved Next Steps","false","","","","","","","nPortal__OA_Collapsed_Offer_Card_Summary","false","","","OACL_Expanded_Offer_Card","false","","","","<p>You&#39;ll receive and sign documents electronically, then receive your funds.</p>","true","","false","","false","","true","","Let's Get Started!","","The application typically takes about 10-15 minutes.","","Your Unsecured Term Loan","Online Loan Application","","","false","","","","","","","","Unsecured","false"
"a0ubn000004s5f8AAA","","Unsecured LOC","a0tbn000008f3QUAAY","a0nbn000003YMFJAA4","","","PR-Unsecur0937992","","","","","","","false","Unsecured Line of Credit","","false","","","","","","","LOC_Collapsed","false","","","LOC_Expanded","false","","","","<p><span style=""font-size: 14px;"">You&#39;ll receive and sign documents electronically, then receive your funds.</span></p>","true","","false","","false","","true","","Let's Get Started!","","The application typically takes about 10-15 minutes.","","Your Unsecured Line of Credit Application","Online Loan Application","","","false","","","","","","","","Unsecured LOC","false"
"a0ubn000004dcxyAAA","","Working Capital","a0tbn000007pcYhAAI","a0nbn0000034pzWAAQ","","","PR-Working0594187","","","","","","","false","","","false","","","","","","","","false","","","","false","","","","","false","","false","","false","","false","","","","","","","","","","false","","","","","","","","","false"
"a0ubn000004dcxhAAA","","ACH Origination","a0tbn000007pcYiAAI","","","","a0ubn000004dcxhAAA","","","","","","","false","","","false","","","treasury-default.ts-details","","","tmmp-Treasury00","","false","","","","false","","","","","false","","false","","false","","false","","","","","","","","","","false","","","","","","","","","false"
