"AutorabitExtId__c","Id","IsDeleted","LLC_BI__Active__c","LLC_BI__Advance_Rate__c","LLC_BI__Auto_Update_Collateral_Value__c","LLC_BI__Category__c","LLC_BI__Collateral_Code__c","LLC_BI__Collateral_Configuration__c","LLC_BI__Collateral_Display_Name__c","LLC_BI__Condo_PUD__c","LLC_BI__Expire_Date__c","LLC_BI__Field_Set__c","LLC_BI__Group_Type__c","LLC_BI__Highest_Type__c","LLC_BI__Icon_Background_Color__c","LLC_BI__Icon_Color__c","LLC_BI__Icon_Type__c","LLC_BI__Is_Complex__c","LLC_BI__Manufactured_Home__c","LLC_BI__Parent_Type__c","LLC_BI__Primary_Valuation_Sources__c","LLC_BI__Regulatory_Rate__c","LLC_BI__Start_Date__c","LLC_BI__Subtype__c","LLC_BI__Type__c","LLC_BI__Valuation_Field_Set__c","LLC_BI__Valuation_Source__c","LLC_BI__Valuation_Type__c","LLC_BI__lookupKey__c","Name","OwnerId","nCinoCB__Classification__c"
"","a1lWD0000019K3mYAE","false","true","80.0","false","","","{""prodPkgEditScreen"":""723454364762362365"",""ownershipAssignmentFieldSetName"":""LLC_BI__Bulk_Ownership_Assignment"",""editCollateralScreen"":""42363993400862416"",""copyCollateralScreen"":""42363993400862416"",""collateralScreenName"":""Collateral Creation Screen"",""collateralCopyFieldSetName"":""LLC_BI__Collateral_Creation_Screen_Configuration"",""collateralCloneFieldSetName"":""LLC_BI__Collateral_Creation_Screen_Configuration"",""addCollateralScreen"":""42363993400862416"",""addChildCollateralScreen"":""42363993400862416""}","","false","","","","","670B7B","fff","custom/custom24","false","false","","","","2023-11-08","Construction","Real Estate","","","","a1x5f000000mHAIAA2","Real Estate-Construction","005al00000RVcKvAAL",""
"","a1lWD0000019K3nYAE","false","true","80.0","false","","","{""prodPkgEditScreen"":""723454364762362365"",""ownershipAssignmentFieldSetName"":""LLC_BI__Bulk_Ownership_Assignment"",""editCollateralScreen"":""42363993400862416"",""copyCollateralScreen"":""42363993400862416"",""collateralScreenName"":""Collateral Creation Screen"",""collateralCopyFieldSetName"":""LLC_BI__Collateral_Creation_Screen_Configuration"",""collateralCloneFieldSetName"":""LLC_BI__Collateral_Creation_Screen_Configuration"",""addCollateralScreen"":""42363993400862416"",""addChildCollateralScreen"":""42363993400862416""}","","false","","LLC_BI__Manage_Collateral_Titled","","","Ba202E","fff","custom/custom31","false","false","","","","2023-11-08","Motor Vehicle","Titled","","","","a1x5f000000mHAJAA2","Titled-Motor Vehicle","005al00000RVcKvAAL",""
"","a1lWD0000019K3qYAE","false","true","80.0","false","","","{""prodPkgEditScreen"":""723454364762362365"",""ownershipAssignmentFieldSetName"":""LLC_BI__Bulk_Ownership_Assignment"",""editCollateralScreen"":""42363993400862416"",""copyCollateralScreen"":""42363993400862416"",""collateralScreenName"":""Collateral Creation Screen"",""collateralCopyFieldSetName"":""LLC_BI__Collateral_Creation_Screen_Configuration"",""collateralCloneFieldSetName"":""LLC_BI__Collateral_Creation_Screen_Configuration"",""addCollateralScreen"":""42363993400862416"",""addChildCollateralScreen"":""42363993400862416""}","","false","","LLC_BI__Manage_Collateral_Titled","","","Ba202E","fff","custom/custom31","false","false","","","","2023-11-08","Other Titled","Titled","","","","a1x5f000000mHANAA2","Titled-Other Titled","005al00000RVcKvAAL",""
"","a1lWD0000019K3rYAE","false","true","80.0","false","","","{""prodPkgEditScreen"":""723454364762362365"",""ownershipAssignmentFieldSetName"":""LLC_BI__Bulk_Ownership_Assignment"",""editCollateralScreen"":""42363993400862416"",""copyCollateralScreen"":""42363993400862416"",""collateralScreenName"":""Collateral Creation Screen"",""collateralCopyFieldSetName"":""LLC_BI__Collateral_Creation_Screen_Configuration"",""collateralCloneFieldSetName"":""LLC_BI__Collateral_Creation_Screen_Configuration"",""addCollateralScreen"":""42363993400862416"",""addChildCollateralScreen"":""42363993400862416""}","","false","","","","","F1B643","fff","custom/custom18","false","false","","","","2023-11-08","Inventory","UCC","","","","a1x5f000000mHAOAA2","UCC-Inventory","005al00000RVcKvAAL",""
"","a1lWD0000019K3sYAE","false","true","80.0","false","","","{""prodPkgEditScreen"":""723454364762362365"",""ownershipAssignmentFieldSetName"":""LLC_BI__Bulk_Ownership_Assignment"",""editCollateralScreen"":""42363993400862416"",""copyCollateralScreen"":""42363993400862416"",""collateralScreenName"":""Collateral Creation Screen"",""collateralCopyFieldSetName"":""LLC_BI__Collateral_Creation_Screen_Configuration"",""collateralCloneFieldSetName"":""LLC_BI__Collateral_Creation_Screen_Configuration"",""addCollateralScreen"":""42363993400862416"",""addChildCollateralScreen"":""42363993400862416""}","","false","","","","","F1B643","fff","custom/custom18","false","false","","","","2023-11-08","Equipment","UCC","","","","a1x5f000000mHAQAA2","UCC-Equipment","005al00000RVcKvAAL",""
"","a1lWD0000019K3uYAE","false","true","80.0","false","","","{""prodPkgEditScreen"":""723454364762362365"",""ownershipAssignmentFieldSetName"":""LLC_BI__Bulk_Ownership_Assignment"",""editCollateralScreen"":""42363993400862416"",""copyCollateralScreen"":""42363993400862416"",""collateralScreenName"":""Collateral Creation Screen"",""collateralCopyFieldSetName"":""LLC_BI__Collateral_Creation_Screen_Configuration"",""collateralCloneFieldSetName"":""LLC_BI__Collateral_Creation_Screen_Configuration"",""addCollateralScreen"":""42363993400862416"",""addChildCollateralScreen"":""42363993400862416""}","","false","","","","","F1B643","fff","custom/custom18","false","false","","","","2023-11-08","Fixtures","UCC","","","","a1x5f000000mHASAA2","UCC-Fixtures","005al00000RVcKvAAL",""
"","a1lWD0000019K3vYAE","false","true","80.0","false","","","{""prodPkgEditScreen"":""723454364762362365"",""ownershipAssignmentFieldSetName"":""LLC_BI__Bulk_Ownership_Assignment"",""editCollateralScreen"":""42363993400862416"",""copyCollateralScreen"":""42363993400862416"",""collateralScreenName"":""Collateral Creation Screen"",""collateralCopyFieldSetName"":""LLC_BI__Collateral_Creation_Screen_Configuration"",""collateralCloneFieldSetName"":""LLC_BI__Collateral_Creation_Screen_Configuration"",""addCollateralScreen"":""42363993400862416"",""addChildCollateralScreen"":""42363993400862416""}","","false","","","","","670B7B","fff","custom/custom24","false","false","","","","2023-08-15","1-4 Family","Real Estate","","","","a1x5f000000mHBBAA2","Real Estate-1-4 Family","005al00000RVcKvAAL",""
"","a1lWD0000019K47YAE","false","true","80.0","false","","","{""prodPkgEditScreen"":""723454364762362365"",""ownershipAssignmentFieldSetName"":""LLC_BI__Bulk_Ownership_Assignment"",""editCollateralScreen"":""42363993400862416"",""copyCollateralScreen"":""42363993400862416"",""collateralScreenName"":""Collateral Creation Screen"",""collateralCopyFieldSetName"":""LLC_BI__Collateral_Creation_Screen_Configuration"",""collateralCloneFieldSetName"":""LLC_BI__Collateral_Creation_Screen_Configuration"",""addCollateralScreen"":""42363993400862416"",""addChildCollateralScreen"":""42363993400862416""}","","false","","","","","F1B643","fff","custom/custom18","false","false","","","","2023-08-15","Accounts","UCC","","","","a1x5f000000mHBRAA2","UCC-Accounts","005al00000RVcKvAAL",""
"","a1lWD0000019K48YAE","false","true","80.0","false","","","{""prodPkgEditScreen"":""723454364762362365"",""ownershipAssignmentFieldSetName"":""LLC_BI__Bulk_Ownership_Assignment"",""editCollateralScreen"":""42363993400862416"",""copyCollateralScreen"":""42363993400862416"",""collateralScreenName"":""Collateral Creation Screen"",""collateralCopyFieldSetName"":""LLC_BI__Collateral_Creation_Screen_Configuration"",""collateralCloneFieldSetName"":""LLC_BI__Collateral_Creation_Screen_Configuration"",""addCollateralScreen"":""42363993400862416"",""addChildCollateralScreen"":""42363993400862416""}","","false","","","","","F1B643","fff","custom/custom18","false","false","","","","2023-08-15","General Intangibles","UCC","","","","a1x5f000000mHBTAA2","UCC-General Intangibles","005al00000RVcKvAAL",""
"","a1lWD0000019K4GYAU","false","true","80.0","false","","","{""prodPkgEditScreen"":""723454364762362365"",""ownershipAssignmentFieldSetName"":""LLC_BI__Bulk_Ownership_Assignment"",""editCollateralScreen"":""42363993400862416"",""copyCollateralScreen"":""42363993400862416"",""collateralScreenName"":""Collateral Creation Screen"",""collateralCopyFieldSetName"":""LLC_BI__Collateral_Creation_Screen_Configuration"",""collateralCloneFieldSetName"":""LLC_BI__Collateral_Creation_Screen_Configuration"",""addCollateralScreen"":""42363993400862416"",""addChildCollateralScreen"":""42363993400862416""}","","false","","","","","670B7B","fff","custom/custom24","false","false","","","","2023-08-15","Multi-Family","Real Estate","","","","a1x5f000000mHBdAAM","Real Estate-Multi-Family","005al00000RVcKvAAL",""
"","a1lWD0000019K4LYAU","false","true","80.0","false","","","{""prodPkgEditScreen"":""723454364762362365"",""ownershipAssignmentFieldSetName"":""LLC_BI__Bulk_Ownership_Assignment"",""editCollateralScreen"":""42363993400862416"",""copyCollateralScreen"":""42363993400862416"",""collateralScreenName"":""Collateral Creation Screen"",""collateralCopyFieldSetName"":""LLC_BI__Collateral_Creation_Screen_Configuration"",""collateralCloneFieldSetName"":""LLC_BI__Collateral_Creation_Screen_Configuration"",""addCollateralScreen"":""42363993400862416"",""addChildCollateralScreen"":""42363993400862416""}","","false","","","","","670B7B","fff","custom/custom24","false","false","","","","2023-08-15","Office","Real Estate","","","","a1x5f000000mHBiAAM","Real Estate-Office","005al00000RVcKvAAL",""
"","a1lWD0000019K4NYAU","false","true","80.0","false","","","{""prodPkgEditScreen"":""723454364762362365"",""ownershipAssignmentFieldSetName"":""LLC_BI__Bulk_Ownership_Assignment"",""editCollateralScreen"":""42363993400862416"",""copyCollateralScreen"":""42363993400862416"",""collateralScreenName"":""Collateral Creation Screen"",""collateralCopyFieldSetName"":""LLC_BI__Collateral_Creation_Screen_Configuration"",""collateralCloneFieldSetName"":""LLC_BI__Collateral_Creation_Screen_Configuration"",""addCollateralScreen"":""42363993400862416"",""addChildCollateralScreen"":""42363993400862416""}","","false","","","","","670B7B","fff","custom/custom24","false","false","","","","2023-08-15","Retail","Real Estate","","","","a1x5f000000mHBkAAM","Real Estate-Retail","005al00000RVcKvAAL",""
