"Id","IsDeleted","Name","LLC_BI__CFG_ConfigKeys__c","LLC_BI__CFG_ConfigValue__c","LLC_BI__lookupKey__c","LLC_BI__sObject_Type__c"
"a0Cbn00000tDhEOEA0","","CFG-CKJ00014929","a0Dbn00000QolobEAB","a0Ebn000001gXrpEAE","42009698359266972",""
"a0Cbn00000tDhEJEA0","","CFG-CKJ00014924","a0Dbn00000QolobEAB","a0Ebn000001gXriEAE","42026650481773982",""
"a0Cbn00000tDhEcEAK","","CFG-CKJ00014943","a0Dbn00000QolodEAB","a0Ebn000001gXrhEAE","42029281540716260",""
"a0Cbn00000tDhEqEAK","","CFG-CKJ00014957","a0Dbn00000QolofEAB","a0Ebn000001gXruEAE","42035739840302429",""
"a0Cbn00000tDhEnEAK","","CFG-CKJ00014953","a0Dbn00000QoloeEAB","a0Ebn000001gXruEAE","42043831945734812",""
"a0Cbn00000tDhEoEAK","","CFG-CKJ00014955","a0Dbn00000QoloeEAB","a0Ebn000001gXrwEAE","42045772070002129",""
"a0Cbn00000tDhEGEA0","","CFG-CKJ00014921","a0Dbn00000QoloZEAR","a0Ebn000001gXrsEAE","42052270018555007",""
"a0Cbn00000tDhE8EAK","","CFG-CKJ00014913","a0Dbn00000QoloZEAR","a0Ebn000001gXrmEAE","42068200496914160",""
"a0Cbn00000tDhEUEA0","","CFG-CKJ00014935","a0Dbn00000QolocEAB","a0Ebn000001gXrlEAE","42071174774357513",""
"a0Cbn00000tDhEXEA0","","CFG-CKJ00014938","a0Dbn00000QolocEAB","a0Ebn000001gXroEAE","42092876895874880",""
"a0Cbn00000yN2F4EAK","","CFG-CKJ00014976","a0Dbn00000T8YYhEAN","a0Ebn000001gXrEEAU","42099837756028915",""
"a0Cbn00000tDhEPEA0","","CFG-CKJ00014930","a0Dbn00000QolobEAB","a0Ebn000001gXrrEAE","42102552367986118",""
"a0Cbn00000yN2FFEA0","","CFG-CKJ00014987","a0Dbn00000T8YYjEAN","a0Ebn000001gXrFEAU","42106686805707983",""
"a0Cbn00000yN2F8EAK","","CFG-CKJ00014980","a0Dbn00000T8YYiEAN","a0Ebn000001gXr6EAE","42124704314345586",""
"a0Cbn00000yN2EzEAK","","CFG-CKJ00014971","a0Dbn00000T8YYhEAN","a0Ebn000001gXrIEAU","42126413709273237",""
"a0Cbn00000tDhEKEA0","","CFG-CKJ00014925","a0Dbn00000QolobEAB","a0Ebn000001gXrlEAE","42144169869546434",""
"a0Cbn00000tDhE3EAK","","CFG-CKJ00014908","a0Dbn00000QoloZEAR","a0Ebn000001gXrhEAE","42158100700391656",""
"a0Cbn00000tDhEiEAK","","CFG-CKJ00014949","a0Dbn00000QolodEAB","a0Ebn000001gXrpEAE","42165945388551663",""
"a0Cbn00000yN2FCEA0","","CFG-CKJ00014984","a0Dbn00000T8YYjEAN","a0Ebn000001gXrGEAU","42181826559138476",""
"a0Cbn00000tDhEbEAK","","CFG-CKJ00014942","a0Dbn00000QolocEAB","a0Ebn000001gXrtEAE","42199804981675625",""
"a0Cbn00000tDhE9EAK","","CFG-CKJ00014914","a0Dbn00000QoloZEAR","a0Ebn000001gXrnEAE","42207250184934712",""
"a0Cbn00000tDhESEA0","","CFG-CKJ00014933","a0Dbn00000QolocEAB","a0Ebn000001gXrhEAE","42213627443279410",""
"a0Cbn00000yN2EwEAK","","CFG-CKJ00014968","a0Dbn00000T8YYgEAN","a0Ebn000001gXr6EAE","42218312047783142",""
"a0Cbn00000tDhECEA0","","CFG-CKJ00014917","a0Dbn00000QoloZEAR","a0Ebn000001gXrpEAE","42221483213783640",""
"a0Cbn00000tDhELEA0","","CFG-CKJ00014926","a0Dbn00000QolobEAB","a0Ebn000001gXrmEAE","42230994298756200",""
"a0Cbn00000tDhEdEAK","","CFG-CKJ00014944","a0Dbn00000QolodEAB","a0Ebn000001gXriEAE","42246496149618254",""
"a0Cbn00000tDhEgEAK","","CFG-CKJ00014947","a0Dbn00000QolodEAB","a0Ebn000001gXrnEAE","4226139674781753",""
"a0Cbn00000tDhEQEA0","","CFG-CKJ00014931","a0Dbn00000QolobEAB","a0Ebn000001gXrsEAE","42277772545589524",""
"a0Cbn00000tDhE1EAK","","CFG-CKJ00014906","a0Dbn00000QoloaEAB","a0Ebn000001gXrgEAE","42291711167185889",""
"a0Cbn00000tDhElEAK","","CFG-CKJ00014951","a0Dbn00000QolodEAB","a0Ebn000001gXrsEAE","42293175822135847",""
"a0Cbn00000yN2FAEA0","","CFG-CKJ00014982","a0Dbn00000T8YYiEAN","a0Ebn000001gXrEEAU","42294400282189316",""
"a0Cbn00000yN2F1EAK","","CFG-CKJ00014973","a0Dbn00000T8YYhEAN","a0Ebn000001gXrHEAU","42300721142127848",""
"a0Cbn00000tDhEREA0","","CFG-CKJ00014932","a0Dbn00000QolobEAB","a0Ebn000001gXrtEAE","42303966782514298",""
"a0Cbn00000tDhEEEA0","","CFG-CKJ00014919","a0Dbn00000QoloaEAB","a0Ebn000001gXrqEAE","42309899891472075",""
"a0Cbn00000tDhEeEAK","","CFG-CKJ00014945","a0Dbn00000QolodEAB","a0Ebn000001gXrlEAE","42311038581712896",""
"a0Cbn00000yN2F0EAK","","CFG-CKJ00014972","a0Dbn00000T8YYhEAN","a0Ebn000001gXrGEAU","42325747309186308",""
"a0Cbn00000tDhEjEAK","","CFG-CKJ00014950","a0Dbn00000QolodEAB","a0Ebn000001gXrrEAE","42331818602002844",""
"a0Cbn00000yN2ExEAK","","CFG-CKJ00014969","a0Dbn00000T8YYgEAN","a0Ebn000001gXrFEAU","42341992384533185",""
"a0Cbn00000tDhEVEA0","","CFG-CKJ00014936","a0Dbn00000QolocEAB","a0Ebn000001gXrmEAE","42374492999899467",""
"a0Cbn00000tDhEHEA0","","CFG-CKJ00014922","a0Dbn00000QoloZEAR","a0Ebn000001gXrtEAE","42387079547967420",""
"a0Cbn00000yN2F3EAK","","CFG-CKJ00014975","a0Dbn00000T8YYhEAN","a0Ebn000001gXrFEAU","42394120536644543",""
"a0Cbn00000tDhEZEA0","","CFG-CKJ00014941","a0Dbn00000QolocEAB","a0Ebn000001gXrsEAE","42396324510821984",""
"a0Cbn00000tDhEYEA0","","CFG-CKJ00014939","a0Dbn00000QolocEAB","a0Ebn000001gXrpEAE","42401772020420036",""
"a0Cbn00000tDhE5EAK","","CFG-CKJ00014910","a0Dbn00000QoloaEAB","a0Ebn000001gXrnEAE","42408619333718682",""
"a0Cbn00000tDhEBEA0","","CFG-CKJ00014916","a0Dbn00000QoloaEAB","a0Ebn000001gXroEAE","42422773577850113",""
"a0Cbn00000tDhEpEAK","","CFG-CKJ00014956","a0Dbn00000QolofEAB","a0Ebn000001gXrvEAE","42431797475836138",""
"a0Cbn00000yN2EyEAK","","CFG-CKJ00014970","a0Dbn00000T8YYgEAN","a0Ebn000001gXrEEAU","42444503366064892",""
"a0Cbn00000yN2EvEAK","","CFG-CKJ00014967","a0Dbn00000T8YYgEAN","a0Ebn000001gXrHEAU","42460210867038233",""
"a0Cbn00000tDhEmEAK","","CFG-CKJ00014954","a0Dbn00000QoloeEAB","a0Ebn000001gXrvEAE","42463670096217333",""
"a0Cbn00000yN2FEEA0","","CFG-CKJ00014986","a0Dbn00000T8YYjEAN","a0Ebn000001gXr6EAE","42476599308238111",""
"a0Cbn00000tDhErEAK","","CFG-CKJ00014958","a0Dbn00000QolofEAB","a0Ebn000001gXrwEAE","42496643283618206",""
"a0Cbn00000tDhE4EAK","","CFG-CKJ00014909","a0Dbn00000QoloaEAB","a0Ebn000001gXrmEAE","42503209135713425",""
"a0Cbn00000yN2EtEAK","","CFG-CKJ00014965","a0Dbn00000T8YYgEAN","a0Ebn000001gXrIEAU","42517087346488319",""
"a0Cbn00000tDhEIEA0","","CFG-CKJ00014923","a0Dbn00000QolobEAB","a0Ebn000001gXrhEAE","42531921149681515",""
"a0Cbn00000tDhDzEAK","","CFG-CKJ00014904","a0Dbn00000QoloaEAB","a0Ebn000001gXrlEAE","42577709263807674",""
"a0Cbn00000tDhE7EAK","","CFG-CKJ00014912","a0Dbn00000QoloZEAR","a0Ebn000001gXrlEAE","42589139660377151",""
"a0Cbn00000tDhEkEAK","","CFG-CKJ00014952","a0Dbn00000QolodEAB","a0Ebn000001gXrtEAE","42602779552133777",""
"a0Cbn00000yN2ErEAK","","CFG-CKJ00014963","a0Dbn00000T8YYfEAN","a0Ebn000001gXrFEAU","42626282357117496",""
"a0Cbn00000yN2EoEAK","","CFG-CKJ00014960","a0Dbn00000T8YYfEAN","a0Ebn000001gXrGEAU","42645771782581318",""
"a0Cbn00000yN2FDEA0","","CFG-CKJ00014985","a0Dbn00000T8YYjEAN","a0Ebn000001gXrHEAU","42662469661135364",""
"a0Cbn00000yN2F6EAK","","CFG-CKJ00014978","a0Dbn00000T8YYiEAN","a0Ebn000001gXrGEAU","42668296909050566",""
"a0Cbn00000tDhE2EAK","","CFG-CKJ00014907","a0Dbn00000QoloaEAB","a0Ebn000001gXrhEAE","42718785798059149",""
"a0Cbn00000yN2F9EAK","","CFG-CKJ00014981","a0Dbn00000T8YYiEAN","a0Ebn000001gXrFEAU","42751670891533949",""
"a0Cbn00000tDhEMEA0","","CFG-CKJ00014927","a0Dbn00000QolobEAB","a0Ebn000001gXrnEAE","42777427956700941",""
"a0Cbn00000tDhEhEAK","","CFG-CKJ00014948","a0Dbn00000QolodEAB","a0Ebn000001gXroEAE","42784817488010564",""
"a0Cbn00000yN2EpEAK","","CFG-CKJ00014961","a0Dbn00000T8YYfEAN","a0Ebn000001gXrHEAU","42788606602684169",""
"a0Cbn00000yN2EuEAK","","CFG-CKJ00014966","a0Dbn00000T8YYgEAN","a0Ebn000001gXrGEAU","42791852942284078",""
"a0Cbn00000tDhE6EAK","","CFG-CKJ00014911","a0Dbn00000QoloZEAR","a0Ebn000001gXriEAE","42823757296074598",""
"a0Cbn00000yN2FBEA0","","CFG-CKJ00014983","a0Dbn00000T8YYjEAN","a0Ebn000001gXrIEAU","42836960599748243",""
"a0Cbn00000tDhEfEAK","","CFG-CKJ00014946","a0Dbn00000QolodEAB","a0Ebn000001gXrmEAE","42839807620270760",""
"a0Cbn00000tDhEFEA0","","CFG-CKJ00014920","a0Dbn00000QoloZEAR","a0Ebn000001gXrrEAE","42847707385226596",""
"a0Cbn00000yN2F7EAK","","CFG-CKJ00014979","a0Dbn00000T8YYiEAN","a0Ebn000001gXrHEAU","42850711256644408",""
"a0Cbn00000tDhEaEAK","","CFG-CKJ00014940","a0Dbn00000QolocEAB","a0Ebn000001gXrrEAE","42855392953985720",""
"a0Cbn00000tDhENEA0","","CFG-CKJ00014928","a0Dbn00000QolobEAB","a0Ebn000001gXroEAE","42858042697347907",""
"a0Cbn00000yN2EqEAK","","CFG-CKJ00014962","a0Dbn00000T8YYfEAN","a0Ebn000001gXr6EAE","42861545153367565",""
"a0Cbn00000tDhE0EAK","","CFG-CKJ00014905","a0Dbn00000QoloaEAB","a0Ebn000001gXrjEAE","4286973927783763",""
"a0Cbn00000tDhEAEA0","","CFG-CKJ00014915","a0Dbn00000QoloZEAR","a0Ebn000001gXroEAE","42870613620746024",""
"a0Cbn00000yN2F5EAK","","CFG-CKJ00014977","a0Dbn00000T8YYiEAN","a0Ebn000001gXrIEAU","42892927030463713",""
"a0Cbn00000tDhETEA0","","CFG-CKJ00014934","a0Dbn00000QolocEAB","a0Ebn000001gXriEAE","42918496076852158",""
"a0Cbn00000yN2FGEA0","","CFG-CKJ00014988","a0Dbn00000T8YYjEAN","a0Ebn000001gXrEEAU","42930289485834342",""
"a0Cbn00000tDhEDEA0","","CFG-CKJ00014918","a0Dbn00000QoloaEAB","a0Ebn000001gXrpEAE","42966708634210573",""
"a0Cbn00000yN2EsEAK","","CFG-CKJ00014964","a0Dbn00000T8YYfEAN","a0Ebn000001gXrEEAU","42980389119428814",""
"a0Cbn00000tDhEWEA0","","CFG-CKJ00014937","a0Dbn00000QolocEAB","a0Ebn000001gXrnEAE","42980992076349868",""
"a0Cbn00000yN2F2EAK","","CFG-CKJ00014974","a0Dbn00000T8YYhEAN","a0Ebn000001gXr6EAE","42981349958308773",""
"a0Cbn00000yN2EnEAK","","CFG-CKJ00014959","a0Dbn00000T8YYfEAN","a0Ebn000001gXrIEAU","42985136557029929",""
"a0Cbn00000tDhDyEAK","","CFG-CKJ00014903","a0Dbn00000QoloaEAB","a0Ebn000001gXriEAE","42988421999524117",""
"a0Cbn00000tD03JEAS","","CFG-CKJ00014849","a0Dbn00000QoloQEAR","a0Ebn000001gXrIEAU","a0Cbn00000tDhEsEAK",""
"a0Cbn00000tD03IEAS","","CFG-CKJ00014850","a0Dbn00000QoloQEAR","a0Ebn000001gXrGEAU","a0Cbn00000tDhEtEAK",""
"a0Cbn00000tD03KEAS","","CFG-CKJ00014851","a0Dbn00000QoloQEAR","a0Ebn000001gXrHEAU","a0Cbn00000tDhEuEAK",""
"a0Cbn00000tD03LEAS","","CFG-CKJ00014852","a0Dbn00000QoloQEAR","a0Ebn000001gXr6EAE","a0Cbn00000tDhEvEAK",""
"a0Cbn00000tD03MEAS","","CFG-CKJ00014853","a0Dbn00000QoloQEAR","a0Ebn000001gXrFEAU","a0Cbn00000tDhEwEAK",""
"a0Cbn00000tD03NEAS","","CFG-CKJ00014854","a0Dbn00000QoloQEAR","a0Ebn000001gXrEEAU","a0Cbn00000tDhExEAK",""
"a0Cbn00000tD03OEAS","","CFG-CKJ00014855","a0Dbn00000QoloREAR","a0Ebn000001gXrIEAU","a0Cbn00000tDhEyEAK",""
"a0Cbn00000tD03PEAS","","CFG-CKJ00014856","a0Dbn00000QoloREAR","a0Ebn000001gXrGEAU","a0Cbn00000tDhEzEAK",""
"a0Cbn00000tD03QEAS","","CFG-CKJ00014857","a0Dbn00000QoloREAR","a0Ebn000001gXrHEAU","a0Cbn00000tDhF0EAK",""
"a0Cbn00000tD03REAS","","CFG-CKJ00014858","a0Dbn00000QoloREAR","a0Ebn000001gXr6EAE","a0Cbn00000tDhF1EAK",""
"a0Cbn00000tD03SEAS","","CFG-CKJ00014859","a0Dbn00000QoloREAR","a0Ebn000001gXrFEAU","a0Cbn00000tDhF2EAK",""
"a0Cbn00000tD03TEAS","","CFG-CKJ00014860","a0Dbn00000QoloREAR","a0Ebn000001gXrEEAU","a0Cbn00000tDhF3EAK",""
"a0Cbn00000tD03YEAS","","CFG-CKJ00014865","a0Dbn00000QoloPEAR","a0Ebn000001gXrFEAU","a0Cbn00000tDhF4EAK",""
"a0Cbn00000tD03VEAS","","CFG-CKJ00014861","a0Dbn00000QoloPEAR","a0Ebn000001gXrIEAU","a0Cbn00000tDhF5EAK",""
"a0Cbn00000tD03UEAS","","CFG-CKJ00014862","a0Dbn00000QoloPEAR","a0Ebn000001gXrGEAU","a0Cbn00000tDhF6EAK",""
"a0Cbn00000tD03WEAS","","CFG-CKJ00014863","a0Dbn00000QoloPEAR","a0Ebn000001gXrHEAU","a0Cbn00000tDhF7EAK",""
"a0Cbn00000tD03XEAS","","CFG-CKJ00014864","a0Dbn00000QoloPEAR","a0Ebn000001gXr6EAE","a0Cbn00000tDhF8EAK",""
"a0Cbn00000tD03ZEAS","","CFG-CKJ00014866","a0Dbn00000QoloPEAR","a0Ebn000001gXrEEAU","a0Cbn00000tDhF9EAK",""
"a0Cbn00000tD03aEAC","","CFG-CKJ00014867","a0Dbn00000QoloXEAR","a0Ebn000001gXrPEAU","a0Cbn00000tDhFAEA0",""
"a0Cbn00000tD03bEAC","","CFG-CKJ00014868","a0Dbn00000QoloXEAR","a0Ebn000001gXrMEAU","a0Cbn00000tDhFBEA0",""
"a0Cbn00000tD03cEAC","","CFG-CKJ00014869","a0Dbn00000QoloSEAR","a0Ebn000001gXr7EAE","a0Cbn00000tDhFCEA0",""
"a0Cbn00000tD03dEAC","","CFG-CKJ00014870","a0Dbn00000QoloTEAR","a0Ebn000001gXr5EAE","a0Cbn00000tDhFDEA0",""
"a0Cbn00000tD03eEAC","","CFG-CKJ00014871","a0Dbn00000QoloVEAR","a0Ebn000001gXr8EAE","a0Cbn00000tDhFEEA0",""
"a0Cbn00000tD03fEAC","","CFG-CKJ00014872","a0Dbn00000QoloVEAR","a0Ebn000001gXrDEAU","a0Cbn00000tDhFFEA0",""
"a0Cbn00000tD03gEAC","","CFG-CKJ00014873","a0Dbn00000QoloWEAR","a0Ebn000001gXr9EAE","a0Cbn00000tDhFGEA0",""
"a0Cbn00000tD03hEAC","","CFG-CKJ00014874","a0Dbn00000QoloYEAR","a0Ebn000001gXr6EAE","a0Cbn00000tDhFHEA0",""
"a0Cbn00000tD03iEAC","","CFG-CKJ00014875","a0Dbn00000QoloUEAR","a0Ebn000001gXrCEAU","a0Cbn00000tDhFIEA0",""
"a0Cbn00000tD03jEAC","","CFG-CKJ00014876","a0Dbn00000QoloXEAR","a0Ebn000001gXrJEAU","a0Cbn00000tDhFJEA0",""
"a0Cbn00000tD03kEAC","","CFG-CKJ00014877","a0Dbn00000QoloXEAR","a0Ebn000001gXrKEAU","a0Cbn00000tDhFKEA0",""
"a0Cbn00000tD03lEAC","","CFG-CKJ00014878","a0Dbn00000QoloXEAR","a0Ebn000001gXrREAU","a0Cbn00000tDhFLEA0",""
"a0Cbn00000tD03mEAC","","CFG-CKJ00014879","a0Dbn00000QoloXEAR","a0Ebn000001gXrXEAU","a0Cbn00000tDhFMEA0",""
"a0Cbn00000tD03nEAC","","CFG-CKJ00014880","a0Dbn00000QoloXEAR","a0Ebn000001gXrLEAU","a0Cbn00000tDhFNEA0",""
"a0Cbn00000tD03pEAC","","CFG-CKJ00014881","a0Dbn00000QoloXEAR","a0Ebn000001gXrNEAU","a0Cbn00000tDhFOEA0",""
"a0Cbn00000tD03oEAC","","CFG-CKJ00014882","a0Dbn00000QoloXEAR","a0Ebn000001gXrBEAU","a0Cbn00000tDhFPEA0",""
"a0Cbn00000tD03qEAC","","CFG-CKJ00014883","a0Dbn00000QoloXEAR","a0Ebn000001gXrOEAU","a0Cbn00000tDhFQEA0",""
"a0Cbn00000tD03rEAC","","CFG-CKJ00014884","a0Dbn00000QoloXEAR","a0Ebn000001gXrQEAU","a0Cbn00000tDhFREA0",""
"a0Cbn00000tD03sEAC","","CFG-CKJ00014885","a0Dbn00000QoloXEAR","a0Ebn000001gXrSEAU","a0Cbn00000tDhFSEA0",""
"a0Cbn00000tD03tEAC","","CFG-CKJ00014886","a0Dbn00000QoloXEAR","a0Ebn000001gXrAEAU","a0Cbn00000tDhFTEA0",""
"a0Cbn00000tD03uEAC","","CFG-CKJ00014887","a0Dbn00000QoloXEAR","a0Ebn000001gXrTEAU","a0Cbn00000tDhFUEA0",""
"a0Cbn00000tD03vEAC","","CFG-CKJ00014888","a0Dbn00000QoloXEAR","a0Ebn000001gXrUEAU","a0Cbn00000tDhFVEA0",""
"a0Cbn00000tD03wEAC","","CFG-CKJ00014889","a0Dbn00000QoloXEAR","a0Ebn000001gXrVEAU","a0Cbn00000tDhFWEA0",""
"a0Cbn00000tD03xEAC","","CFG-CKJ00014890","a0Dbn00000QoloXEAR","a0Ebn000001gXrWEAU","a0Cbn00000tDhFXEA0",""
"a0Cbn00000tD03yEAC","","CFG-CKJ00014891","a0Dbn00000QoloXEAR","a0Ebn000001gXrYEAU","a0Cbn00000tDhFYEA0",""
"a0Cbn00000tD03zEAC","","CFG-CKJ00014892","a0Dbn00000QoloXEAR","a0Ebn000001gXrZEAU","a0Cbn00000tDhFZEA0",""
"a0Cbn00000tD040EAC","","CFG-CKJ00014893","a0Dbn00000QoloYEAR","a0Ebn000001gXrIEAU","a0Cbn00000tDhFaEAK",""
"a0Cbn00000tD041EAC","","CFG-CKJ00014894","a0Dbn00000QoloYEAR","a0Ebn000001gXrEEAU","a0Cbn00000tDhFbEAK",""
"a0Cbn00000tD042EAC","","CFG-CKJ00014895","a0Dbn00000QoloYEAR","a0Ebn000001gXrGEAU","a0Cbn00000tDhFcEAK",""
"a0Cbn00000tD043EAC","","CFG-CKJ00014896","a0Dbn00000QoloYEAR","a0Ebn000001gXrHEAU","a0Cbn00000tDhFdEAK",""
"a0Cbn00000tD044EAC","","CFG-CKJ00014897","a0Dbn00000QoloYEAR","a0Ebn000001gXrFEAU","a0Cbn00000tDhFeEAK",""
"a0Cbn00000tD045EAC","","CFG-CKJ00014898","a0Dbn00000QoloXEAR","a0Ebn000001gXrFEAU","a0Cbn00000tDhFfEAK",""
"a0Cbn00000tD046EAC","","CFG-CKJ00014899","a0Dbn00000QoloXEAR","a0Ebn000001gXraEAE","a0Cbn00000tDhFgEAK",""
"a0Cbn00000tD047EAC","","CFG-CKJ00014900","a0Dbn00000QoloYEAR","a0Ebn000001gXrfEAE","a0Cbn00000tDhFhEAK",""
"a0Cbn00000tD048EAC","","CFG-CKJ00014901","a0Dbn00000QoloYEAR","a0Ebn000001gXreEAE","a0Cbn00000tDhFiEAK",""
"a0Cbn00000tDhDxEAK","","CFG-CKJ00014902","a0Dbn00000QoloYEAR","a0Ebn000001gXr8EAE","a0Cbn00000tDhFjEAK",""
