"Id","IsDeleted","Name","OwnerId","nFORCE__Disable_Print__c","nFORCE__Disable_Read_Only_View__c","nFORCE__Show_Link_To_Context_Object__c","nFORCE__lookupKey__c","nPortal__Add_Multi_Record_Display_Icon__c","nPortal__Maximum_Number_of_Records__c","nPortal__Minimum_Number_of_Records__c","nPortal__OA_Review_Multiple_Record_Entry_Label__c","AutorabitExtId__c"
"a0sWD00000d3VnBYAU","false","Test-YM2","005al00000RVvFOAA1","","","","","","","","",""
"a2Gbn000000isG1EAI","","ReviewSubmitLoan","005bn000003pcUiAAI","false","false","false","000008C4_2C2C_4944_8EBC_E365C3EC842C","","","","",""
"a2Gbn000000isG2EAI","","ReviewSubmitDeposit","005bn000003pcUiAAI","false","false","false","000029C4_2C2C_4944_8EBC_E365C3EC842C","","","","",""
"a2Gbn000000hcgHEAQ","","CRA Screen","005bn000003k2JdAAI","false","false","true","01051619447514585","","","","",""
"a2Gbn000000hcdDEAQ","","Borrowing Structure Information","005bn000003k2JdAAI","false","false","true","02551560278745076","","","","",""
"a2Gbn000000hcdNEAQ","","Underwriting Details","005bn000003kBWnAAM","false","false","true","03471560278867077","","","","",""
"a2Gbn000000hcgcEAA","","Change Memo","005bn000003k2JdAAI","false","false","true","04391620937671559","","","","",""
"a2Gbn000000hcddEAA","","Product Summary","005bn000003k2JdAAI","false","false","true","05641567002571747","","","","",""
"a2Gbn000000kG3SEAU","","Underwriting Details1","005bn000003k2JdAAI","false","false","true","06031640791247589","","","","",""
"a2Gbn000000kG3YEAU","","Loan Team","005bn000003k2JdAAI","false","false","true","06901640791247591","","","","",""
"a2Gbn000000hcfsEAA","","Editable Fields","005bn000003k2JdAAI","false","false","true","07281585604340854","","","","",""
"a2Gbn000000mZAOEA2","","Underwriting Details1","005bn000003k2JdAAI","false","false","true","07911600720267875","","","","",""
"a2Gbn000000hcevEAA","","Risk Ratings","005bn000003k2JdAAI","false","false","true","08891585604340856","","","","",""
"a2Gbn000000hcfPEAQ","","Product Summary","005bn000003k2JdAAI","false","false","true","09911567002550278","","","","",""
"a2Gbn000000hcfpEAA","","Narrative Booked","005bn000003k2JdAAI","false","false","true","10941585604340854","","","","",""
"a2Gbn000000kG3mEAE","","Adverse Actions/Counter Offers","005bn000003k2JdAAI","false","false","true","11031663700624864","","","","",""
"a2Gbn000000kG3NEAU","","Adverse Actions","005bn000003k2JdAAI","false","false","true","11381640791247587","","","","",""
"a2Gbn000000hcg2EAA","","Pricing Required Fields","005bn000003k2JdAAI","false","false","true","11671619447514581","","","","",""
"a2Gbn000000hcgREAQ","","Draw History Screen","005bn000003k2JdAAI","false","false","true","12061619447514587","","","","",""
"a2Gbn000000hcgJEAQ","","HMDA Screen 1","005bn000003k2JdAAI","false","false","true","12431619447514585","","","","",""
"a2Gbn000000mZATEA2","","Secured RL Eligibility","005bn000003k2JdAAI","false","false","true","12661602078251380","","","","",""
"a2Gbn000000hcgvEAA","","Budget Details","005bn000003k2JdAAI","false","false","true","14841620937671564","","","","",""
"a2Gbn000000hcfvEAA","","Memos Booked","005bn000003k2JdAAI","false","false","true","15561585604340854","","","","",""
"a2Gbn000000hceZEAQ","","Memos","005bn000003k2JdAAI","false","false","true","16221585604340856","","","","",""
"a2Gbn000000kG3oEAE","","SBL Personal","005bn000003k2JdAAI","false","false","true","17701666029074779","","","","",""
"a2Gbn000000hcgtEAA","","Loan Details","005bn000003k2JdAAI","false","false","true","17781620937671564","","","","",""
"a2Gbn000000hcfQEAQ","","Balance Details","005bn000003k2JdAAI","false","false","true","18751585604340855","","","","",""
"a2Gbn000000hcfZEAQ","","Deposit Products","005bn000003k2JdAAI","false","false","true","18931562008881233","","","","",""
"a2Gbn000000hceTEAQ","","Adverse Actions","005bn000003k2JdAAI","false","false","true","19891585604340855","","","","",""
"a2Gbn000000hcfTEAQ","","Loan Dashboard Summary Screen","005bn000003k2JdAAI","false","false","true","19961585604340855","","","","",""
"a2Gbn000000hcdQEAQ","","Total Exposure Screen","005bn000003k2JdAAI","false","false","true","20091562008947218","","","","",""
"a2Gbn000000kG3uEAE","","Add Beneficial Owner OA","005bn000003k2JdAAI","false","false","true","20221666029074782","","","","",""
"a2Gbn000000hcghEAA","","Third Party Reports","005bn000003k2JdAAI","false","false","true","21441620937671561","","","","",""
"a2Gbn000000mZAqEAM","","DEP Personal Info (business - sole prop)","005bn000003k2JdAAI","false","false","true","21741640206777791","","","","",""
"a2Gbn000000mZArEAM","","Consumer Loan - Personal Info (Primary Applicant)","005bn000003k2JdAAI","false","false","true","22801641348179681","","","","",""
"a2Gbn000000hceAEAQ","","Key Dates","005bn000003k2JdAAI","false","false","true","23001585604340855","","","","",""
"a2Gbn000000kG3XEAU","","Approval Details","005bn000003k2JdAAI","false","false","true","23611640791247590","","","","",""
"a2Gbn000000mZAZEA2","","Underwriting Details1","005bn000003k2JdAAI","false","false","true","23681602764631366","","","","",""
"a2Gbn000000kG3QEAU","","Enhanced Fees Management","005bn000003k2JdAAI","false","false","true","23851640791247588","","","","",""
"a2Gbn000000hcgVEAQ","","Rate & Payment Structure","005bn000003k2JdAAI","false","false","true","24751619447514588","","","","",""
"a2Gbn000000hcgaEAA","","Risk Rating","005bn000003k2JdAAI","false","false","true","25211620937671559","","","","",""
"a2Gbn000000hcfrEAA","","Balance Details Booked","005bn000003k2JdAAI","false","false","true","25741585604340854","","","","",""
"a2Gbn000000hcg5EAA","","Enhanced Fees Management","005bn000003k2JdAAI","false","false","true","25961619447514580","","","","",""
"a2Gbn000000kG3wEAE","","Other Expenses","005bn000003k2JdAAI","false","false","true","26701666029074783","","","","",""
"a2Gbn000000hcgLEAQ","","Borrowing Structure Information","005bn000003k2JdAAI","false","false","true","27381619447514580","","","","",""
"a2Gbn000000hcgGEAQ","","Collateral2","005bn000003k2JdAAI","false","false","true","27781619447514580","","","","",""
"a2Gbn000000hch4EAA","","Loan Details","005bn000003k2JdAAI","false","false","true","28631620937671566","","","","",""
"a2Gbn000000hcgeEAA","","Enhanced Fees Management","005bn000003k2JdAAI","false","false","true","28731620937671557","","","","",""
"a2Gbn000000hceYEAQ","","Loan Team Member Information","005bn000003k2JdAAI","false","false","true","28761585604340855","","","","",""
"a2Gbn000000kG3eEAE","","Enhanced Fees Management","005bn000003k2JdAAI","false","false","true","29231663700624862","","","","",""
"a2Gbn000000hcgiEAA","","Approved Details","005bn000003k2JdAAI","false","false","true","29281620937671561","","","","",""
"a2Gbn000000hcgzEAA","","Manage Budget Screen","005bn000003k2JdAAI","false","false","true","29611620937671565","","","","",""
"a2Gbn000000hcbXEAQ","","Editable Fields","005bn000003k2JdAAI","false","false","true","30481620937671566","","","","",""
"a2Gbn000000kG3gEAE","","Underwriting Details1","005bn000003k2JdAAI","false","false","true","31001663700624862","","","","",""
"a2Gbn000000hcgnEAA","","Balance Details","005bn000003k2JdAAI","false","false","true","31161620937671562","","","","",""
"a2Gbn000000hcgpEAA","","Collateral2","005bn000003k2JdAAI","false","false","true","31331620937671558","","","","",""
"a2Gbn000000hcgkEAA","","Pricing Approved","005bn000003k2JdAAI","false","false","true","31801620937671562","","","","",""
"a2Gbn000000hcdMEAQ","","Collateral2","005bn000003k2JdAAI","false","false","true","32281560278867079","","","","",""
"a2Gbn000000mZANEA2","","Third Party Management","005bn000003k2JdAAI","false","false","true","32571600720267875","","","","",""
"a2Gbn000000mZAHEA2","","ReviewSubmitDeposit","005bn000003k2JdAAI","false","false","false","32784779_5423_4348_B702_0A3978035931","","","","",""
"a2Gbn000000hcgqEAA","","CRA Screen","005bn000003k2JdAAI","false","false","true","33681620937671563","","","","",""
"a2Gbn000000hcg0EAA","","Certifications","005bn000003k2JdAAI","false","false","true","33961619447514579","","","","",""
"a2Gbn000000hceIEAQ","","Approved Details","005bn000003k2JdAAI","false","false","true","34361585604340855","","","","",""
"a2Gbn000000kG4zEAE","","SBL OA Real Estate Screen","005bn000003k2JdAAI","false","false","true","3456789643451","","","","",""
"a2Gbn000000kG3ZEAU","","Adverse Actions/Counter Offers","005bn000003k2JdAAI","false","false","true","35151640791247591","","","","",""
"a2Gbn000000hcg7EAA","","Fees Approved","005bn000003k2JdAAI","false","false","true","36611619447514582","","","","",""
"a2Gbn000000mZA0EAM","","Deposit Details","005bn000003k2JdAAI","false","true","true","36861701790670787","","","","",""
"a2Gbn000000mZAdEAM","","Approval Details","005bn000003k2JdAAI","false","false","true","37541602764631367","","","","",""
"a2Gbn000000kG3UEAU","","Credit Authorization/Joint Intent","005bn000003k2JdAAI","false","false","true","37941640791247589","","","","",""
"a2Gbn000000hcgBEAQ","","Pricing Approved","005bn000003k2JdAAI","false","false","true","38031619447514583","","","","",""
"a2Gbn000000hcflEAA","","Supplementary Details","005bn000003k2JdAAI","false","false","true","38211585604340854","","","","",""
"a2Gbn000000kG3lEAE","","Loan Team","005bn000003k2JdAAI","false","false","true","39231663700624864","","","","",""
"a2Gbn000000kG3PEAU","","Collateral Summary","005bn000003k2JdAAI","false","false","true","39781640791247588","","","","",""
"a2Gbn000000hce6EAA","","Collateral Value","005bn000003k2JdAAI","false","false","true","40481585604340855","","","","",""
"a2Gbn000000hcgDEAQ","","Loan Team Member Information","005bn000003k2JdAAI","false","false","true","40541619447514584","","","","",""
"a2Gbn000000hcgwEAA","","Entity Compliance Screen","005bn000003k2JdAAI","false","false","true","40861620937671564","","","","",""
"a2Gbn000000kG3sEAE","","Rental Expense- Other involved","005bn000003k2JdAAI","false","false","true","41021666029074781","","1.0","0.0","",""
"a2Gbn000000hcgoEAA","","Booked Information","005bn000003k2JdAAI","false","false","true","41591620937671563","","","","",""
"a2Gbn000000hchgEAA","","Credit Actions New Package Details","005bn000003kBWfAAM","false","false","true","42002221478896859","","","","",""
"a2Gbn000000mWf8EAE","","DAO In-Branch - Ancillary Services Information","005bn000003k2JdAAI","false","false","true","42003474925522009","","","","",""
"a2Gbn000000hcbtEAA","","Product Package Credit Memo","005bn000003k2JdAAI","false","false","true","42008465323753156","","","","",""
"a2Gbn000000kG3xEAE","","Application Details - Locked","005bn000003k2JdAAI","false","false","true","42011209839901498","","","","",""
"a2Gbn000000hccBEAQ","","Collateral-Possessory-Note/Instrument","005bn000003k2JdAAI","false","false","true","42012862423685131","","","","",""
"a2Gbn000000hccMEAQ","","Available Screen Sections","005bn000003k2JdAAI","false","false","true","42026428621205577","","","","",""
"a2Gbn000000hchqEAA","","Pricing Options","005bn000003k2JdAAI","false","false","true","42027537690378711","","","","",""
"a2Gbn000000hcfzEAA","","Loan Details","005bn000003k2JdAAI","false","false","true","42057670424928900","","","","",""
"a2Gbn000000hceQEAQ","","Pricing Approved","005bn000003k2JdAAI","false","false","true","42057912696598906","","","","",""
"a2Gbn000000kG3aEAE","","Borrowing Structure Information","005bn000003k2JdAAI","false","false","true","42061673046837442","","","","",""
"a2Gbn000000hcbeEAA","","Master Product Package Credit Memo","005bn000003k2JdAAI","true","false","true","42062514183153675","","","","",""
"a2Gbn000000hce0EAA","","Details - EO","005bn000003k2JdAAI","false","false","true","42083286394967946","","","","",""
"a2Gbn000000hciSEAQ","","Credit Memo - Short Form","005bn000003k2JdAAI","false","false","true","42083830623946866","","","","",""
"a2Gbn000000hch8EAA","","Add Sub-Loan","005bn000003k2JdAAI","false","false","true","42094753270807603","","","","",""
"a2Gbn000000hciWEAQ","","Credit Memo - SBA","005bn000003k2JdAAI","false","false","true","42096050480516479","","","","",""
"a2Gbn000000hciVEAQ","","Credit Memo - SBA","005bn000003k2JdAAI","false","false","true","42096305870691543","","","","",""
"a2Gbn000000mZACEA2","","Details - EO - Summary Screen","005bn000003k2JdAAI","false","false","true","42099472146166096","","","","",""
"a2Gbn000000hcdxEAA","","Team Members","005bn000003k2JdAAI","false","false","true","42099974757861510","","","","",""
"a2Gbn000000hcdyEAA","","Details","005bn000003k2JdAAI","false","false","true","42101974202872765","","","","",""
"a2Gbn000000hcdWEAQ","","Secured SBL Personal (Individual Other Involved)","005bn000003k2JdAAI","false","false","true","42113928704115288","","","","",""
"a2Gbn000000hcbbEAA","","Standard Loan Credit Memo","005bn000003k2JdAAI","true","false","true","42121422784906499","","","","",""
"a2Gbn000000hcd0EAA","","Proforma Options","005bn000003k2JdAAI","false","false","true","42127455761752627","","","","",""
"a2Gbn000000hcbzEAA","","Standard Loan Credit Memo","005bn000003k2JdAAI","true","false","true","42131524291977109","","","","",""
"a2Gbn000000mZAlEAM","","Add Others Involved MRF","005bn000003k2JdAAI","false","false","true","42136054162613079","","","1.0","",""
"a2Gbn000000hcdmEAA","","Assign Approvers","005bn000003k2JdAAI","false","false","true","42136886661722680","","","","",""
"a2Gbn000000hcbcEAA","","Standard Loan Credit Memo","005bn000003k2JdAAI","true","false","true","42140568475863973","","","","",""
"a2Gbn000000hcbrEAA","","Standard Loan Credit Memo","005bn000003k2JdAAI","true","false","true","42143688452125768","","","","",""
"a2Gbn000000hcbvEAA","","Product Package Credit Memo","005bn000003k2JdAAI","false","false","true","42145159210960408","","","","",""
"a2Gbn000000hchJEAQ","","Add Sub-Loan","005bn000003k2JdAAI","false","false","true","42146906883856447","","","","",""
"a2Gbn000000hcbxEAA","","Standard Product Package Credit Memo","005bn000003k2JdAAI","true","false","true","42149563977299052","","","","",""
"a2Gbn000000hccxEAA","","Loan Compliance Screen","005bn000003k2JdAAI","false","false","true","42154138192718696","","","","",""
"a2Gbn000000kG3zEAE","","Borrowing Structure","005bn000003k2JdAAI","false","false","true","42156465383128569","","","","",""
"a2Gbn000000hcceEAA","","Total Exposure","005bn000003k2JdAAI","false","false","true","42159428573333161","","","","",""
"a2Gbn000000hchsEAA","","Loan Dashboard Summary Screen","005bn000003k2JdAAI","false","false","true","42163231605795238","","","","",""
"a2Gbn000000hcbyEAA","","Standard Product Package Credit Memo","005bn000003k2JdAAI","true","false","true","42171814193357772","","","","",""
"a2Gbn000000hciXEAQ","","Credit Memo - Long Form","005bn000003k2JdAAI","false","false","true","42172726276338115","","","","",""
"a2Gbn000000hcfhEAA","","Package Details","005bn000003k2JdAAI","false","false","true","42177182337892182","","","","",""
"a2Gbn000000hcfiEAA","","Deposits","005bn000003k2JdAAI","false","false","true","42177182337892183","","","","",""
"a2Gbn000000mZA3EAM","","Beneficiary","005bn000003k2JdAAI","false","false","true","42181701790670788","","","","",""
"a2Gbn000000mZAyEAM","","TRID Enhanced Fees Management TRID","005bn000003k2JdAAI","false","false","true","42188449212898920","","","","",""
"a2Gbn000000hcfnEAA","","Draw Overview Screen","005bn000003k2JdAAI","false","false","true","42189632957882651","","","","",""
"a2Gbn000000hccHEAQ","","Collateral-Titled-Vessel","005bn000003k2JdAAI","false","false","true","42193338758163888","","","","",""
"a2Gbn000000mZAwEAM","","Income/Debt/Asset","005bn000003k2JdAAI","false","false","true","42201075476732480","","","","",""
"a2Gbn000000hcdAEAQ","","Underwriting Details","005bn000003kBWnAAM","false","false","true","42204392997691879","","","","",""
"a2Gbn000000hce1EAA","","Details","005bn000003k2JdAAI","false","false","true","42206232254498796","","","","",""
"a2Gbn000000mZAgEAM","","Retail - Editable Details","005bn000003k2JdAAI","false","false","true","42220999464658455","","","","",""
"a2Gbn000000hcclEAA","","Booked Details","005bn000003k2JdAAI","false","false","true","42226870141912786","","","","",""
"a2Gbn000000hcc8EAA","","Collateral-Titled","005bn000003k2JdAAI","false","false","true","42229309426024690","","","","",""
"a2Gbn000000mZAUEA2","","Online Income Information","005bn000003k2JdAAI","false","false","true","42234563213912901","","4.0","1.0","",""
"a2Gbn000000hchXEAQ","","Entity Involvement New Relationship","005bn000003kBWfAAM","false","false","true","42237304151615067","","","","",""
"a2Gbn000000hccwEAA","","Manage Bill Points","005bn000003k2JdAAI","false","false","true","42238686668345765","","","","",""
"a2Gbn000000kG41EAE","","Booked Information","005bn000003k2JdAAI","false","false","true","42241393496974062","","","","",""
"a2Gbn000000hchyEAA","","Booked Details","005bn000003k2JdAAI","false","false","true","42244432723848796","","","","",""
"a2Gbn000000mZAjEAM","","Add Owners MRF","005bn000003k2JdAAI","false","false","true","42247669763471219","","","1.0","",""
"a2Gbn000000hccIEAQ","","Deposit Income","005bn000003k2JdAAI","false","false","true","422521266855637441","","","","",""
"a2Gbn000000hccPEAQ","","Treasury Income","005bn000003k2JdAAI","false","false","true","422521266855637442","","","","",""
"a2Gbn000000hccQEAQ","","Additional Income","005bn000003k2JdAAI","false","false","true","422521266855637443","","","","",""
"a2Gbn000000hccREAQ","","Comments","005bn000003k2JdAAI","false","false","true","422521266855637444","","","","",""
"a2Gbn000000mZAxEAM","","Entity Compliance Screen","005bn000003k2JdAAI","false","false","true","42252450705829812","","","","",""
"a2Gbn000000hccDEAQ","","Collateral-Possessory-Letter of Credit","005bn000003k2JdAAI","false","false","true","42254692718045368","","","","",""
"a2Gbn000000hcccEAA","","Syndications Summary","005bn000003k2JdAAI","false","false","true","42254700713997327","","","","",""
"a2Gbn000000hccbEAA","","Participation","005bn000003k2JdAAI","false","false","true","42255938324133066","","","","",""
"a2Gbn000000hcfcEAA","","UI Configuration Builder","005bn000003kBWeAAM","false","false","true","42257423463997756","","","","",""
"a2Gbn000000hcdiEAA","","Opportunities","005bn000003k2JdAAI","false","false","true","42261575075847433","","","","",""
"a2Gbn000000hcdrEAA","","Loan Products","005bn000003k2JdAAI","false","false","true","42264506634750293","","","","",""
"a2Gbn000000hcczEAA","","pp-tn-review-detail","005bn000003k2JdAAI","false","false","true","42265516270396018","","","","",""
"a2Gbn000000hchUEAQ","","Default_Collateral_Search","005bn000003k2JdAAI","false","false","true","42270935084784006","","","","",""
"a2Gbn000000hchtEAA","","Collateral","005bn000003k2JdAAI","false","false","true","42271563503363812","","","","",""
"a0sWE000002eJnZYAU","false","Test-YM1","005al00000RVvFOAA1","false","false","true","42272630206528664","","","","",""
"a2Gbn000000hcgbEAA","","Policy Exceptions","005bn000003k2JdAAI","false","false","true","42274618989959014","","","","",""
"a2Gbn000000hccaEAA","","Total Exposure Screen","005bn000003k2JdAAI","false","false","true","42278923698642823","","","","",""
"a2Gbn000000hcdEEAQ","","Underwriting Details","005bn000003kBWnAAM","false","false","true","42281206255813701","","","","",""
"a2Gbn000000hcbWEAQ","","System Properties","005bn000003kBWeAAM","false","false","true","42283576814580241","","","","",""
"a2Gbn000000mZWZEA2","","Add Others Involved MRF","005bn000003k2JdAAI","false","false","true","42285132769664950","","","","",""
"a2Gbn000000hcbfEAA","","Standard Loan Credit Memo","005bn000003k2JdAAI","true","false","true","42286465180298091","","","","",""
"a2Gbn000000hcd9EAA","","Application Details","005bn000003kBWnAAM","false","false","true","42286887929986442","","","","",""
"a2Gbn000000hcfkEAA","","Credit Actions New Package Details","005bn000003k2JdAAI","false","false","true","42288156731909944","","","","",""
"a2Gbn000000hccvEAA","","Team Members","005bn000003k2JdAAI","false","false","true","42296036791553577","","","","",""
"a2Gbn000000hcfxEAA","","Default Loan Facility Creation Fields","005bn000003k2JdAAI","false","false","true","42300179894722648","","","","",""
"a2Gbn000000hcffEAA","","Loan Compliance Screen","005bn000003k2JdAAI","false","false","true","42300854924496650","","","","",""
"a2Gbn000000hcchEAA","","Rate Structure","005bn000003k2JdAAI","false","false","true","42306104470834702","","","","",""
"a2Gbn000000hcheEAA","","Entity Involvement New Relationship","005bn000003kBWfAAM","false","false","true","42306138289641147","","","","",""
"a2Gbn000000hcdHEAQ","","Underwriting Details","005bn000003kBWnAAM","false","false","true","42306617109093353","","","","",""
"a2Gbn000000hccOEAQ","","nCino UI Configuration Builder","005bn000003kBWeAAM","false","false","true","42311862257375707","","","","",""
"a2Gbn000000hchFEAQ","","Bulk Edit Booked","005bn000003k2JdAAI","false","false","true","42321181600095060","","","","",""
"a2Gbn000000mZApEAM","","Add Beneficial Owner OA","005bn000003k2JdAAI","false","false","true","42324327563395765","","","1.0","",""
"a2Gbn000000hccmEAA","","Borrowing Structure Information","005bn000003k2JdAAI","false","false","true","42342881603800273","","","","",""
"a2Gbn000000hccpEAA","","Entity Compliance Screen","005bn000003k2JdAAI","false","false","true","42346461972245017","","","","",""
"a2Gbn000000hccSEAQ","","All Loan Facilities","005bn000003k2JdAAI","false","false","true","42356559980837588","","","","",""
"a2Gbn000000hchHEAQ","","Row Edit Booked","005bn000003k2JdAAI","false","false","true","42356782490989440","","","","",""
"a2Gbn000000hccrEAA","","Entity Compliance Screen","005bn000003k2JdAAI","false","false","true","42359232390869881","","","","",""
"a2Gbn000000hchVEAQ","","Collateral Creation Screen","005bn000003k2JdAAI","false","false","true","42363993400862416","","","","",""
"a2Gbn000000hccqEAA","","Loan Compliance Screen","005bn000003k2JdAAI","false","false","true","42366262690465820","","","","",""
"a2Gbn000000mZA6EAM","","Roth Contributions","005bn000003k2JdAAI","false","false","true","42370082958059837","","","","",""
"a2Gbn000000mZAAEA2","","Credit Authorization/Marital Status","005bn000003k2JdAAI","false","false","true","42371261383184965","","","","",""
"a2Gbn000000hcbYEAQ","","Standard Review Credit Memo (Account)","005bn000003k2JdAAI","true","false","true","42379279229932235","","","","",""
"a2Gbn000000hchEEAQ","","Booked Facilities","005bn000003k2JdAAI","false","false","true","42380056249585665","","","","",""
"a2Gbn000000kG51EAE","","SBL OA Possessory Screen","005bn000003k2JdAAI","false","false","true","423819221918922441","","","","",""
"a2Gbn000000hccGEAQ","","Collateral-Other-Government Contracts","005bn000003k2JdAAI","false","false","true","42385715917275967","","","","",""
"a2Gbn000000kG3bEAE","","Entity Compliance Screen","005bn000003k2JdAAI","false","false","true","42391663700624859","","","","",""
"a2Gbn000000hcd5EAA","","Application Details","005bn000003kBWnAAM","false","false","true","42393241259581911","","","","",""
"a2Gbn000000hcdZEAQ","","SBL Personal (Individual Other Involved)","005bn000003k2JdAAI","false","false","true","42395526772715632","","","","",""
"a2Gbn000000hccEEAQ","","Collateral-Possessory-Life Insurance","005bn000003k2JdAAI","false","false","true","42401059851966033","","","","",""
"a2Gbn000000hccjEAA","","Referral","005bn000003k2JdAAI","false","false","true","42410404119994869","","","","",""
"a2Gbn000000hcdBEAQ","","Third Party Management","005bn000003k2JdAAI","false","false","true","42411851997942573","","","","",""
"a2Gbn000000hcbpEAA","","Standard Product Package Credit Memo","005bn000003k2JdAAI","true","false","true","42413872987117928","","","","",""
"a2Gbn000000hcdTEAQ","","Secured SBL Eligibility","005bn000003k2JdAAI","false","false","true","42415980332756543","","","","",""
"a2Gbn000000hcdFEAQ","","Application Details","005bn000003kBWnAAM","false","false","true","42416387574958178","","","","",""
"a2Gbn000000hcfoEAA","","Draw History Screen","005bn000003k2JdAAI","false","false","true","42419863457011593","","","","",""
"a2Gbn000000hcctEAA","","Change Memo","005bn000003k2JdAAI","false","false","true","42432836327202375","","","","",""
"a2Gbn000000mZAmEAM","","Add Others Involved MRF","005bn000003k2JdAAI","false","false","true","42436459684933691","","","1.0","",""
"a2Gbn000000hcc5EAA","","Collateral-Titled-Ship","005bn000003k2JdAAI","false","false","true","42437151313046644","","","","",""
"a2Gbn000000hcfaEAA","","Budget Details","005bn000003k2JdAAI","false","false","true","42438936865131651","","","","",""
"a2Gbn000000hcc9EAA","","Collateral-Possessory-Savings/CDs","005bn000003k2JdAAI","false","false","true","42440767386795598","","","","",""
"a2Gbn000000hchBEAQ","","Copy Loan","005bn000003k2JdAAI","false","false","true","42443303677598944","","","","",""
"a2Gbn000000mZWXEA2","","Add Others Involved MRF","005bn000003k2JdAAI","false","false","true","42443957461984030","","","","",""
"a2Gbn000000hcdtEAA","","Payment Structure","005bn000003k2JdAAI","false","false","true","42448651673900408","","","","",""
"a2Gbn000000hccTEAQ","","Row Edit All Loan Facilities","005bn000003k2JdAAI","false","false","true","42453423598343751","","","","",""
"a2Gbn000000hcfgEAA","","Memo Details","005bn000003k2JdAAI","false","false","true","42453478693303001","","","","",""
"a2Gbn000000kG44EAE","","Rate & Payment Structure","005bn000003k2JdAAI","false","false","true","42454304015867314","","","","",""
"a2Gbn000000hccyEAA","","Product Package Collateral2","005bn000003k2JdAAI","false","false","true","42456617561636458","","","","",""
"a2Gbn000000mWvFEAU","","Funding Methods","005bn000003k2JdAAI","false","false","true","42458384193774495","","","","",""
"a2Gbn000000hcc2EAA","","Collateral-Titled-Mobile Home","005bn000003k2JdAAI","false","false","true","42461395767237886","","","","",""
"a2Gbn000000hcePEAQ","","Deposit Products","005bn000003k2JdAAI","false","false","true","42464191242067167","","","","",""
"a2Gbn000000hccfEAA","","Loan Details","005bn000003k2JdAAI","false","false","true","42477760115293706","","","","",""
"a2Gbn000000hcfdEAA","","Entity Compliance Screen","005bn000003k2JdAAI","false","false","true","42484621918140548","","","","",""
"a2Gbn000000mXONEA2","","Other Purpose - Dummy Screen","005bn000003k2JdAAI","false","false","true","42490357638977375","","","","",""
"a2Gbn000000kG43EAE","","Income/Debt/Asset","005bn000003k2JdAAI","false","false","true","42495888365913731","","","","",""
"a2Gbn000000hchcEAA","","Entity Involvement New Relationship","005bn000003k2JdAAI","false","false","true","42498411924731353","","","","",""
"a2Gbn000000hcckEAA","","Balance Details","005bn000003k2JdAAI","false","false","true","42506447999100246","","","","",""
"a2Gbn000000hceREAQ","","CRA Screen","005bn000003k2JdAAI","false","false","true","42508794583138413","","","","",""
"a2Gbn000000hcdUEAQ","","Secured SBL Business Info","005bn000003k2JdAAI","false","false","true","42509691136301749","","","","",""
"a2Gbn000000hcbmEAA","","Standard Product Package Commercial Credit Memo","005bn000003k2JdAAI","true","false","true","42512714037884785","","","","",""
"a2Gbn000000hcbdEAA","","Master Product Package Credit Memo","005bn000003k2JdAAI","true","false","true","42513758426634757","","","","",""
"a2Gbn000000hccLEAQ","","Available Screen Sections","005bn000003k2JdAAI","false","false","true","42518046726897075","","","","",""
"a2Gbn000000hcbVEAQ","","Enhanced Fees Management","005bn000003k2JdAAI","false","false","true","42519280233404703","","","","",""
"a2Gbn000000hcd2EAA","","Underwriting Details","005bn000003kBWnAAM","false","false","true","42520577919445796","","","","",""
"a2Gbn000000mZAFEA2","","DEP Business Info","005bn000003k2JdAAI","false","false","true","42521926955999322","","","","",""
"a2Gbn000000hcc3EAA","","Default Pledged Leased Asset Edit Screen","005bn000003k2JdAAI","false","false","true","42524349854296463","","","","",""
"a2Gbn000000hcdsEAA","","Rate Structure","005bn000003k2JdAAI","false","false","true","42558854118324394","","","","",""
"a2Gbn000000hceOEAQ","","Loan Products","005bn000003k2JdAAI","false","false","true","42567764686172869","","","","",""
"a2Gbn000000hcbZEAQ","","Standard Product Package Credit Memo","005bn000003k2JdAAI","true","false","true","42574703947997210","","","","",""
"a2Gbn000000hcbwEAA","","Standard Product Package Credit Memo","005bn000003k2JdAAI","true","false","true","42581514825086265","","","","",""
"a2Gbn000000hcc6EAA","","Collateral-Titled-Aircraft","005bn000003k2JdAAI","false","false","true","42581909766045101","","","","",""
"a2Gbn000000kG42EAE","","Collateral - Locked","005bn000003k2JdAAI","false","false","true","42582888066068259","","","","",""
"a2Gbn000000hccdEAA","","Counterparty Report","005bn000003k2JdAAI","false","false","true","42582982089307696","","","","",""
"a2Gbn000000hcbuEAA","","Product Package Credit Memo","005bn000003k2JdAAI","false","false","true","42585795068864816","","","","",""
"a2Gbn000000hciOEAQ","","id-documents-screen","005bn000003k2JdAAI","false","false","true","42586691742860430","","","","",""
"a2Gbn000000hcfyEAA","","Rate & Payment Structure","005bn000003k2JdAAI","false","false","true","42597613353871482","","","","",""
"a2Gbn000000mZAQEA2","","Next Steps","005bn000003k2JdAAI","false","false","true","42597622962511405","","","","",""
"a2Gbn000000hchuEAA","","HMDA Screen 1","005bn000003k2JdAAI","false","false","true","42601932652128328","","","","",""
"a2Gbn000000hccgEAA","","Pricing","005bn000003k2JdAAI","false","false","true","42603748046132357","","","","",""
"a2Gbn000000hciREAQ","","Credit Memo - Long Form","005bn000003k2JdAAI","false","false","true","42604838885981004","","","","",""
"a2Gbn000000hcd7EAA","","Application Details","005bn000003kBWnAAM","false","false","true","42607933161237870","","","","",""
"a2Gbn000000hcdGEAQ","","Application Details","005bn000003kBWnAAM","false","false","true","42614756889733027","","","","",""
"a2Gbn000000mZ9xEAE","","Rates and APY","005bn000003k2JdAAI","false","false","true","42615384382748734","","","","",""
"a2Gbn000000mZAbEAM","","Next Steps","005bn000003k2JdAAI","false","false","true","42621602764631367","","","","",""
"a2Gbn000000hcfmEAA","","Manage Budget Screen","005bn000003k2JdAAI","false","false","true","42622713689821035","","","","",""
"a2Gbn000000hchDEAQ","","Row Edit Post Approval","005bn000003k2JdAAI","false","false","true","42623271149565690","","","","",""
"a2Gbn000000hchpEAA","","nCino UI Configuration Builder","005bn000003kBWeAAM","false","false","true","42623512920423307","","","","",""
"a2Gbn000000hcfjEAA","","pp-tn-review-detail","005bn000003k2JdAAI","false","false","true","42623826249591830","","","","",""
"a2Gbn000000hchYEAQ","","Questionnaire Admin Screen Section Lookup Screen","005bn000003kBWfAAM","false","false","true","42624099234463611","","","","",""
"a2Gbn000000kG45EAE","","Pricing Approved","005bn000003k2JdAAI","false","false","true","42628206483992946","","","","",""
"a2Gbn000000hcftEAA","","Treasury Service Details","005bn000003k2JdAAI","false","false","true","42634238437115000","","","","",""
"a2Gbn000000hcdXEAQ","","SBL Eligibility","005bn000003k2JdAAI","false","false","true","42636216486699414","","","","",""
"a2Gbn000000mXOIEA2","","Statement Mailing Address","005bn000003k2JdAAI","false","false","true","42649164738446918","","","","",""
"a2Gbn000000mZABEA2","","Credit Authorization","005bn000003k2JdAAI","false","false","true","42650005288493003","","","","",""
"a2Gbn000000hccAEAQ","","Collateral-Possessory-Securities","005bn000003k2JdAAI","false","false","true","42653954664465365","","","","",""
"a2Gbn000000hcd1EAA","","Application Details","005bn000003kBWnAAM","false","false","true","42659629105416955","","","","",""
"a2Gbn000000mZAiEAM","","Rental Expense- Other involved","005bn000003k2JdAAI","false","false","true","42661183844977569","","1.0","1.0","",""
"a2Gbn000000hcgmEAA","","Loan Team Member Information","005bn000003k2JdAAI","false","false","true","42661620937671562","","","","",""
"a2Gbn000000hchPEAQ","","nCino UI Configuration Builder","005bn000003kBWeAAM","false","false","true","42662065752774924","","","","",""
"a2Gbn000000hccNEAQ","","Available Screen Sections","005bn000003k2JdAAI","false","false","true","42668947043259055","","","","",""
"a2Gbn000000hcduEAA","","Risk Rating","005bn000003k2JdAAI","false","false","true","42672158236792769","","","","",""
"a2Gbn000000hchbEAA","","Product Package Entity","005bn000003k2JdAAI","false","false","true","42672576519267017","","","","",""
"a2Gbn000000mZAoEAM","","Deposit - Eligibility Questions","005bn000003k2JdAAI","false","false","true","42673874648302239","","","","",""
"a2Gbn000000hch6EAA","","Account Current","005bn000003k2JdAAI","false","false","true","42673965235711935","","","","",""
"a2Gbn000000hchOEAQ","","Standard Product Package Credit Memo","005bn000003k2JdAAI","true","false","true","42674028392105268","","","","",""
"a2Gbn000000mZAVEA2","","Rental Expense","005bn000003k2JdAAI","false","false","true","42676652900382649","","1.0","1.0","",""
"a2Gbn000000hccuEAA","","Fees Summary","005bn000003k2JdAAI","false","false","true","42677042833835193","","","","",""
"a2Gbn000000hchGEAQ","","Copy Loan","005bn000003k2JdAAI","false","false","true","42678219453394575","","","","",""
"a2Gbn000000mZAvEAM","","Credit Authorization/Joint Intent/Marital Status","005bn000003k2JdAAI","false","false","true","42689578439063393","","","","",""
"a2Gbn000000mZA8EAM","","Joint Intent/Marital Status","005bn000003k2JdAAI","false","false","true","426895784390633934","","","","",""
"a2Gbn000000mZA9EAM","","Marital Status","005bn000003k2JdAAI","false","false","true","4268957843906339345","","","","",""
"a2Gbn000000mZY9EAM","","Add Beneficial Owner OA","005bn000003k2JdAAI","false","false","true","42692388294244423","","","","",""
"a2Gbn000000hcdVEAQ","","SBL Personal","005bn000003k2JdAAI","false","false","true","42692911532156791","","","","",""
"a2Gbn000000mZWYEA2","","Add Others Involved MRF","005bn000003k2JdAAI","false","false","true","42701512328128599","","","","",""
"a2Gbn000000hcc4EAA","","Collateral-Titled-Pleasure Boat","005bn000003k2JdAAI","false","false","true","42703575356168779","","","","",""
"a2Gbn000000hchNEAQ","","Standard Loan Credit Memo","005bn000003k2JdAAI","true","false","true","42705854020893109","","","","",""
"a2Gbn000000kG40EAE","","Balance Details","005bn000003k2JdAAI","false","false","true","42706402666860943","","","","",""
"a2Gbn000000mZAnEAM","","Counter Offer - Adverse Action","005bn000003k2JdAAI","false","false","true","42714169169259151","","","","",""
"a2Gbn000000hcd3EAA","","Collateral2","005bn000003k2JdAAI","false","false","true","42716660961482717","","","","",""
"a2Gbn000000mXOKEA2","","DAO In-Branch Workflow- Product Information","005bn000003k2JdAAI","false","false","true","42716762031533477","","","","",""
"a2Gbn000000mZASEA2","","Approval Details","005bn000003k2JdAAI","false","false","true","42722997428486649","","","","",""
"a2Gbn000000mZAeEAM","","Application Details","005bn000003k2JdAAI","false","false","true","42724462769795377","","","","",""
"a2Gbn000000mZA7EAM","","Funding Method","005bn000003k2JdAAI","false","false","true","42728043130819155","","","","",""
"a2Gbn000000hchfEAA","","Product Package Entity","005bn000003kBWfAAM","false","false","true","42733556589936485","","","","",""
"a2Gbn000000mZAWEA2","","Collateral- Locked","005bn000003k2JdAAI","false","false","true","42741467655006969","","","","",""
"a2Gbn000000mZADEA2","","DEP Personal Info (Individual)","005bn000003k2JdAAI","false","false","true","42747891239502889","","","","",""
"a2Gbn000000hchnEAA","","Dummy Screen- Enterprise Onboarding conditional rendering","005bn000003k2JdAAI","false","false","true","42749540180904717","","","","",""
"a2Gbn000000hciYEAQ","","Credit Memo - Short Form","005bn000003k2JdAAI","false","false","true","42749844514030004","","","","",""
"a2Gbn000000hcdzEAA","","Details- business EO","005bn000003k2JdAAI","false","false","true","42754538931621755","","","","",""
"a2Gbn000000hcd8EAA","","Underwriting Details","005bn000003kBWnAAM","false","false","true","42755114587290036","","","","",""
"a2Gbn000000mXOLEA2","","Dummy Screen- IBDAO","005bn000003k2JdAAI","false","false","true","42755485456390388","","","","",""
"a2Gbn000000kG50EAE","","SBL OA Titled","005bn000003k2JdAAI","false","false","true","427563125353764331","","","","",""
"a2Gbn000000hccnEAA","","CRA Screen","005bn000003k2JdAAI","false","false","true","42768158053098535","","","","",""
"a2Gbn000000hcdvEAA","","Change Memo","005bn000003k2JdAAI","false","false","true","42768254162527564","","","","",""
"a2Gbn000000mWf7EAE","","OA - Overdraft Opt-In Acknowledgement","005bn000003k2JdAAI","false","false","true","42774638895939535","","","","",""
"a2Gbn000000hcbqEAA","","Standard Loan Credit Memo","005bn000003k2JdAAI","true","false","true","42782339984939334","","","","",""
"a2Gbn000000hchxEAA","","Balance Details","005bn000003k2JdAAI","false","false","true","42791611198474204","","","","",""
"a2Gbn000000hcdlEAA","","Bulk Edit All Facilities","005bn000003k2JdAAI","false","false","true","42797151085322059","","","","",""
"a2Gbn000000mZAREA2","","Manual Underwriting","005bn000003k2JdAAI","false","false","true","42798477393046069","","","","",""
"a2Gbn000000mZAfEAM","","Loan Team","005bn000003k2JdAAI","false","false","true","42799819999780737","","","","",""
"a2Gbn000000itTpEAI","","Portal Business Lookup","005bn000003q1G5AAI","false","false","true","42807538823063320","","","","",""
"a2Gbn000000hchREAQ","","nCino UI Configuration Builder","005bn000003kBWeAAM","false","false","true","42809526266709287","","","","",""
"a2Gbn000000mZAIEA2","","DEP Interest Information (Individual)","005bn000003k2JdAAI","false","false","true","42810462241793916","","","","",""
"a2Gbn000000hchvEAA","","Loan Details","005bn000003k2JdAAI","false","false","true","42817353373214065","","","","",""
"a2Gbn000000mZAPEA2","","Credit Authorization/Joint Intent","005bn000003k2JdAAI","false","false","true","42820867345365240","","","","",""
"a2Gbn000000kG3yEAE","","SBL - Editable Details","005bn000003k2JdAAI","false","false","true","42827405195124985","","","","",""
"a2Gbn000000hccsEAA","","Loan Compliance Screen","005bn000003k2JdAAI","false","false","true","42832806785932622","","","","",""
"a2Gbn000000hcdjEAA","","Beneficial Ownership Summary","005bn000003k2JdAAI","false","false","true","42834021314193185","","","","",""
"a2Gbn000000hcdwEAA","","Fees Summary","005bn000003k2JdAAI","false","false","true","42839732363377241","","","","",""
"a2Gbn000000mZA4EAM","","Confirm Credit Pull","005bn000003k2JdAAI","false","false","true","42843836296295970","","","","",""
"a2Gbn000000hcciEAA","","Payment Structure","005bn000003k2JdAAI","false","false","true","42845770103705580","","","","",""
"a2Gbn000000hccJEAQ","","Counterparty Report Topbar","005bn000003k2JdAAI","false","false","true","42851832252859441","","","","",""
"a2Gbn000000mZ9yEAE","","Approval Summary","005bn000003k2JdAAI","false","false","true","42855096372429871","","","","",""
"a2Gbn000000hce2EAA","","Beneficiary","005bn000003k2JdAAI","false","false","true","42856498406131349","","","","",""
"a2Gbn000000hcc7EAA","","Collateral-Titled-Trailer","005bn000003k2JdAAI","false","false","true","42860084203432194","","","","",""
"a2Gbn000000mXOMEA2","","Application Details - Credit Card","005bn000003k2JdAAI","false","false","true","42861206705947257","","","","",""
"a2Gbn000000mZAkEAM","","Add Signers MRF","005bn000003k2JdAAI","false","false","true","42865719039783387","","","","",""
"a2Gbn000000hcd6EAA","","Underwriting Details","005bn000003kBWnAAM","false","false","true","42866893089137191","","","","",""
"a2Gbn000000hccCEAQ","","Collateral-Possessory-Other Possessory","005bn000003k2JdAAI","false","false","true","42868736103271902","","","","",""
"a2Gbn000000hccoEAA","","HMDA Screen 1","005bn000003k2JdAAI","false","false","true","42870475258935934","","","","",""
"a2Gbn000000hchTEAQ","","Default Pledged Collateral Edit Screen","005bn000003k2JdAAI","false","false","true","42871665770611153","","","","",""
"a2Gbn000000hcfeEAA","","Entity Compliance Screen","005bn000003k2JdAAI","false","false","true","42875195092745613","","","","",""
"a2Gbn000000hcc0EAA","","Collateral-Real Estate","005bn000003k2JdAAI","false","false","true","42875581032868363","","","","",""
"a2Gbn000000hchrEAA","","Borrowing Structure Information","005bn000003k2JdAAI","false","false","true","42877652000553004","","","","",""
"a2Gbn000000mZAEEA2","","DEP Personal Info (Individual Additional Owner)","005bn000003k2JdAAI","false","false","true","42877898799061822","","","","",""
"a2Gbn000000hcbaEAA","","Standard Loan Credit Memo","005bn000003k2JdAAI","true","false","true","42891280917000827","","","","",""
"a2Gbn000000hchwEAA","","Referral","005bn000003k2JdAAI","false","false","true","42894029995684482","","","","",""
"a2Gbn000000mZAuEAM","","Credit Check","005bn000003k2JdAAI","false","false","true","42900618021973361","","","","",""
"a2Gbn000000kG52EAE","","SBL OA UCC Screen","005bn000003k2JdAAI","false","false","true","429034805094343451","","","","",""
"a2Gbn000000mZt7EAE","","Borrowing Structure Information","005bn000003k2JdAAI","false","false","true","42907025017215417","","","","",""
"a2Gbn000000hcc1EAA","","Collateral-Titled-Motor Vehicle","005bn000003k2JdAAI","false","false","true","42913737407936953","","","","",""
"a2Gbn000000hcfbEAA","","Loan Compliance Screen","005bn000003k2JdAAI","false","false","true","42920140975446045","","","","",""
"a2Gbn000000hcbsEAA","","Standard Loan Credit Memo","005bn000003k2JdAAI","true","false","true","42922771813354167","","","","",""
"a2Gbn000000hch7EAA","","Loan Current","005bn000003k2JdAAI","false","false","true","42923350579814359","","","","",""
"a2Gbn000000hciUEAQ","","Credit Memo - Long Form","005bn000003k2JdAAI","false","false","true","42933790367002733","","","","",""
"a2Gbn000000mZAGEA2","","Add Beneficiaries","005bn000003k2JdAAI","false","false","true","42933845298338736","","4.0","","Beneficiary Information",""
"a2Gbn000000hchAEAQ","","Bulk Edit Pre Approval","005bn000003k2JdAAI","false","false","true","42938264836815273","","","","",""
"a2Gbn000000hcdcEAA","","Available One to Many Screen Sections","005bn000003k2JdAAI","false","false","true","429446046658847391","","","","",""
"a2Gbn000000hciTEAQ","","Credit Memo - Short Form","005bn000003k2JdAAI","false","false","true","42958632144835122","","","","",""
"a2Gbn000000hchIEAQ","","Copy Loan","005bn000003k2JdAAI","false","false","true","42958934612337865","","","","",""
"a2Gbn000000mZYAEA2","","Add Beneficial Owner OA","005bn000003k2JdAAI","false","false","true","42962240935795279","","","","",""
"a2Gbn000000hccFEAQ","","Collateral-UCC","005bn000003k2JdAAI","false","false","true","42966783217336788","","","","",""
"a2Gbn000000hceSEAQ","","HMDA Screen 2","005bn000003k2JdAAI","false","false","true","42978951107645512","","","","",""
"a2Gbn000000hcdYEAQ","","SBL Business Info","005bn000003k2JdAAI","false","false","true","42981961269080453","","","","",""
"a2Gbn000000hchWEAQ","","Default Collateral Edit Screen","005bn000003k2JdAAI","false","false","true","42982418717578930","","","","",""
"a2Gbn000000hcd4EAA","","Underwriting Details","005bn000003kBWnAAM","false","false","true","42983688617809083","","","","",""
"a2Gbn000000hccKEAQ","","Treasury Service Maintenance","005bn000003k2JdAAI","false","false","true","42992811933823016","","","","",""
"a2Gbn000000hcgQEAQ","","Draw Overview Screen","005bn000003k2JdAAI","false","false","true","43041619447514587","","","","",""
"a2Gbn000000hch2EAA","","Rate Structure","005bn000003k2JdAAI","false","false","true","43041620937671558","","","","",""
"a2Gbn000000hcfwEAA","","Risk Rating","005bn000003k2JdAAI","false","false","true","43241619447514581","","","","",""
"a2Gbn000000kG3fEAE","","Third Party Management","005bn000003k2JdAAI","false","false","true","45191663700624862","","","","",""
"a2Gbn000000mZAJEA2","","DEP Personal Info (business)","005bn000003k2JdAAI","false","false","true","45611598381727710","","","","",""
"a2Gbn000000hcdJEAQ","","Fees Summary","005bn000003k2JdAAI","false","false","true","46241560278867078","","","","",""
"a2Gbn000000hcglEAA","","Adverse Actions","005bn000003k2JdAAI","false","false","true","46681620937671562","","","","",""
"a2Gbn000000hceFEAQ","","Third Party Reports","005bn000003k2JdAAI","false","false","true","47581585604340855","","","","",""
"a2Gbn000000hcgSEAQ","","Payment Structure","005bn000003k2JdAAI","false","false","true","48261619447514581","","","","",""
"a2Gbn000000hcg6EAA","","Team Members","005bn000003k2JdAAI","false","false","true","48281619447514582","","","","",""
"a2Gbn000000mZAYEA2","","Third Party Management","005bn000003k2JdAAI","false","false","true","48401602764631366","","","","",""
"a2Gbn000000hcdREAQ","","Loan Products","005bn000003k2JdAAI","false","false","true","48781562008947219","","","","",""
"a2Gbn000000kG3jEAE","","Manual Underwriting","005bn000003k2JdAAI","false","false","true","49551663700624863","","","","",""
"a2Gbn000000hcg1EAA","","Third Party Management","005bn000003k2JdAAI","false","false","true","49681619447514580","","","","",""
"a2Gbn000000hcgxEAA","","Loan Compliance Screen","005bn000003k2JdAAI","false","false","true","49751620937671564","","","","",""
"a2Gbn000000kG3dEAE","","Adverse Actions","005bn000003k2JdAAI","false","false","true","50491663700624860","","","","",""
"a2Gbn000000kG3qEAE","","SBL Business Info","005bn000003k2JdAAI","false","false","true","50791666029074780","","","","",""
"a2Gbn000000hcdqEAA","","Key Dates - Read Only","005bn000003k2JdAAI","false","false","true","50971585604340856","","","","",""
"a2Gbn000000mZA2EAM","","Deposit Application Summary","005bn000003k2JdAAI","false","false","true","52261701790670787","","","","",""
"a2Gbn000000hce5EAA","","Collateral Pledged","005bn000003k2JdAAI","false","false","true","52621585604340855","","","","",""
"a2Gbn000000hcdLEAQ","","Borrowing Structure Information","005bn000003k2JdAAI","false","false","true","52691560278867079","","","","",""
"a2Gbn000000hcgMEAQ","","Budget Details","005bn000003k2JdAAI","false","false","true","53291619447514586","","","","",""
"a2Gbn000000mZAMEA2","","Enhanced Fees Management","005bn000003k2JdAAI","false","false","true","53471600720267875","","","","",""
"a2Gbn000000hcg4EAA","","Fees Summary","005bn000003k2JdAAI","false","false","true","55051619447514582","","","","",""
"a2Gbn000000hcg8EAA","","Third Party Reports","005bn000003k2JdAAI","false","false","true","55521619447514583","","","","",""
"a2Gbn000000mZALEA2","","Collateral Summary","005bn000003k2JdAAI","false","false","true","55841600720267874","","","","",""
"a2Gbn000000kG3rEAE","","Online Income Information","005bn000003k2JdAAI","false","false","true","55861666029074781","","4.0","1.0","",""
"a2Gbn000000hch3EAA","","Rate & Payment Structure","005bn000003k2JdAAI","false","false","true","55871620937671566","","","","",""
"a2Gbn000000kG3OEAU","","Application Details","005bn000003k2JdAAI","false","false","true","56271640791247588","","","","",""
"a2Gbn000000mZ9zEAE","","Create New Relationship for Beneficiary","005bn000003k2JdAAI","false","false","true","58621701790670786","","","","",""
"a2Gbn000000kG3TEAU","","HMDA","005bn000003k2JdAAI","false","false","true","58641640791247589","","","","",""
"a2Gbn000000mXOJEA2","","Application Details","005bn000003k2JdAAI","false","false","true","59661600720267874","","","","",""
"a2Gbn000000mXOHEA2","","Application Details","005bn000003k2JdAAI","false","false","true","596616007202678745","","","","",""
"a2Gbn000000hcdkEAA","","Key Dates - Editable","005bn000003k2JdAAI","false","false","true","59771585604340856","","","","",""
"a2Gbn000000hchZEAQ","","Document Manager Bulk Update","005bn000003kBXCAA2","false","false","true","5B674535_403D_4919_B07E_132B31442B5A","","","","",""
"a2Gbn000000hcfOEAQ","","Stage History","005bn000003k2JdAAI","false","false","true","60101585604340856","","","","",""
"a2Gbn000000hcdIEAQ","","Change Memo","005bn000003k2JdAAI","false","false","true","60941560278867078","","","","",""
"a2Gbn000000kG3vEAE","","Credit Check","005bn000003k2JdAAI","false","false","true","60941666029074782","","","","",""
"a2Gbn000000hcgNEAQ","","Entity Compliance Screen","005bn000003k2JdAAI","false","false","true","61171619447514586","","","","",""
"a2Gbn000000hceBEAQ","","Post Closing Review","005bn000003k2JdAAI","false","false","true","61601585604340855","","","","",""
"a2Gbn000000hcgAEAQ","","Participations","005bn000003k2JdAAI","false","false","true","61601619447514583","","","","",""
"a2Gbn000000hcgZEAQ","","Pricing Required Fields","005bn000003k2JdAAI","false","false","true","61711620937671558","","","","",""
"a2Gbn000000hcdCEAQ","","Loan Details-Retail","005bn000003k2JdAAI","false","false","true","623454651543256","","","","",""
"a2Gbn000000kG3kEAE","","Approval Details","005bn000003k2JdAAI","false","false","true","62551663700624864","","","","",""
"a2Gbn000000mZAsEAM","","Consumer Loan - Personal Info (Co-Applicant)","005bn000003k2JdAAI","false","false","true","62691641354325280","","","","",""
"a2Gbn000000hcdeEAA","","Treasury Service Details","005bn000003k2JdAAI","false","false","true","62851567002571747","","","","",""
"a2Gbn000000hcdPEAQ","","Application Details-Retail","005bn000003k2JdAAI","false","false","true","6325647853262563245","","","","",""
"a2Gbn000000kG3cEAE","","Loan Compliance Screen","005bn000003k2JdAAI","false","false","true","63951663700624860","","","","",""
"a2Gbn000000hcgFEAQ","","Booked Information","005bn000003k2JdAAI","false","false","true","64811619447514585","","","","",""
"a2Gbn000000hchaEAA","","Appraisal Fee Screen","005bn000003k2JdAAI","false","false","true","6573485672623625","","","","",""
"a2Gbn000000mZA5EAM","","Traditional Contributions","005bn000003k2JdAAI","false","false","true","657465765543454545","","","","",""
"a2Gbn000000hcgjEAA","","Participations","005bn000003k2JdAAI","false","false","true","66011620937671561","","","","",""
"a2Gbn000000mZAKEA2","","DEP Personal Info (business co owner)","005bn000003k2JdAAI","false","false","true","66201598553323869","","","","",""
"a2Gbn000000hcgdEAA","","Fees Summary","005bn000003k2JdAAI","false","false","true","66261620937671560","","","","",""
"a2Gbn000000hcgUEAQ","","Editable Fields","005bn000003k2JdAAI","false","false","true","66981619447514587","","","","",""
"a2Gbn000000hcfSEAQ","","CRA Screen","005bn000003k2JdAAI","false","false","true","67231585604340855","","","","",""
"a2Gbn000000hcg3EAA","","Change Memo","005bn000003k2JdAAI","false","false","true","69121619447514582","","","","",""
"a2Gbn000000hcgPEAQ","","Manage Budget Screen","005bn000003k2JdAAI","false","false","true","69461619447514587","","","","",""
"a2Gbn000000kG3pEAE","","SBL Eligibility","005bn000003k2JdAAI","false","false","true","69681666029074780","","","","",""
"a2Gbn000000hcfqEAA","","Booked Information Booked","005bn000003k2JdAAI","false","false","true","69801585604340854","","","","",""
"a2Gbn000000hceeEAA","","Participations","005bn000003k2JdAAI","false","false","true","70051585604340856","","","","",""
"a2Gbn000000mZAXEA2","","Enhanced Fees Management","005bn000003k2JdAAI","false","false","true","70101602764631366","","","","",""
"a2Gbn000000hcfVEAQ","","HMDA Screen 2","005bn000003k2JdAAI","false","false","true","70131585604340855","","","","",""
"a2Gbn000000mZAaEAM","","Borrowing Structure","005bn000003k2JdAAI","false","false","true","71161602764631367","","","","",""
"a2Gbn000000hcgsEAA","","HMDA Screen 1","005bn000003k2JdAAI","false","false","true","71331620937671563","","","","",""
"a2Gbn000000hcdKEAQ","","Loan Details-Retail","005bn000003k2JdAAI","false","false","true","71341560278867078","","","","",""
"a2Gbn000000hcgfEAA","","Team Members","005bn000003k2JdAAI","false","false","true","71561620937671560","","","","",""
"a2Gbn000000kG3tEAE","","Add Others Involved MRF","005bn000003k2JdAAI","false","false","true","71851666029074781","","","","",""
"a2Gbn000000hchdEAA","","Collateral-Default-PP","005bn000003k2JdAAI","false","false","true","723454364762362365","","","","",""
"a2Gbn000000hcgTEAQ","","Rate Structure","005bn000003k2JdAAI","false","false","true","74211619447514581","","","","",""
"a2Gbn000000hch0EAA","","Draw Overview Screen","005bn000003k2JdAAI","false","false","true","74561620937671565","","","","",""
"a2Gbn000000hcdbEAA","","Product Package Collateral2","005bn000003k2JdAAI","false","false","true","75041563816286566","","","","",""
"a2Gbn000000kG3WEAU","","Manual Underwriting","005bn000003k2JdAAI","false","false","true","75711640791247590","","","","",""
"a2Gbn000000hcguEAA","","Borrowing Structure Information","005bn000003k2JdAAI","false","false","true","76391620937671558","","","","",""
"a2Gbn000000kG3REAU","","Third Party Management","005bn000003k2JdAAI","false","false","true","76681640791247588","","","","",""
"a2Gbn000000hch1EAA","","Payment Structure","005bn000003k2JdAAI","false","false","true","78401620937671559","","","","",""
"a2Gbn000000hcgYEAQ","","Third Party Management","005bn000003k2JdAAI","false","false","true","78611620937671557","","","","",""
"a2Gbn000000hcfXEAQ","","Pricing","005bn000003k2JdAAI","false","false","true","79341585604340856","","","","",""
"a2Gbn000000hcgEEAQ","","Balance Details","005bn000003k2JdAAI","false","false","true","81501619447514584","","","","",""
"a2Gbn000000mZAcEAM","","Manual Underwriting","005bn000003k2JdAAI","false","false","true","81511602764631367","","","","",""
"a2Gbn000000hcgIEAQ","","Loan Dashboard Summary Screen","005bn000003k2JdAAI","false","false","true","81661619447514585","","","","",""
"a2Gbn000000hce9EAA","","Fees Approved","005bn000003k2JdAAI","false","false","true","82191585604340855","","","","",""
"a2Gbn000000mZA1EAM","","Beneficiary","005bn000003k2JdAAI","false","false","true","83551701790670787","","","","",""
"a2Gbn000000hcgWEAQ","","Loan Details","005bn000003k2JdAAI","false","false","true","84351619447514588","","","","",""
"a2Gbn000000kG3VEAU","","Next Steps","005bn000003k2JdAAI","false","false","true","85491640791247590","","","","",""
"a2Gbn000000hcg9EAA","","Approved Details","005bn000003k2JdAAI","false","false","true","85571619447514583","","","","",""
"a2Gbn000000hcgOEAQ","","Loan Compliance Screen","005bn000003k2JdAAI","false","false","true","86401619447514586","","","","",""
"a2Gbn000000hcggEAA","","Fees Approved","005bn000003k2JdAAI","false","false","true","86411620937671561","","","","",""
"a2Gbn000000hcfWEAQ","","Loan Details","005bn000003k2JdAAI","false","false","true","86451585604340855","","","","",""
"a2Gbn000000hcfREAQ","","Booked Information","005bn000003k2JdAAI","false","false","true","86611585604340855","","","","",""
"a2Gbn000000hcgCEAQ","","Adverse Actions","005bn000003k2JdAAI","false","false","true","86671619447514584","","","","",""
"a2Gbn000000hcdSEAQ","","Deposit Products","005bn000003k2JdAAI","false","false","true","86701562008947219","","","","",""
"a2Gbn000000hcdOEAQ","","Fees","005bn000003k2JdAAI","false","false","true","86811560278867079","","","","",""
"a2Gbn000000mZAtEAM","","Personal Info (Primary Applicant) - No Marital Status","005bn000003k2JdAAI","false","false","true","88871641831940600","","","","",""
"a2Gbn000000hceXEAQ","","Narrative","005bn000003k2JdAAI","false","false","true","89361585604340856","","","","",""
"a2Gbn000000hcgKEAQ","","Loan Details","005bn000003k2JdAAI","false","false","true","89871619447514586","","","","",""
"a2Gbn000000hcfYEAQ","","Referral","005bn000003k2JdAAI","false","false","true","91061585604340856","","","","",""
"a2Gbn000000kG3nEAE","","Borrowing Structure Information","005bn000003k2JdAAI","false","false","true","91481663700624865","","","","",""
"a2Gbn000000hceWEAQ","","Fees","005bn000003k2JdAAI","false","false","true","91971560278745076","","","","",""
"a2Gbn000000kG3iEAE","","Next Steps","005bn000003k2JdAAI","false","false","true","92101663700624863","","","","",""
"a2Gbn000000hcgrEAA","","Loan Dashboard Summary Screen","005bn000003k2JdAAI","false","false","true","92291620937671563","","","","",""
"a2Gbn000000hch9EAA","","HMDA Screen 1","005bn000003k2JdAAI","false","false","true","92911615577845542","","","","",""
"a2Gbn000000kG3hEAE","","HMDA","005bn000003k2JdAAI","false","false","true","94881663700624862","","","","",""
"a2Gbn000000hcgyEAA","","Draw History Screen","005bn000003k2JdAAI","false","false","true","95711620937671565","","","","",""
"a2Gbn000000hcgXEAQ","","Certifications","005bn000003k2JdAAI","false","false","true","98061620937671556","","","","",""
"a2Gbn000000mZAhEAM","","Secured RL Eligibility","005bn000003k2JdAAI","false","false","true","98421603129897051","","","","",""
"a2Gbn000000hchkEAA","","Account Docman Add New Placeholder Screen","005bn000003kBXCAA2","false","false","true","Account_Add_New_Placeholder_Screen","","","","",""
"a2Gbn000000hchhEAA","","Account Docman Screen","005bn000003kBXCAA2","false","false","true","Account_Document_Manager_Screen","","","","",""
"a2Gbn000000hchmEAA","","Universal Docman Add New Placeholder Screen","005bn000003kBXCAA2","false","false","true","LLC_BI__Document_Placeholder__c_Add_New_Placeholder_Screen","","","","",""
"a2Gbn000000hchjEAA","","Universal Docman Screen","005bn000003kBXCAA2","false","false","true","LLC_BI__Document_Placeholder__c_Document_Manager_Screen","","","","",""
"a2Gbn000000hchlEAA","","Loan Docman Add New Placeholder Screen","005bn000003kBXCAA2","false","false","true","LLC_BI__Loan__c_Add_New_Placeholder_Screen","","","","",""
"a2Gbn000000hchiEAA","","Loan Docman Screen","005bn000003kBXCAA2","false","false","true","LLC_BI__Loan__c_Document_Manager_Screen","","","","",""
"a2Gbn000000hchSEAQ","","Scenario Card","005bn000003k2JdAAI","false","false","true","Scenario_Card_Screen","","","","",""
"a2Gbn000000hcfuEAA","","Booked Details","005bn000003k2JdAAI","false","false","true","XXX44432723848796","","","","",""
"a2Gbn000000hcbgEAA","","Commercial Credit Memo","005bn000003k2JdAAI","true","false","true","a03bn000006iwNGAAY","","","","",""
"a2Gbn000000hcbhEAA","","Standard Loan Credit Memo","005bn000003k2JdAAI","true","false","true","a03bn000006iwNHAAY","","","","",""
"a2Gbn000000hcbiEAA","","Standard Product Package Credit Memo","005bn000003k2JdAAI","true","false","true","a03bn000006iwNIAAY","","","","",""
"a2Gbn000000hcbjEAA","","Standard Review Credit Memo (Account)","005bn000003k2JdAAI","true","false","true","a03bn000006iwNJAAY","","","","",""
"a2Gbn000000hcbkEAA","","Standard Loan Commercial Credit Memo","005bn000003k2JdAAI","true","false","true","a03bn000006iwNKAAY","","","","",""
"a2Gbn000000hcblEAA","","Standard Loan Commercial Credit Memo","005bn000003k2JdAAI","true","false","true","a03bn000006iwNLAAY","","","","",""
"a2Gbn000000hcbnEAA","","Standard Loan Commercial Credit Memo","005bn000003k2JdAAI","true","false","true","a03bn000006iwNMAAY","","","","",""
"a2Gbn000000hcboEAA","","Standard Review Credit Memo (Product Package)","005bn000003k2JdAAI","true","false","true","a2Gbn000000hcbo","","","","",""
"a2Gbn000000hccXEAQ","","Collateral Summary","005bn000003k2JdAAI","false","false","true","a2Gbn000000hccXEAQ","","","","",""
"a2Gbn000000hccYEAQ","","Collateral Details","005bn000003k2JdAAI","false","false","true","a2Gbn000000hccYEAQ","","","","",""
"a2Gbn000000hce3EAA","","Adverse Action","005bn000003k2JdAAI","false","false","true","a2Gbn000000hce3EAA","","","","",""
"a2Gbn000000hce4EAA","","Attorney Information","005bn000003k2JdAAI","false","false","true","a2Gbn000000hce4EAA","","","","",""
"a2Gbn000000hce7EAA","","Compliance Info","005bn000003k2JdAAI","false","false","true","a2Gbn000000hce7EAA","","","","",""
"a2Gbn000000hce8EAA","","Construction Info","005bn000003k2JdAAI","false","false","true","a2Gbn000000hce8EAA","","","","",""
"a2Gbn000000hceCEAQ","","Risk Rating Review","005bn000003k2JdAAI","false","false","true","a2Gbn000000hceCEAQ","","","","",""
"a2Gbn000000hceDEAQ","","Secondary Market","005bn000003k2JdAAI","false","false","true","a2Gbn000000hceDEAQ","","","","",""
"a2Gbn000000hceEEAQ","","Structure Information","005bn000003k2JdAAI","false","false","true","a2Gbn000000hceEEAQ","","","","",""
"a2Gbn000000hceGEAQ","","Attorney Information Approved","005bn000003k2JdAAI","false","false","true","a2Gbn000000hceGEAQ","","","","",""
"a2Gbn000000hceHEAQ","","Key Dates Approved","005bn000003k2JdAAI","false","false","true","a2Gbn000000hceHEAQ","","","","",""
"a2Gbn000000hceJEAQ","","Post Closing Review Approved","005bn000003k2JdAAI","false","false","true","a2Gbn000000hceJEAQ","","","","",""
"a2Gbn000000hceKEAQ","","Secondary Market Approved","005bn000003k2JdAAI","false","false","true","a2Gbn000000hceKEAQ","","","","",""
"a2Gbn000000hceLEAQ","","Structure Information Approved","005bn000003k2JdAAI","false","false","true","a2Gbn000000hceLEAQ","","","","",""
"a2Gbn000000hceMEAQ","","Fees","005bn000003k2JdAAI","false","false","true","a2Gbn000000hceMEAQ","","","","",""
"a2Gbn000000hceUEAQ","","Construction Details","005bn000003k2JdAAI","false","false","true","a2Gbn000000hceUEAQ","","","","",""
"a2Gbn000000hceVEAQ","","Loan Dashboard","005bn000003k2JdAAI","false","false","true","a2Gbn000000hceVEAQ","","","","",""
"a2Gbn000000hceaEAA","","Authorized Users","005bn000003k2JdAAI","false","false","true","a2Gbn000000hceaEAA","","","","",""
"a2Gbn000000hcebEAA","","Order Entry-Remote-Deposit","005bn000003k2JdAAI","false","false","true","a2Gbn000000hcebEAA","","","","",""
"a2Gbn000000hcecEAA","","Order Entry-Retail-Lockbox","005bn000003k2JdAAI","false","false","true","a2Gbn000000hcecEAA","","","","",""
"a2Gbn000000hcedEAA","","Order Entry-Wire-Transfer","005bn000003k2JdAAI","false","false","true","a2Gbn000000hcedEAA","","","","",""
"a2Gbn000000hcefEAA","","Activities","005bn000003k2JdAAI","false","false","true","a2Gbn000000hcefEAA","","","","",""
"a2Gbn000000hcegEAA","","Business Contacts","005bn000003k2JdAAI","false","false","true","a2Gbn000000hcegEAA","","","","",""
"a2Gbn000000hcehEAA","","Collateral Owned","005bn000003k2JdAAI","false","false","true","a2Gbn000000hcehEAA","","","","",""
"a2Gbn000000hceiEAA","","Covenants","005bn000003k2JdAAI","false","false","true","a2Gbn000000hceiEAA","","","","",""
"a2Gbn000000hcejEAA","","Deposits","005bn000003k2JdAAI","false","false","true","a2Gbn000000hcejEAA","","","","",""
"a2Gbn000000hcekEAA","","Overview","005bn000003k2JdAAI","false","false","true","a2Gbn000000hcekEAA","","","","",""
"a2Gbn000000hcelEAA","","Exposure","005bn000003k2JdAAI","false","false","true","a2Gbn000000hcelEAA","","","","",""
"a2Gbn000000hcemEAA","","Loans","005bn000003k2JdAAI","false","false","true","a2Gbn000000hcemEAA","","","","",""
"a2Gbn000000hcenEAA","","Opportunities","005bn000003k2JdAAI","false","false","true","a2Gbn000000hcenEAA","","","","",""
"a2Gbn000000hceoEAA","","Other Information","005bn000003k2JdAAI","false","false","true","a2Gbn000000hceoEAA","","","","",""
"a2Gbn000000hcepEAA","","Product Packages","005bn000003k2JdAAI","false","false","true","a2Gbn000000hcepEAA","","","","",""
"a2Gbn000000hceqEAA","","Referrals","005bn000003k2JdAAI","false","false","true","a2Gbn000000hceqEAA","","","","",""
"a2Gbn000000hcerEAA","","Risk Rating Reviews","005bn000003k2JdAAI","false","false","true","a2Gbn000000hcerEAA","","","","",""
"a2Gbn000000hcesEAA","","Service Requests","005bn000003k2JdAAI","false","false","true","a2Gbn000000hcesEAA","","","","",""
"a2Gbn000000hcetEAA","","Site Visits","005bn000003k2JdAAI","false","false","true","a2Gbn000000hcetEAA","","","","",""
"a2Gbn000000hceuEAA","","Treasury","005bn000003k2JdAAI","false","false","true","a2Gbn000000hceuEAA","","","","",""
"a2Gbn000000hcewEAA","","SBA Form 912","005bn000003k2JdAAI","false","false","true","a2Gbn000000hcewEAA","","","","",""
"a2Gbn000000hcexEAA","","Loan Application","005bn000003k2JdAAI","false","false","true","a2Gbn000000hcexEAA","","","","",""
"a2Gbn000000hceyEAA","","Change of Ownership","005bn000003k2JdAAI","false","false","true","a2Gbn000000hceyEAA","","","","",""
"a2Gbn000000hcezEAA","","SBA Form 10","005bn000003k2JdAAI","false","false","true","a2Gbn000000hcezEAA","","","","",""
"a2Gbn000000hcf0EAA","","SBA Form 159","005bn000003k2JdAAI","false","false","true","a2Gbn000000hcf0EAA","","","","",""
"a2Gbn000000hcf1EAA","","SBA Form 1846","005bn000003k2JdAAI","false","false","true","a2Gbn000000hcf1EAA","","","","",""
"a2Gbn000000hcf2EAA","","SBA Form 1919","005bn000003k2JdAAI","false","false","true","a2Gbn000000hcf2EAA","","","","",""
"a2Gbn000000hcf3EAA","","Business Type","005bn000003k2JdAAI","false","false","true","a2Gbn000000hcf3EAA","","","","",""
"a2Gbn000000hcf4EAA","","Previous SBA Loan","005bn000003k2JdAAI","false","false","true","a2Gbn000000hcf4EAA","","","","",""
"a2Gbn000000hcf5EAA","","Conflict of Interest","005bn000003k2JdAAI","false","false","true","a2Gbn000000hcf5EAA","","","","",""
"a2Gbn000000hcf6EAA","","Primary Account","005bn000003k2JdAAI","false","false","true","a2Gbn000000hcf6EAA","","","","",""
"a2Gbn000000hcf7EAA","","SBA Form 1920","005bn000003k2JdAAI","false","false","true","a2Gbn000000hcf7EAA","","","","",""
"a2Gbn000000hcf8EAA","","SBA Form 1920","005bn000003k2JdAAI","false","false","true","a2Gbn000000hcf8EAA","","","","",""
"a2Gbn000000hcf9EAA","","SBA Form 1920","005bn000003k2JdAAI","false","false","true","a2Gbn000000hcf9EAA","","","","",""
"a2Gbn000000hcfAEAQ","","SBA Form 1920","005bn000003k2JdAAI","false","false","true","a2Gbn000000hcfAEAQ","","","","",""
"a2Gbn000000hcfBEAQ","","SBA Form 1920","005bn000003k2JdAAI","false","false","true","a2Gbn000000hcfBEAQ","","","","",""
"a2Gbn000000hcfCEAQ","","SBA Form 1920","005bn000003k2JdAAI","false","false","true","a2Gbn000000hcfCEAQ","","","","",""
"a2Gbn000000hcfDEAQ","","SBA Form 1920","005bn000003k2JdAAI","false","false","true","a2Gbn000000hcfDEAQ","","","","",""
"a2Gbn000000hcfEEAQ","","Primary Account","005bn000003k2JdAAI","false","false","true","a2Gbn000000hcfEEAQ","","","","",""
"a2Gbn000000hcfFEAQ","","Account Debt","005bn000003k2JdAAI","false","false","true","a2Gbn000000hcfFEAQ","","","","",""
"a2Gbn000000hcfGEAQ","","SBA Form 652","005bn000003k2JdAAI","false","false","true","a2Gbn000000hcfGEAQ","","","","",""
"a2Gbn000000hcfHEAQ","","SBA Form G845","005bn000003k2JdAAI","false","false","true","a2Gbn000000hcfHEAQ","","","","",""
"a2Gbn000000hcfIEAQ","","Injections","005bn000003k2JdAAI","false","false","true","a2Gbn000000hcfIEAQ","","","","",""
"a2Gbn000000hcfJEAQ","","Liens","005bn000003k2JdAAI","false","false","true","a2Gbn000000hcfJEAQ","","","","",""
"a2Gbn000000hcfKEAQ","","Loan Information","005bn000003k2JdAAI","false","false","true","a2Gbn000000hcfKEAQ","","","","",""
"a2Gbn000000hcfLEAQ","","Pricing","005bn000003k2JdAAI","false","false","true","a2Gbn000000hcfLEAQ","","","","",""
"a2Gbn000000hcfMEAQ","","Loan Partner","005bn000003k2JdAAI","false","false","true","a2Gbn000000hcfMEAQ","","","","",""
"a2Gbn000000hcfNEAQ","","Use of Proceeds","005bn000003k2JdAAI","false","false","true","a2Gbn000000hcfNEAQ","","","","",""
"a2Gbn000000hchQEAQ","","Certifications","005bn000003k2JdAAI","false","false","true","a2Gbn000000hchQEAQ","","","","",""
"a2Gbn000000hchzEAA","","HMDA Screen 2","005bn000003k2JdAAI","false","false","true","a2Gbn000000hchzEAA","","","","",""
"a2Gbn000000hci0EAA","","CRA Screen","005bn000003k2JdAAI","false","false","true","a2Gbn000000hci0EAA","","","","",""
"a2Gbn000000hci1EAA","","Balance Details","005bn000003k2JdAAI","false","false","true","a2Gbn000000hci1EAA","","","","",""
"a2Gbn000000hci2EAA","","Loan Information","005bn000003k2JdAAI","false","false","true","a2Gbn000000hci2EAA","","","","",""
"a2Gbn000000hci3EAA","","Booked Details","005bn000003k2JdAAI","false","false","true","a2Gbn000000hci3EAA","","","","",""
"a2Gbn000000hci4EAA","","Borrowing Structure","005bn000003k2JdAAI","false","false","true","a2Gbn000000hci4EAA","","","","",""
"a2Gbn000000hci5EAA","","Borrowing Structure Information","005bn000003k2JdAAI","false","false","true","a2Gbn000000hci5EAA","","","","",""
"a2Gbn000000hci6EAA","","Collateral","005bn000003k2JdAAI","false","false","true","a2Gbn000000hci6EAA","","","","",""
"a2Gbn000000hci7EAA","","Collateral","005bn000003k2JdAAI","false","false","true","a2Gbn000000hci7EAA","","","","",""
"a2Gbn000000hci8EAA","","Collateral","005bn000003k2JdAAI","false","false","true","a2Gbn000000hci8EAA","","","","",""
"a2Gbn000000hci9EAA","","Contacts","005bn000003k2JdAAI","false","false","true","a2Gbn000000hci9EAA","","","","",""
"a2Gbn000000hciAEAQ","","Deposit Products","005bn000003k2JdAAI","false","false","true","a2Gbn000000hciAEAQ","","","","",""
"a2Gbn000000hciBEAQ","","HMDA Screen 1","005bn000003k2JdAAI","false","false","true","a2Gbn000000hciBEAQ","","","","",""
"a2Gbn000000hciCEAQ","","HMDA Screen 1","005bn000003k2JdAAI","false","false","true","a2Gbn000000hciCEAQ","","","","",""
"a2Gbn000000hciDEAQ","","Loan Dashboard Summary Screen","005bn000003k2JdAAI","false","false","true","a2Gbn000000hciDEAQ","","","","",""
"a2Gbn000000hciEEAQ","","Loan Products","005bn000003k2JdAAI","false","false","true","a2Gbn000000hciEEAQ","","","","",""
"a2Gbn000000hciFEAQ","","Loan Products","005bn000003k2JdAAI","false","false","true","a2Gbn000000hciFEAQ","","","","",""
"a2Gbn000000hciGEAQ","","Open Activities","005bn000003k2JdAAI","false","false","true","a2Gbn000000hciGEAQ","","","","",""
"a2Gbn000000hciHEAQ","","Other Information","005bn000003k2JdAAI","false","false","true","a2Gbn000000hciHEAQ","","","","",""
"a2Gbn000000hciIEAQ","","Overview","005bn000003k2JdAAI","false","false","true","a2Gbn000000hciIEAQ","","","","",""
"a2Gbn000000hciJEAQ","","Policy Exceptions","005bn000003k2JdAAI","false","false","true","a2Gbn000000hciJEAQ","","","","",""
"a2Gbn000000hciKEAQ","","Product Summary","005bn000003k2JdAAI","false","false","true","a2Gbn000000hciKEAQ","","","","",""
"a2Gbn000000hciLEAQ","","Referral","005bn000003k2JdAAI","false","false","true","a2Gbn000000hciLEAQ","","","","",""
"a2Gbn000000hciMEAQ","","Relationships","005bn000003k2JdAAI","false","false","true","a2Gbn000000hciMEAQ","","","","",""
"a2Gbn000000hciNEAQ","","Contacts","005bn000003k2JdAAI","false","false","true","a2Gbn000000hciNEAQ","","","","",""
"a2Gbn000000hciPEAQ","","Participations","005bn000003k2JdAAI","false","false","true","a2Gbn000000hciPEAQ","","","","",""
"a2Gbn000000hciZEAQ","","SBA Form 1919","005bn000003k2JdAAI","false","false","true","a2Gbn000000hciZEAQ","","","","",""
"a2Gbn000000hciaEAA","","SBA Form 1920","005bn000003k2JdAAI","false","false","true","a2Gbn000000hciaEAA","","","","",""
"a2Gbn000000hcibEAA","","SBA Form 1920","005bn000003k2JdAAI","false","false","true","a2Gbn000000hcibEAA","","","","",""
"a2Gbn000000hcicEAA","","SBA Form 1920","005bn000003k2JdAAI","false","false","true","a2Gbn000000hcicEAA","","","","",""
"a2Gbn000000hcidEAA","","SBA Form 1920","005bn000003k2JdAAI","false","false","true","a2Gbn000000hcidEAA","","","","",""
"a2Gbn000000hcieEAA","","SBA Form 601","005bn000003k2JdAAI","false","false","true","a2Gbn000000hcieEAA","","","","",""
"a2Gbn000000hccZEAQ","","Certifications","005bn000003k2JdAAI","false","false","true","a2Gbn000000hcifEAA","","","","",""
"a2Gbn000000hceNEAQ","","Participations","005bn000003k2JdAAI","false","false","true","a2Gbn000000hcigEAA","","","","",""
"a2Gbn000000hcfUEAQ","","HMDA Screen 1","005bn000003k2JdAAI","false","false","true","a2Gbn000000hcihEAA","","","","",""
"a2Gbn000000hccWEAQ","","Row Edit","005bn000003kBWfAAM","false","false","true","dmwui-42142100344","","","","",""
"a2Gbn000000hchLEAQ","","Row Edit Pre Approval","005bn000003k2JdAAI","false","false","true","dmwui-42307143918","","","","",""
"a2Gbn000000hccUEAQ","","All Treasury Services","005bn000003kBWfAAM","false","false","true","dmwui-42393982789","","","","",""
"a2Gbn000000hciQEAQ","","Bulk Edit","005bn000003kBWfAAM","false","false","true","dmwui-42833518380","","","","",""
"a2Gbn000000hchCEAQ","","Bulk Edit Post Approval","005bn000003k2JdAAI","false","false","true","dmwui-428335183807","","","","",""
"a2Gbn000000hchKEAQ","","Pre Approval Loans","005bn000003k2JdAAI","false","false","true","dmwui-42861164296","","","","",""
"a2Gbn000000hchMEAQ","","Post Approval Facilities","005bn000003k2JdAAI","false","false","true","dmwui-42861164296A","","","","",""
"a2Gbn000000hccVEAQ","","Bulk Edit","005bn000003kBWfAAM","false","false","true","dmwui-42975216429","","","","",""
"a2Gbn000000hcdaEAA","","Pricing Required Fields","005bn000003k2JdAAI","false","false","true","pricingrequiredfields","","","","",""
"a2Gbn000000hch5EAA","","Short Term Extensions","005bn000003k2JdAAI","false","false","true","rcaui-42146575989","","","","",""
"a2Gbn000000hcdgEAA","","Credit Actionable Loans","005bn000003k2JdAAI","false","false","true","rcaui-42306007930","","","","",""
"a2Gbn000000hcdfEAA","","All Loans","005bn000003k2JdAAI","false","false","true","rcaui-42378653376","","","","",""
"a2Gbn000000hcdoEAA","","Credit Actionable Loans","005bn000003k2JdAAI","false","false","true","rcaui-42425336604","","","","",""
"a2Gbn000000hcdpEAA","","Credit Actions","005bn000003k2JdAAI","false","false","true","rcaui-42477727610","","","","",""
"a2Gbn000000hcdhEAA","","Credit Actions","005bn000003k2JdAAI","false","false","true","rcaui-42580138346","","","","",""
"a2Gbn000000hcdnEAA","","All Loans","005bn000003k2JdAAI","false","false","true","rcaui-42706352307","","","","",""
"a2Gbn000000hchoEAA","","Short Term Extensions","005bn000003k2JdAAI","false","false","true","rcaui-42850348037","","","","",""
