"Id","IsDeleted","Name","nFORCE__Screen__c","nFORCE__Are_Columns_Sortable__c","nFORCE__Auto_Save__c","nFORCE__Break_Page_After__c","nFORCE__Break_Page_Before__c","nFORCE__Conditional_Display_Criteria__c","nFORCE__Default_Editable__c","nFORCE__Default_Rendered__c","nFORCE__Disable_Print__c","nFORCE__Disable_Read_Only_View__c","nFORCE__Display_Input_Address_Component__c","nFORCE__Display_Order__c","nFORCE__Display_Toggle_Effect__c","nFORCE__Display_Toggle_Header__c","nFORCE__Display_Toggle_Link__c","nFORCE__Headless__c","nFORCE__Inactive__c","nFORCE__Instructions_Text__c","nFORCE__Is_Editable__c","nFORCE__Number_of_Columns__c","nFORCE__Optional_Configuration__c","nFORCE__Parent_Screen_Section__c","nFORCE__Section_Resource__c","nFORCE__Validation_Service__c","nFORCE__lookupKey__c","nFORCE__sObject_Type__c","Custom_Code_in_Screen_Section__c"
"a0qVx00000Gm4DoIAJ","false","Test-DT-276-001","a0sVx000002iIZXIA2","false","false","false","false","","false","false","false","false","false","104.0","slide","true","false","false","false","","false","","","","MappedSObjectScreenResource","","1058012312398","LLC_BI__Review__c",""
"a0qVx00000Gm4HIIAZ","false","Collateral Valuation","a0sVx000002iISNIA2","false","false","false","false","","false","false","false","false","false","","slide","true","false","false","false","","true","","","","MappedSObjectScreenResource","","42007170822167379","LLC_BI__Collateral__c",""
"a0qal00000CdJcrAAF","false","Bulk Pledge Details","a0sal000004PdLSAA0","false","false","false","false","","false","false","false","false","false","","slide","true","false","false","false","","true","","","","CustomSObjectListScreenResource","","42015509310499837","LLC_BI__Loan_Collateral2__c",""
"a0qal00000CdJcsAAF","false","Bulk Pledge Details","a0sal000004PdLTAA0","false","false","false","false","","false","false","false","false","false","","slide","true","false","false","false","","true","","","","CustomSObjectListScreenResource","","42016420999755116","LLC_BI__Loan_Collateral2__c",""
"a0qal00000CdJctAAF","false","Collateral Valuation","a0sal000004PdLUAA0","false","false","false","false","","false","false","false","false","false","","slide","true","false","false","false","","true","","","","MappedSObjectScreenResource","","42023798525149735","LLC_BI__Collateral__c",""
"a0qal00000CdJcuAAF","false","Bulk Pledge Details","a0sal000004PdLVAA0","false","false","false","false","","false","false","false","false","false","","slide","true","false","false","false","","true","","","","CustomSObjectListScreenResource","","42025930690024950","LLC_BI__Loan_Collateral2__c",""
"a0qal00000CdJcvAAF","false","Collateral Valuation","a0sal000004PdLWAA0","false","false","false","false","","false","false","false","false","false","","slide","true","false","false","false","","true","","","","MappedSObjectScreenResource","","42032468307765085","LLC_BI__Collateral__c",""
"a0qal00000CdJcwAAF","false","Collateral Valuation","a0sal000004PdLXAA0","false","false","false","false","","false","false","false","false","false","","slide","true","false","false","false","","true","","","","MappedSObjectScreenResource","","42035442907826460","LLC_BI__Collateral__c",""
"a0qal00000CdJcxAAF","false","Bulk Pledge Details","a0sal000004PdLYAA0","false","false","false","false","","false","false","false","false","false","","slide","true","false","false","false","","true","","","","CustomSObjectListScreenResource","","42046627643535532","LLC_BI__Loan_Collateral2__c",""
"a0qal00000CdJcyAAF","false","Collateral Search Results","a0sal000004PdLVAA0","false","false","false","false","","false","false","false","false","false","","slide","true","false","false","false","","true","","","","MappedSObjectScreenResource","","42050289151740779","LLC_BI__Collateral__c",""
"a0qVx00000Gm4IXIAZ","false","Bulk Pledge Details","a0sVx000002iIWRIA2","false","false","false","false","","false","false","false","false","false","","slide","true","false","false","false","","true","","","","ConfiguredSObjectScreenResource","","42050637234859628","LLC_BI__Loan_Collateral2__c",""
"a0qal00000CdJczAAF","false","Collateral Valuation","a0sal000004PdLSAA0","false","false","false","false","","false","false","false","false","false","","slide","true","false","false","false","","true","","","","MappedSObjectScreenResource","","42056211837392803","LLC_BI__Collateral__c",""
"a0qVx00000Gm4IiIAJ","false","Collateral Details","a0sal000004PdLmAAK","false","false","false","false","","false","false","false","false","false","","slide","true","false","false","true","","true","","","","MappedSObjectScreenResource","","42056851150727842","LLC_BI__Loan_Collateral2__c",""
"a0qal00000CdJd0AAF","false","Collateral Valuation","a0sal000004PdLZAA0","false","false","false","false","","false","false","false","false","false","","slide","true","false","false","false","","true","","","","MappedSObjectScreenResource","","42059091386076696","LLC_BI__Collateral__c",""
"a0qVx00000Gm4JJIAZ","false","Collateral Valuation","a0sVx000002iIWRIA2","false","false","false","false","","false","false","false","false","false","","slide","true","false","false","false","","true","","","","MappedSObjectScreenResource","","42077465207266559","LLC_BI__Collateral__c",""
"a0qVx00000Gm4JNIAZ","false","Collateral Valuation","a0sVx000002iIXMIA2","false","false","false","false","","false","false","false","false","false","","slide","true","false","false","false","","true","","","","MappedSObjectScreenResource","","42079038830637921","LLC_BI__Collateral__c",""
"a0qal00000CdJd1AAF","false","Collateral Search Results","a0sal000004PdLaAAK","false","false","false","false","","false","false","false","false","false","","slide","true","false","false","false","","true","","","","MappedSObjectScreenResource","","42088901239606259","LLC_BI__Collateral__c",""
"a0qVx00000Gm4JqIAJ","false","Bulk Pledge Details","a0sVx000002iIXfIAM","false","false","false","false","","false","false","false","false","false","","slide","true","false","false","false","","true","","","","CustomSObjectListScreenResource","","42095937619925601","LLC_BI__Loan_Collateral2__c",""
"a0qal00000CdJd3AAF","false","Bulk Pledge Details","a0sal000004PdLcAAK","false","false","false","false","","false","false","false","false","false","","slide","true","false","false","false","","true","","","","CustomSObjectListScreenResource","","42112852178994770","LLC_BI__Loan_Collateral2__c",""
"a0qal00000CdJd4AAF","false","Bulk Pledge Details","a0sal000004PdLdAAK","false","false","false","false","","false","false","false","false","false","","slide","true","false","false","false","","true","","","","CustomSObjectListScreenResource","","42130448873668238","LLC_BI__Loan_Collateral2__c",""
"a0qal00000CdJd5AAF","false","Collateral Valuation","a0sal000004PdLeAAK","false","false","false","false","","false","false","false","false","false","","slide","true","false","false","false","","true","","","","MappedSObjectScreenResource","","42137486842280788","LLC_BI__Collateral__c",""
"a0qal00000CdJd6AAF","false","Collateral Valuation","a0sal000004PdLfAAK","false","false","false","false","","false","false","false","false","false","","slide","true","false","false","false","","true","","","","MappedSObjectScreenResource","","42138731814248008","LLC_BI__Collateral__c",""
"a0qal00000CdJd7AAF","false","Collateral Search Results","a0sal000004PdLgAAK","false","false","false","false","","false","false","false","false","false","","slide","true","false","false","false","","true","","","","MappedSObjectScreenResource","","42148734489048289","LLC_BI__Collateral__c",""
"a0qal00000CdJd8AAF","false","Bulk Pledge Details","a0sal000004PdLZAA0","false","false","false","false","","false","false","false","false","false","","slide","true","false","false","false","","true","","","","CustomSObjectListScreenResource","","42153932209446378","LLC_BI__Loan_Collateral2__c",""
"a0qVx00000Gm4LUIAZ","false","Pledge Details","a0sVx000002iIWRIA2","false","false","false","false","","false","false","false","false","false","","slide","true","false","false","true","","true","","","","MappedSObjectScreenResource","","42165069595139343","LLC_BI__Loan_Collateral2__c",""
"a0qal00000CdJd9AAF","false","Collateral Valuation","a0sal000004PdLYAA0","false","false","false","false","","false","false","false","false","false","","slide","true","false","false","false","","true","","","","MappedSObjectScreenResource","","42176098733769439","LLC_BI__Collateral__c",""
"a0qal00000CdJdAAAV","false","Bulk Pledge Details","a0sal000004PdLeAAK","false","false","false","false","","false","false","false","false","false","","slide","true","false","false","false","","true","","","","CustomSObjectListScreenResource","","42192074896987113","LLC_BI__Loan_Collateral2__c",""
"a0qal00000CdJdBAAV","false","Bulk Pledge Details","a0sal000004PdLhAAK","false","false","false","false","","false","false","false","false","false","","slide","true","false","false","false","","true","","","","CustomSObjectListScreenResource","","42195570243048674","LLC_BI__Loan_Collateral2__c",""
"a0qVx00000Gm4MfIAJ","false","Bulk Pledge Details","a0sVx000002iISNIA2","false","false","false","false","","false","false","false","false","false","","slide","true","false","false","false","","true","","","","CustomSObjectListScreenResource","","42211688042367551","LLC_BI__Loan_Collateral2__c",""
"a0qal00000CdJdCAAV","false","Bulk Pledge Details","a0sal000004PdLiAAK","false","false","false","false","","false","false","false","false","false","","slide","true","false","false","false","","true","","","","CustomSObjectListScreenResource","","42214592204420924","LLC_BI__Loan_Collateral2__c",""
"a0qal00000CdJdDAAV","false","Collateral Valuation","a0sal000004PdLjAAK","false","false","false","false","","false","false","false","false","false","","slide","true","false","false","false","","true","","","","MappedSObjectScreenResource","","42237191330811213","LLC_BI__Collateral__c",""
"a0qal00000CdJdEAAV","false","Collateral Valuation","a0sal000004PdLkAAK","false","false","false","false","","false","false","false","false","false","","slide","true","false","false","false","","true","","","","MappedSObjectScreenResource","","42256671778578968","LLC_BI__Collateral__c",""
"a0qal00000CdJdFAAV","false","Collateral Valuation","a0sal000004PdLgAAK","false","false","false","false","","false","false","false","false","false","","slide","true","false","false","false","","true","","","","MappedSObjectScreenResource","","42257152410399482","LLC_BI__Collateral__c",""
"a0qal00000CdJdGAAV","false","Collateral Valuation","a0sal000004PdLlAAK","false","false","false","false","","false","false","false","false","false","","slide","true","false","false","false","","true","","","","MappedSObjectScreenResource","","42263686687538568","LLC_BI__Collateral__c",""
"a0qal00000CdJdHAAV","false","Collateral Search Results","a0sal000004PdLUAA0","false","false","false","false","","false","false","false","false","false","","slide","true","false","false","false","","true","","","","MappedSObjectScreenResource","","42265414594135939","LLC_BI__Collateral__c",""
"a0qal00000CdJdIAAV","false","Collateral Search Results","a0sal000004PdLmAAK","false","false","false","false","","false","false","false","false","false","","slide","true","false","false","false","","true","","","","MappedSObjectScreenResource","","42275749942731791","LLC_BI__Collateral__c",""
"a0qVx00000Gm4OLIAZ","false","Collateral Search Results","a0sVx000002iIXfIAM","false","false","false","false","","false","false","false","false","false","","slide","true","false","false","false","","true","","","","MappedSObjectScreenResource","","42276574753049427","LLC_BI__Collateral__c",""
"a0qal00000CdJdJAAV","false","Bulk Pledge Details","a0sal000004PdLlAAK","false","false","false","false","","false","false","false","false","false","","slide","true","false","false","false","","true","","","","CustomSObjectListScreenResource","","42278275281163285","LLC_BI__Loan_Collateral2__c",""
"a0qal00000CdJdKAAV","false","Collateral Valuation","a0sal000004PdLnAAK","false","false","false","false","","false","false","false","false","false","","slide","true","false","false","false","","true","","","","MappedSObjectScreenResource","","42301426787635379","LLC_BI__Collateral__c",""
"a0qal00000CdJdLAAV","false","Bulk Pledge Details","a0sal000004PdLoAAK","false","false","false","false","","false","false","false","false","false","","slide","true","false","false","false","","true","","","","CustomSObjectListScreenResource","","42302197961286282","LLC_BI__Loan_Collateral2__c",""
"a0qVx00000Gm4PcIAJ","false","Collateral Valuation","a0sVx000002iIT4IAM","false","false","false","false","","false","false","false","false","false","","slide","true","false","false","false","","true","","","","MappedSObjectScreenResource","","42321335984014317","LLC_BI__Collateral__c",""
"a0qal00000CdJdMAAV","false","Collateral Search Results","a0sal000004PdLiAAK","false","false","false","false","","false","false","false","false","false","","slide","true","false","false","false","","true","","","","MappedSObjectScreenResource","","42324251124134576","LLC_BI__Collateral__c",""
"a0qal00000CdJdNAAV","false","Bulk Pledge Details","a0sal000004PdLXAA0","false","false","false","false","","false","false","false","false","false","","slide","true","false","false","false","","true","","","","CustomSObjectListScreenResource","","42324850389840785","LLC_BI__Loan_Collateral2__c",""
"a0qal00000CdJroAAF","false","Collateral Search Results","a0sal000004PdNWAA0","false","false","false","false","","false","false","false","false","false","","slide","true","false","false","false","","true","","","","MappedSObjectScreenResource","","42341236978633924","LLC_BI__Collateral__c",""
"a0qal00000CdJdOAAV","false","Collateral Valuation","a0sal000004PdLdAAK","false","false","false","false","","false","false","false","false","false","","slide","true","false","false","false","","true","","","","MappedSObjectScreenResource","","42349998591038546","LLC_BI__Collateral__c",""
"a0qal00000CdJdPAAV","false","Collateral Search Results","a0sal000004PdLpAAK","false","false","false","false","","false","false","false","false","false","","slide","true","false","false","false","","true","","","","MappedSObjectScreenResource","","42355584328676920","LLC_BI__Collateral__c",""
"a0qal00000CdJdQAAV","false","Collateral Search Results","a0sal000004PdLhAAK","false","false","false","false","","false","false","false","false","false","","slide","true","false","false","false","","true","","","","MappedSObjectScreenResource","","42372503340940549","LLC_BI__Collateral__c",""
"a0qVx00000Gm4SqIAJ","false","Collateral Search Results","a0sVx000002iIWRIA2","false","false","false","false","","false","false","false","false","false","","slide","true","false","false","false","","true","","","","MappedSObjectScreenResource","","42384811655248690","LLC_BI__Collateral__c",""
"a0qal00000CdJdSAAV","false","Collateral Search Results","a0sal000004PdLoAAK","false","false","false","false","","false","false","false","false","false","","slide","true","false","false","false","","true","","","","MappedSObjectScreenResource","","42400804380149719","LLC_BI__Collateral__c",""
"a0qal00000CdJdTAAV","false","Collateral Search Results","a0sal000004PdLYAA0","false","false","false","false","","false","false","false","false","false","","slide","true","false","false","false","","true","","","","MappedSObjectScreenResource","","42407198864532806","LLC_BI__Collateral__c",""
"a0qal00000CdJs6AAF","false","Collateral Details","a0sal000004PdNWAA0","false","false","false","false","","false","false","false","false","false","","slide","true","false","false","true","","true","","","","MappedSObjectScreenResource","","42408547330158687","LLC_BI__Loan_Collateral2__c",""
"a0qal00000CdJdVAAV","false","Collateral Valuation","a0sal000004PdLiAAK","false","false","false","false","","false","false","false","false","false","","slide","true","false","false","false","","true","","","","MappedSObjectScreenResource","","42424425548316676","LLC_BI__Collateral__c",""
"a0qVx00000Gm4U5IAJ","false","Collateral Search Results","a0sVx000002iIT4IAM","false","false","false","false","","false","false","false","false","false","","slide","true","false","false","false","","true","","","","MappedSObjectScreenResource","","42432403086099581","LLC_BI__Collateral__c",""
"a0qal00000CdJdWAAV","false","Collateral Valuation","a0sal000004PdLrAAK","false","false","false","false","","false","false","false","false","false","","slide","true","false","false","false","","true","","","","MappedSObjectScreenResource","","42438109294881857","LLC_BI__Collateral__c",""
"a0qal00000CdJdXAAV","false","Collateral Search Results","a0sal000004PdLTAA0","false","false","false","false","","false","false","false","false","false","","slide","true","false","false","false","","true","","","","MappedSObjectScreenResource","","42445991943016780","LLC_BI__Collateral__c",""
"a0qal00000CdJdYAAV","false","Bulk Pledge Details","a0sal000004PdLsAAK","false","false","false","false","","false","false","false","false","false","","slide","true","false","false","false","","true","","","","CustomSObjectListScreenResource","","42452419303364976","LLC_BI__Loan_Collateral2__c",""
"a0qVx00000Gm4UlIAJ","false","Bulk Pledge Details","a0sVx000002iIT4IAM","false","false","false","false","","false","false","false","false","false","","slide","true","false","false","false","","true","","","","CustomSObjectListScreenResource","","42457559416603645","LLC_BI__Loan_Collateral2__c",""
"a0qal00000CdJdZAAV","false","Bulk Pledge Details","a0sal000004PdLUAA0","false","false","false","false","","false","false","false","false","false","","slide","true","false","false","false","","true","","","","CustomSObjectListScreenResource","","42495836968262912","LLC_BI__Loan_Collateral2__c",""
"a0qVx00000Gm4WgIAJ","false","Collateral Search Results","a0sVx000002iIXMIA2","false","false","false","false","","false","false","false","false","false","","slide","true","false","false","false","","true","","","","MappedSObjectScreenResource","","42522946735389811","LLC_BI__Collateral__c",""
"a0qal00000CdJdaAAF","false","Collateral Valuation","a0sal000004PdLcAAK","false","false","false","false","","false","false","false","false","false","","slide","true","false","false","false","","true","","","","MappedSObjectScreenResource","","42556818826445827","LLC_BI__Collateral__c",""
"a0qVx00000Gm4XlIAJ","false","Pledge Details","a0sal000004PdLmAAK","false","false","false","false","","false","false","false","false","false","","slide","true","false","false","true","","true","","","","MappedSObjectScreenResource","","42560036649135156","LLC_BI__Loan_Collateral2__c",""
"a0qal00000CdJdbAAF","false","Collateral Valuation","a0sal000004PdLTAA0","false","false","false","false","","false","false","false","false","false","","slide","true","false","false","false","","true","","","","MappedSObjectScreenResource","","42590166131955019","LLC_BI__Collateral__c",""
"a0qVx00000Gm4Z9IAJ","false","Collateral Details","a0sVx000002iIWRIA2","false","false","false","false","","false","false","false","false","false","","slide","true","false","false","true","","true","","","","MappedSObjectScreenResource","","42607265308893146","LLC_BI__Loan_Collateral2__c",""
"a0qal00000CdJdcAAF","false","Bulk Pledge Details","a0sal000004PdLfAAK","false","false","false","false","","false","false","false","false","false","","slide","true","false","false","false","","true","","","","CustomSObjectListScreenResource","","42611864134409575","LLC_BI__Loan_Collateral2__c",""
"a0qal00000CdJddAAF","false","Bulk Pledge Details","a0sal000004PdLtAAK","false","false","false","false","","false","false","false","false","false","","slide","true","false","false","false","","true","","","","CustomSObjectListScreenResource","","42615334647610688","LLC_BI__Loan_Collateral2__c",""
"a0qal00000CdJdeAAF","false","Collateral Search Results","a0sal000004PdLdAAK","false","false","false","false","","false","false","false","false","false","","slide","true","false","false","false","","true","","","","MappedSObjectScreenResource","","42629025865407762","LLC_BI__Collateral__c",""
"a0qal00000CdJdfAAF","false","Collateral Valuation","a0sal000004PdLpAAK","false","false","false","false","","false","false","false","false","false","","slide","true","false","false","false","","true","","","","MappedSObjectScreenResource","","42636758536657529","LLC_BI__Collateral__c",""
"a0qal00000CdJdgAAF","false","Bulk Pledge Details","a0sal000004PdLkAAK","false","false","false","false","","false","false","false","false","false","","slide","true","false","false","false","","true","","","","CustomSObjectListScreenResource","","42637226840552638","LLC_BI__Loan_Collateral2__c",""
"a0qal00000CdJdhAAF","false","Collateral Search Results","a0sal000004PdLuAAK","false","false","false","false","","false","false","false","false","false","","slide","true","false","false","false","","true","","","","MappedSObjectScreenResource","","42646748815427008","LLC_BI__Collateral__c",""
"a0qal00000CdJdiAAF","false","Bulk Pledge Details","a0sal000004PdLaAAK","false","false","false","false","","false","false","false","false","false","","slide","true","false","false","false","","true","","","","CustomSObjectListScreenResource","","42649800298279122","LLC_BI__Loan_Collateral2__c",""
"a0qal00000CdJdjAAF","false","Collateral Search Results","a0sal000004PdLrAAK","false","false","false","false","","false","false","false","false","false","","slide","true","false","false","false","","true","","","","MappedSObjectScreenResource","","42672268055648249","LLC_BI__Collateral__c",""
"a0qal00000CdJdkAAF","false","Collateral Search Results","a0sal000004PdLXAA0","false","false","false","false","","false","false","false","false","false","","slide","true","false","false","false","","true","","","","MappedSObjectScreenResource","","42679142240342848","LLC_BI__Collateral__c",""
"a0qal00000CdJdlAAF","false","Collateral Search Results","a0sal000004PdLnAAK","false","false","false","false","","false","false","false","false","false","","slide","true","false","false","false","","false","","","","MappedSObjectScreenResource","","42679382770118020","LLC_BI__Collateral__c",""
"a0qal00000CdJdmAAF","false","Collateral Valuation","a0sal000004PdLtAAK","false","false","false","false","","false","false","false","false","false","","slide","true","false","false","false","","true","","","","MappedSObjectScreenResource","","42683828209591215","LLC_BI__Collateral__c",""
"a0qVx00000Gm4bGIAR","false","Bulk Pledge Details","a0sVx000002iIV5IAM","false","false","false","false","","false","false","false","false","false","","slide","true","false","false","false","","true","","","","CustomSObjectListScreenResource","","42686565868702713","LLC_BI__Loan_Collateral2__c",""
"a0qal00000CdJdnAAF","false","Collateral Valuation","a0sal000004PdLaAAK","false","false","false","false","","false","false","false","false","false","","slide","true","false","false","false","","true","","","","MappedSObjectScreenResource","","42699376658931831","LLC_BI__Collateral__c",""
"a0qVx00000Gm4btIAB","false","Collateral Search Results","a0sVx000002iIV5IAM","false","false","false","false","","false","false","false","false","false","","slide","true","false","false","false","","true","","","","MappedSObjectScreenResource","","42709832714102949","LLC_BI__Collateral__c",""
"a0qal00000CdJdoAAF","false","Collateral Valuation","a0sal000004PdLsAAK","false","false","false","false","","false","false","false","false","false","","slide","true","false","false","false","","true","","","","MappedSObjectScreenResource","","42719981069742436","LLC_BI__Collateral__c",""
"a0qal00000CdJdpAAF","false","Collateral Valuation","a0sal000004PdLoAAK","false","false","false","false","","false","false","false","false","false","","slide","true","false","false","false","","true","","","","MappedSObjectScreenResource","","42724201043734643","LLC_BI__Collateral__c",""
"a0qal00000CdJdqAAF","false","Bulk Pledge Details","a0sal000004PdLpAAK","false","false","false","false","","false","false","false","false","false","","slide","true","false","false","false","","true","","","","CustomSObjectListScreenResource","","42745692644457605","LLC_BI__Loan_Collateral2__c",""
"a0qVx00000Gm4d2IAB","false","Collateral Search Results","a0sVx000002iISNIA2","false","false","false","false","","false","false","false","false","false","","slide","true","false","false","false","","true","","","","MappedSObjectScreenResource","","42756575715330971","LLC_BI__Collateral__c",""
"a0qVx00000Gm4d3IAB","false","Collateral Details","a0sal000004PdLcAAK","false","false","false","false","","false","false","false","false","false","","slide","true","false","false","true","","true","","","","MappedSObjectScreenResource","","42756644578938984","LLC_BI__Loan_Collateral2__c",""
"a0qVx00000Gm4d4IAB","false","Collateral Valuation","a0sVx000002iIV5IAM","false","false","false","false","","false","false","false","false","false","","slide","true","false","false","false","","true","","","","MappedSObjectScreenResource","","42756829475996655","LLC_BI__Collateral__c",""
"a0qal00000CdJdrAAF","false","Bulk Pledge Details","a0sal000004PdLnAAK","false","false","false","false","","false","false","false","false","false","","slide","true","false","false","false","","true","","","","CustomSObjectListScreenResource","","42767725671171979","LLC_BI__Loan_Collateral2__c",""
"a0qal00000CdJtKAAV","false","Collateral Valuation","a0sal000004PdNWAA0","false","false","false","false","","false","false","false","false","false","","slide","true","false","false","false","","true","","","","MappedSObjectScreenResource","","42770916055813452","LLC_BI__Collateral__c",""
"a0qVx00000Gm4ePIAR","false","Test 47098","a0sVx000002iIZXIA2","false","false","false","false","","false","false","false","false","false","47098.0","slide","true","false","false","false","","false","","","","SObjectScreenResource","","42802929803550101","LLC_BI__Product_Package__c",""
"a0qal00000CdJdsAAF","false","Collateral Search Results","a0sal000004PdLZAA0","false","false","false","false","","false","false","false","false","false","","slide","true","false","false","false","","true","","","","MappedSObjectScreenResource","","42805212959009489","LLC_BI__Collateral__c",""
"a0qal00000CdJtcAAF","false","Pledge Details","a0sal000004PdNWAA0","false","false","false","false","","false","false","false","false","false","","slide","true","false","false","true","","true","","","","MappedSObjectScreenResource","","42837477030719818","LLC_BI__Loan_Collateral2__c",""
"a0qal00000CdJdtAAF","false","Bulk Pledge Details","a0sal000004PdLuAAK","false","false","false","false","","false","false","false","false","false","","slide","true","false","false","false","","true","","","","CustomSObjectListScreenResource","","42848430673618947","LLC_BI__Loan_Collateral2__c",""
"a0qal00000CdJduAAF","false","Collateral Search Results","a0sal000004PdLjAAK","false","false","false","false","","false","false","false","false","false","","slide","true","false","false","false","","true","","","","MappedSObjectScreenResource","","42853911194284150","LLC_BI__Collateral__c",""
"a0qal00000CdJdvAAF","false","Collateral Search Results","a0sal000004PdLlAAK","false","false","false","false","","false","false","false","false","false","","slide","true","false","false","false","","true","","","","MappedSObjectScreenResource","","42855338262284267","LLC_BI__Collateral__c",""
"a0qal00000CdJdwAAF","false","Bulk Pledge Details","a0sal000004PdLgAAK","false","false","false","false","","false","false","false","false","false","","slide","true","false","false","false","","true","","","","CustomSObjectListScreenResource","","42863673639779731","LLC_BI__Loan_Collateral2__c",""
"a0qal00000CdJdxAAF","false","Collateral Search Results","a0sal000004PdLSAA0","false","false","false","false","","false","false","false","false","false","","slide","true","false","false","false","","true","","","","MappedSObjectScreenResource","","42865362700638445","LLC_BI__Collateral__c",""
"a0qVx00000Gm4gCIAR","false","Bulk Pledge Details","a0sVx000002iIXMIA2","false","false","false","false","","false","false","false","false","false","","slide","true","false","false","false","","true","","","","CustomSObjectListScreenResource","","42870706745356320","LLC_BI__Loan_Collateral2__c",""
"a0qal00000CdJdyAAF","false","Collateral Search Results","a0sal000004PdLcAAK","false","false","false","false","","false","false","false","false","false","","slide","true","false","false","false","","true","","","","MappedSObjectScreenResource","","4289077711468689","LLC_BI__Collateral__c",""
"a0qal00000CdJdzAAF","false","Bulk Pledge Details","a0sal000004PdLmAAK","false","false","false","false","","false","false","false","false","false","","slide","true","false","false","false","","true","","","","CustomSObjectListScreenResource","","42890787500455069","LLC_BI__Loan_Collateral2__c",""
"a0qal00000CdJkAAAV","false","Bulk Pledge Details","a0sal000004PdNWAA0","false","false","false","false","","false","false","false","false","false","","slide","true","false","false","false","","true","","","","CustomSObjectListScreenResource","","42922597703739427","LLC_BI__Loan_Collateral2__c",""
"a0qal00000CdJe0AAF","false","Bulk Pledge Details","a0sal000004PdLjAAK","false","false","false","false","","false","false","false","false","false","","slide","true","false","false","false","","true","","","","CustomSObjectListScreenResource","","42925548671347554","LLC_BI__Loan_Collateral2__c",""
"a0qal00000CdJe1AAF","false","Collateral Search Results","a0sal000004PdLsAAK","false","false","false","false","","false","false","false","false","false","","slide","true","false","false","false","","true","","","","MappedSObjectScreenResource","","42927034709879004","LLC_BI__Collateral__c",""
"a0qal00000CdJe2AAF","false","Collateral Search Results","a0sal000004PdLWAA0","false","false","false","false","","false","false","false","false","false","","slide","true","false","false","false","","true","","","","MappedSObjectScreenResource","","42927440148941693","LLC_BI__Collateral__c",""
"a0qal00000CdJe3AAF","false","Collateral Search Results","a0sal000004PdLeAAK","false","false","false","false","","false","false","false","false","false","","slide","true","false","false","false","","true","","","","MappedSObjectScreenResource","","42931257077940933","LLC_BI__Collateral__c",""
"a0qal00000CdJe4AAF","false","Collateral Search Results","a0sal000004PdLfAAK","false","false","false","false","","false","false","false","false","false","","slide","true","false","false","false","","true","","","","MappedSObjectScreenResource","","42938520474019178","LLC_BI__Collateral__c",""
"a0qal00000CdJe5AAF","false","Collateral Valuation","a0sal000004PdLmAAK","false","false","false","false","","false","false","false","false","false","","slide","true","false","false","false","","true","","","","MappedSObjectScreenResource","","42942024594527494","LLC_BI__Collateral__c",""
"a0qal00000CdJe6AAF","false","Bulk Pledge Details","a0sal000004PdLWAA0","false","false","false","false","","false","false","false","false","false","","slide","true","false","false","false","","true","","","","CustomSObjectListScreenResource","","42942025434103690","LLC_BI__Loan_Collateral2__c",""
"a0qal00000CdJe8AAF","false","Collateral Search Results","a0sal000004PdLtAAK","false","false","false","false","","false","false","false","false","false","","slide","true","false","false","false","","true","","","","MappedSObjectScreenResource","","42954137051418988","LLC_BI__Collateral__c",""
"a0qVx00000Gm4ibIAB","false","Pledge Details","a0sal000004PdLcAAK","false","false","false","false","","false","false","false","false","false","","slide","true","false","false","true","","true","","","","MappedSObjectScreenResource","","42954666193102875","LLC_BI__Loan_Collateral2__c",""
"a0qal00000CdJe9AAF","false","Bulk Pledge Details","a0sal000004PdLrAAK","false","false","false","false","","false","false","false","false","false","","slide","true","false","false","false","","true","","","","CustomSObjectListScreenResource","","42960334219562572","LLC_BI__Loan_Collateral2__c",""
"a0qal00000CdJeAAAV","false","Collateral Valuation","a0sal000004PdLhAAK","false","false","false","false","","false","false","false","false","false","","slide","true","false","false","false","","true","","","","MappedSObjectScreenResource","","42962545368564473","LLC_BI__Collateral__c",""
"a0qal00000CdJeBAAV","false","Collateral Valuation","a0sal000004PdLuAAK","false","false","false","false","","false","false","false","false","false","","slide","true","false","false","false","","true","","","","MappedSObjectScreenResource","","42962546458428846","LLC_BI__Collateral__c",""
"a0qal00000CdJeCAAV","false","Collateral Valuation","a0sal000004PdLVAA0","false","false","false","false","","false","false","false","false","false","","slide","true","false","false","false","","true","","","","MappedSObjectScreenResource","","42967747533345043","LLC_BI__Collateral__c",""
"a0qal00000CdJeDAAV","false","Collateral Search Results","a0sal000004PdLkAAK","false","false","false","false","","false","false","false","false","false","","slide","true","false","false","false","","true","","","","MappedSObjectScreenResource","","42976588561781420","LLC_BI__Collateral__c",""
"a0qVx00000Gm4jxIAB","false","Collateral Valuation","a0sVx000002iIXfIAM","false","false","false","false","","false","false","false","false","false","","slide","true","false","false","false","","true","","","","MappedSObjectScreenResource","","42999303671288413","LLC_BI__Collateral__c",""
"a0qVx00000Gm4kbIAB","false","3508 Review - Approved in Full","a0sVx000002iIP2IAM","false","false","false","false","","false","false","false","false","false","1.0","slide","true","false","false","false","","false","","","","ComparableScreenResource","","51406542060","LLC_BI__Loan__c",""
"a0qVx00000Gm4kyIAB","false","TEST_screensection-DT-276","a0sVx000002iIZXIA2","false","false","false","false","","false","false","false","false","false","105.0","slide","true","false","false","false","","false","","","a0qVx00000Gm4DoIAJ","SObjectScreenResource","","543268789132","LLC_BI__Review__c",""
