"Id","IsDeleted","Name","ConnectionReceivedId","ConnectionSentId","LLC_BI__CFG_ConfigKeys__c","LLC_BI__CFG_ConfigValue__c","LLC_BI__Product_Type__c","LLC_BI__lookupKey__c","LLC_BI__Product__c","LLC_BI__sObject_Type__c"
"a0CHo00000INPwrMAH","","CFG-CKJ00014929","","","a0DHo00000hOf4QMAS","a0EHo00001ZYk12MAD","","42009698359266972","",""
"a0CHo00000INPwmMAH","","CFG-CKJ00014924","","","a0DHo00000hOf4QMAS","a0EHo00001ZYk0vMAD","","42026650481773982","",""
"a0CHo00000INPx5MAH","","CFG-CKJ00014943","","","a0DHo00000hOf4SMAS","a0EHo00001ZYk0uMAD","","42029281540716260","",""
"a0CHo00000INTTQMA5","","CFG-CKJ00015025","","","a0DHo00000hPUXmMAO","a0EHo00001ZYwYGMA1","","42050590802912157","",""
"a0CHo00000INPwjMAH","","CFG-CKJ00014921","","","a0DHo00000hOf4OMAS","a0EHo00001ZYk15MAD","","42052270018555007","",""
"a0CHo00000INPwbMAH","","CFG-CKJ00014913","","","a0DHo00000hOf4OMAS","a0EHo00001ZYk0zMAD","","42068200496914160","",""
"a0CHo00000INPwxMAH","","CFG-CKJ00014935","","","a0DHo00000hOf4RMAS","a0EHo00001ZYk0yMAD","","42071174774357513","",""
"a0CHo00000INPx0MAH","","CFG-CKJ00014938","","","a0DHo00000hOf4RMAS","a0EHo00001ZYk11MAD","","42092876895874880","",""
"a0CHo00000INTTRMA5","","CFG-CKJ00015026","","","a0DHo00000hPUXlMAO","a0EHo00001ZYwYGMA1","","42097703335347599","",""
"a0CHo00000INPwsMAH","","CFG-CKJ00014930","","","a0DHo00000hOf4QMAS","a0EHo00001ZYk14MAD","","42102552367986118","",""
"a0CHo00000INTTCMA5","","CFG-CKJ00015011","","","a0DHo00000hPUXkMAO","a0EHo00001ZYk0SMAT","","42126191284441096","",""
"a0CHo00000INTTSMA5","","CFG-CKJ00015027","","","a0DHo00000hPUXkMAO","a0EHo00001ZYwYGMA1","","42141410172630057","",""
"a0CHo00000INPwnMAH","","CFG-CKJ00014925","","","a0DHo00000hOf4QMAS","a0EHo00001ZYk0yMAD","","42144169869546434","",""
"a0CHo00000INPwWMAX","","CFG-CKJ00014908","","","a0DHo00000hOf4OMAS","a0EHo00001ZYk0uMAD","","42158100700391656","",""
"a0CHo00000INPxBMAX","","CFG-CKJ00014949","","","a0DHo00000hOf4SMAS","a0EHo00001ZYk12MAD","","42165945388551663","",""
"a0CHo00000INPx4MAH","","CFG-CKJ00014942","","","a0DHo00000hOf4RMAS","a0EHo00001ZYk16MAD","","42199804981675625","",""
"a0CHo00000INPwcMAH","","CFG-CKJ00014914","","","a0DHo00000hOf4OMAS","a0EHo00001ZYk10MAD","","42207250184934712","",""
"a0CHo00000INPwvMAH","","CFG-CKJ00014933","","","a0DHo00000hOf4RMAS","a0EHo00001ZYk0uMAD","","42213627443279410","",""
"a0CHo00000INPwfMAH","","CFG-CKJ00014917","","","a0DHo00000hOf4OMAS","a0EHo00001ZYk12MAD","","42221483213783640","",""
"a0CHo00000INTTTMA5","","CFG-CKJ00015028","","","a0DHo00000hPUXmMAO","a0EHo00001ZYwYFMA1","","42222633780552999","",""
"a0CHo00000INPwoMAH","","CFG-CKJ00014926","","","a0DHo00000hOf4QMAS","a0EHo00001ZYk0zMAD","","42230994298756200","",""
"a0CHo00000INPx6MAH","","CFG-CKJ00014944","","","a0DHo00000hOf4SMAS","a0EHo00001ZYk0vMAD","","42246496149618254","",""
"a0CHo00000INTTEMA5","","CFG-CKJ00015013","","","a0DHo00000hPUXlMAO","a0EHo00001ZYk0VMAT","","42255348230365762","",""
"a0CHo00000INPx9MAH","","CFG-CKJ00014947","","","a0DHo00000hOf4SMAS","a0EHo00001ZYk10MAD","","4226139674781753","",""
"a0CHo00000INPwtMAH","","CFG-CKJ00014931","","","a0DHo00000hOf4QMAS","a0EHo00001ZYk15MAD","","42277772545589524","",""
"a0CHo00000INPwUMAX","","CFG-CKJ00014906","","","a0DHo00000hOf4PMAS","a0EHo00001ZYk0tMAD","","42291711167185889","",""
"a0CHo00000INPxDMAX","","CFG-CKJ00014951","","","a0DHo00000hOf4SMAS","a0EHo00001ZYk15MAD","","42293175822135847","",""
"a0CHo00000INTTMMA5","","CFG-CKJ00015021","","","a0DHo00000hPUXmMAO","a0EHo00001ZYk0UMAT","","42297314655432587","",""
"a0CHo00000INPwuMAH","","CFG-CKJ00014932","","","a0DHo00000hOf4QMAS","a0EHo00001ZYk16MAD","","42303966782514298","",""
"a0CHo00000INPwhMAH","","CFG-CKJ00014919","","","a0DHo00000hOf4PMAS","a0EHo00001ZYk13MAD","","42309899891472075","",""
"a0CHo00000INTTIMA5","","CFG-CKJ00015017","","","a0DHo00000hPUXlMAO","a0EHo00001ZYk0SMAT","","42310582542461235","",""
"a0CHo00000INPx7MAH","","CFG-CKJ00014945","","","a0DHo00000hOf4SMAS","a0EHo00001ZYk0yMAD","","42311038581712896","",""
"a0CHo00000INPxCMAX","","CFG-CKJ00014950","","","a0DHo00000hOf4SMAS","a0EHo00001ZYk14MAD","","42331818602002844","",""
"a0CHo00000INTTDMA5","","CFG-CKJ00015012","","","a0DHo00000hPUXkMAO","a0EHo00001ZYk0RMAT","","42342730530845043","",""
"a0CHo00000INTT9MAP","","CFG-CKJ00015008","","","a0DHo00000hPUXkMAO","a0EHo00001ZYk0TMAT","","42346467315245412","",""
"a0CHo00000INTTAMA5","","CFG-CKJ00015009","","","a0DHo00000hPUXkMAO","a0EHo00001ZYk0UMAT","","42353263784298037","",""
"a0CHo00000INPwyMAH","","CFG-CKJ00014936","","","a0DHo00000hOf4RMAS","a0EHo00001ZYk0zMAD","","42374492999899467","",""
"a0CHo00000INPwkMAH","","CFG-CKJ00014922","","","a0DHo00000hOf4OMAS","a0EHo00001ZYk16MAD","","42387079547967420","",""
"a0CHo00000INPx2MAH","","CFG-CKJ00014941","","","a0DHo00000hOf4RMAS","a0EHo00001ZYk15MAD","","42396324510821984","",""
"a0CHo00000INPx1MAH","","CFG-CKJ00014939","","","a0DHo00000hOf4RMAS","a0EHo00001ZYk12MAD","","42401772020420036","",""
"a0CHo00000INPwYMAX","","CFG-CKJ00014910","","","a0DHo00000hOf4PMAS","a0EHo00001ZYk10MAD","","42408619333718682","",""
"a0CHo00000INPweMAH","","CFG-CKJ00014916","","","a0DHo00000hOf4PMAS","a0EHo00001ZYk11MAD","","42422773577850113","",""
"a0CHo00000INPwXMAX","","CFG-CKJ00014909","","","a0DHo00000hOf4PMAS","a0EHo00001ZYk0zMAD","","42503209135713425","",""
"a0CHo00000INPwlMAH","","CFG-CKJ00014923","","","a0DHo00000hOf4QMAS","a0EHo00001ZYk0uMAD","","42531921149681515","",""
"a0CHo00000INPwSMAX","","CFG-CKJ00014904","","","a0DHo00000hOf4PMAS","a0EHo00001ZYk0yMAD","","42577709263807674","",""
"a0CHo00000INPwaMAH","","CFG-CKJ00014912","","","a0DHo00000hOf4OMAS","a0EHo00001ZYk0yMAD","","42589139660377151","",""
"a0CHo00000INPxEMAX","","CFG-CKJ00014952","","","a0DHo00000hOf4SMAS","a0EHo00001ZYk16MAD","","42602779552133777","",""
"a0CHo00000INTTVMA5","","CFG-CKJ00015030","","","a0DHo00000hPUXkMAO","a0EHo00001ZYwYFMA1","","42661690206225276","",""
"a0CHo00000INPwVMAX","","CFG-CKJ00014907","","","a0DHo00000hOf4PMAS","a0EHo00001ZYk0uMAD","","42718785798059149","",""
"a0CHo00000INTTPMA5","","CFG-CKJ00015024","","","a0DHo00000hPUXmMAO","a0EHo00001ZYk0RMAT","","42749925761095392","",""
"a0CHo00000INTT8MAP","","CFG-CKJ00015007","","","a0DHo00000hPUXkMAO","a0EHo00001ZYk0VMAT","","42764823670993349","",""
"a0CHo00000INPwpMAH","","CFG-CKJ00014927","","","a0DHo00000hOf4QMAS","a0EHo00001ZYk10MAD","","42777427956700941","",""
"a0CHo00000INTTGMA5","","CFG-CKJ00015015","","","a0DHo00000hPUXlMAO","a0EHo00001ZYk0UMAT","","42780401179071078","",""
"a0CHo00000INPxAMAX","","CFG-CKJ00014948","","","a0DHo00000hOf4SMAS","a0EHo00001ZYk11MAD","","42784817488010564","",""
"a0CHo00000INTTUMA5","","CFG-CKJ00015029","","","a0DHo00000hPUXlMAO","a0EHo00001ZYwYFMA1","","42794857640931950","",""
"a0CHo00000INPwZMAX","","CFG-CKJ00014911","","","a0DHo00000hOf4OMAS","a0EHo00001ZYk0vMAD","","42823757296074598","",""
"a0CHo00000INTTFMA5","","CFG-CKJ00015014","","","a0DHo00000hPUXlMAO","a0EHo00001ZYk0TMAT","","42835842712958869","",""
"a0CHo00000INPx8MAH","","CFG-CKJ00014946","","","a0DHo00000hOf4SMAS","a0EHo00001ZYk0zMAD","","42839807620270760","",""
"a0CHo00000INPwiMAH","","CFG-CKJ00014920","","","a0DHo00000hOf4OMAS","a0EHo00001ZYk14MAD","","42847707385226596","",""
"a0CHo00000INPx3MAH","","CFG-CKJ00014940","","","a0DHo00000hOf4RMAS","a0EHo00001ZYk14MAD","","42855392953985720","",""
"a0CHo00000INPwqMAH","","CFG-CKJ00014928","","","a0DHo00000hOf4QMAS","a0EHo00001ZYk11MAD","","42858042697347907","",""
"a0CHo00000INTTBMA5","","CFG-CKJ00015010","","","a0DHo00000hPUXkMAO","a0EHo00001ZYk0IMAT","","42860416679637395","",""
"a0CHo00000INPwTMAX","","CFG-CKJ00014905","","","a0DHo00000hOf4PMAS","a0EHo00001ZYk0wMAD","","4286973927783763","",""
"a0CHo00000INPwdMAH","","CFG-CKJ00014915","","","a0DHo00000hOf4OMAS","a0EHo00001ZYk11MAD","","42870613620746024","",""
"a0CHo00000INPwwMAH","","CFG-CKJ00014934","","","a0DHo00000hOf4RMAS","a0EHo00001ZYk0vMAD","","42918496076852158","",""
"a0CHo00000INTTJMA5","","CFG-CKJ00015018","","","a0DHo00000hPUXlMAO","a0EHo00001ZYk0RMAT","","42925488201695572","",""
"a0CHo00000INTTLMA5","","CFG-CKJ00015020","","","a0DHo00000hPUXmMAO","a0EHo00001ZYk0TMAT","","42934374377204236","",""
"a0CHo00000INTTNMA5","","CFG-CKJ00015022","","","a0DHo00000hPUXmMAO","a0EHo00001ZYk0IMAT","","42938438749025183","",""
"a0CHo00000INTTKMA5","","CFG-CKJ00015019","","","a0DHo00000hPUXmMAO","a0EHo00001ZYk0VMAT","","42948033213806597","",""
"a0CHo00000INTTOMA5","","CFG-CKJ00015023","","","a0DHo00000hPUXmMAO","a0EHo00001ZYk0SMAT","","42960740439330984","",""
"a0CHo00000INPwgMAH","","CFG-CKJ00014918","","","a0DHo00000hOf4PMAS","a0EHo00001ZYk12MAD","","42966708634210573","",""
"a0CHo00000INPwzMAH","","CFG-CKJ00014937","","","a0DHo00000hOf4RMAS","a0EHo00001ZYk10MAD","","42980992076349868","",""
"a0CHo00000INPwRMAX","","CFG-CKJ00014903","","","a0DHo00000hOf4PMAS","a0EHo00001ZYk0vMAD","","42988421999524117","",""
"a0CHo00000INTTHMA5","","CFG-CKJ00015016","","","a0DHo00000hPUXlMAO","a0EHo00001ZYk0IMAT","","42997069653500067","",""
"a0CHo00000INTSGMA5","","CFG-CKJ00014953","","","a0DHo00000hOf4EMAS","a0EHo00001ZYk0VMAT","","a0C5f000001RPiZEAW","",""
"a0CHo00000INTSHMA5","","CFG-CKJ00014954","","","a0DHo00000hOf4EMAS","a0EHo00001ZYk0TMAT","","a0C5f000001RPiaEAG","",""
"a0CHo00000INTSIMA5","","CFG-CKJ00014955","","","a0DHo00000hOf4EMAS","a0EHo00001ZYk0UMAT","","a0C5f000001RPibEAG","",""
"a0CHo00000INTSJMA5","","CFG-CKJ00014956","","","a0DHo00000hOf4EMAS","a0EHo00001ZYk0IMAT","","a0C5f000001RPicEAG","",""
"a0CHo00000INTSKMA5","","CFG-CKJ00014957","","","a0DHo00000hOf4EMAS","a0EHo00001ZYk0SMAT","","a0C5f000001RPidEAG","",""
"a0CHo00000INTSLMA5","","CFG-CKJ00014958","","","a0DHo00000hOf4EMAS","a0EHo00001ZYk0RMAT","","a0C5f000001RPieEAG","",""
"a0CHo00000INTSMMA5","","CFG-CKJ00014959","","","a0DHo00000hOf4FMAS","a0EHo00001ZYk0VMAT","","a0C5f000001RPifEAG","",""
"a0CHo00000INTSNMA5","","CFG-CKJ00014960","","","a0DHo00000hOf4FMAS","a0EHo00001ZYk0TMAT","","a0C5f000001RPigEAG","",""
"a0CHo00000INTSOMA5","","CFG-CKJ00014961","","","a0DHo00000hOf4FMAS","a0EHo00001ZYk0UMAT","","a0C5f000001RPihEAG","",""
"a0CHo00000INTSPMA5","","CFG-CKJ00014962","","","a0DHo00000hOf4FMAS","a0EHo00001ZYk0IMAT","","a0C5f000001RPiiEAG","",""
"a0CHo00000INTSQMA5","","CFG-CKJ00014963","","","a0DHo00000hOf4FMAS","a0EHo00001ZYk0SMAT","","a0C5f000001RPijEAG","",""
"a0CHo00000INTSRMA5","","CFG-CKJ00014964","","","a0DHo00000hOf4FMAS","a0EHo00001ZYk0RMAT","","a0C5f000001RPikEAG","",""
"a0CHo00000INTSSMA5","","CFG-CKJ00014965","","","a0DHo00000hOf4GMAS","a0EHo00001ZYk0VMAT","","a0C5f000001RPilEAG","",""
"a0CHo00000INTSTMA5","","CFG-CKJ00014966","","","a0DHo00000hOf4GMAS","a0EHo00001ZYk0TMAT","","a0C5f000001RPimEAG","",""
"a0CHo00000INTSUMA5","","CFG-CKJ00014967","","","a0DHo00000hOf4GMAS","a0EHo00001ZYk0UMAT","","a0C5f000001RPinEAG","",""
"a0CHo00000INTSVMA5","","CFG-CKJ00014968","","","a0DHo00000hOf4GMAS","a0EHo00001ZYk0IMAT","","a0C5f000001RPioEAG","",""
"a0CHo00000INTSWMA5","","CFG-CKJ00014969","","","a0DHo00000hOf4GMAS","a0EHo00001ZYk0SMAT","","a0C5f000001RPipEAG","",""
"a0CHo00000INTSXMA5","","CFG-CKJ00014970","","","a0DHo00000hOf4GMAS","a0EHo00001ZYk0RMAT","","a0C5f000001RPiqEAG","",""
"a0CHo00000INTSYMA5","","CFG-CKJ00014971","","","a0DHo00000hOf4MMAS","a0EHo00001ZYk0cMAD","","a0C5f000001RPirEAG","",""
"a0CHo00000INTSZMA5","","CFG-CKJ00014972","","","a0DHo00000hOf4MMAS","a0EHo00001ZYk0ZMAT","","a0C5f000001RPisEAG","",""
"a0CHo00000INTSaMAP","","CFG-CKJ00014973","","","a0DHo00000hOf4HMAS","a0EHo00001ZYk0KMAT","","a0C5f000001RPitEAG","",""
"a0CHo00000INTSbMAP","","CFG-CKJ00014974","","","a0DHo00000hOf4IMAS","a0EHo00001ZYk0JMAT","","a0C5f000001RPiuEAG","",""
"a0CHo00000INTScMAP","","CFG-CKJ00014975","","","a0DHo00000hOf4KMAS","a0EHo00001ZYk0LMAT","","a0C5f000001RPivEAG","",""
"a0CHo00000INTSdMAP","","CFG-CKJ00014976","","","a0DHo00000hOf4KMAS","a0EHo00001ZYk0QMAT","","a0C5f000001RPiwEAG","",""
"a0CHo00000INTSeMAP","","CFG-CKJ00014977","","","a0DHo00000hOf4LMAS","a0EHo00001ZYk0MMAT","","a0C5f000001RPixEAG","",""
"a0CHo00000INTSfMAP","","CFG-CKJ00014978","","","a0DHo00000hOf4NMAS","a0EHo00001ZYk0IMAT","","a0C5f000001RPiyEAG","",""
"a0CHo00000INTSgMAP","","CFG-CKJ00014979","","","a0DHo00000hOf4JMAS","a0EHo00001ZYk0PMAT","","a0C5f000001RPizEAG","",""
"a0CHo00000INTShMAP","","CFG-CKJ00014980","","","a0DHo00000hOf4MMAS","a0EHo00001ZYk0WMAT","","a0C5f000001RPj0EAG","",""
"a0CHo00000INTSiMAP","","CFG-CKJ00014981","","","a0DHo00000hOf4MMAS","a0EHo00001ZYk0XMAT","","a0C5f000001RPj1EAG","",""
"a0CHo00000INTSjMAP","","CFG-CKJ00014982","","","a0DHo00000hOf4MMAS","a0EHo00001ZYk0eMAD","","a0C5f000001RPj2EAG","",""
"a0CHo00000INTSkMAP","","CFG-CKJ00014983","","","a0DHo00000hOf4MMAS","a0EHo00001ZYk0kMAD","","a0C5f000001RPj3EAG","",""
"a0CHo00000INTSlMAP","","CFG-CKJ00014984","","","a0DHo00000hOf4MMAS","a0EHo00001ZYk0YMAT","","a0C5f000001RPj4EAG","",""
"a0CHo00000INTSmMAP","","CFG-CKJ00014985","","","a0DHo00000hOf4MMAS","a0EHo00001ZYk0aMAD","","a0C5f000001RPj5EAG","",""
"a0CHo00000INTSnMAP","","CFG-CKJ00014986","","","a0DHo00000hOf4MMAS","a0EHo00001ZYk0OMAT","","a0C5f000001RPj6EAG","",""
"a0CHo00000INTSoMAP","","CFG-CKJ00014987","","","a0DHo00000hOf4MMAS","a0EHo00001ZYk0bMAD","","a0C5f000001RPj7EAG","",""
"a0CHo00000INTSpMAP","","CFG-CKJ00014988","","","a0DHo00000hOf4MMAS","a0EHo00001ZYk0dMAD","","a0C5f000001RPj8EAG","",""
"a0CHo00000INTSqMAP","","CFG-CKJ00014989","","","a0DHo00000hOf4MMAS","a0EHo00001ZYk0fMAD","","a0C5f000001RPj9EAG","",""
"a0CHo00000INTSrMAP","","CFG-CKJ00014990","","","a0DHo00000hOf4MMAS","a0EHo00001ZYk0NMAT","","a0C5f000001RPjAEAW","",""
"a0CHo00000INTSsMAP","","CFG-CKJ00014991","","","a0DHo00000hOf4MMAS","a0EHo00001ZYk0gMAD","","a0C5f000001RPjBEAW","",""
"a0CHo00000INTStMAP","","CFG-CKJ00014992","","","a0DHo00000hOf4MMAS","a0EHo00001ZYk0hMAD","","a0C5f000001RPjCEAW","",""
"a0CHo00000INTSuMAP","","CFG-CKJ00014993","","","a0DHo00000hOf4MMAS","a0EHo00001ZYk0iMAD","","a0C5f000001RPjDEAW","",""
"a0CHo00000INTSvMAP","","CFG-CKJ00014994","","","a0DHo00000hOf4MMAS","a0EHo00001ZYk0jMAD","","a0C5f000001RPjEEAW","",""
"a0CHo00000INTSwMAP","","CFG-CKJ00014995","","","a0DHo00000hOf4MMAS","a0EHo00001ZYk0lMAD","","a0C5f000001RPjFEAW","",""
"a0CHo00000INTSxMAP","","CFG-CKJ00014996","","","a0DHo00000hOf4MMAS","a0EHo00001ZYk0mMAD","","a0C5f000001RPjGEAW","",""
"a0CHo00000INTSyMAP","","CFG-CKJ00014997","","","a0DHo00000hOf4NMAS","a0EHo00001ZYk0VMAT","","a0C5f000001RPjHEAW","",""
"a0CHo00000INTSzMAP","","CFG-CKJ00014998","","","a0DHo00000hOf4NMAS","a0EHo00001ZYk0RMAT","","a0C5f000001RPjIEAW","",""
"a0CHo00000INTT0MAP","","CFG-CKJ00014999","","","a0DHo00000hOf4NMAS","a0EHo00001ZYk0TMAT","","a0C5f000001RPjJEAW","",""
"a0CHo00000INTT1MAP","","CFG-CKJ00015000","","","a0DHo00000hOf4NMAS","a0EHo00001ZYk0UMAT","","a0C5f000001RPjKEAW","",""
"a0CHo00000INTT2MAP","","CFG-CKJ00015001","","","a0DHo00000hOf4NMAS","a0EHo00001ZYk0SMAT","","a0C5f000001RPjLEAW","",""
"a0CHo00000INTT3MAP","","CFG-CKJ00015002","","","a0DHo00000hOf4MMAS","a0EHo00001ZYk0SMAT","","a0C5f000001RPjMEAW","",""
"a0CHo00000INTT4MAP","","CFG-CKJ00015003","","","a0DHo00000hOf4MMAS","a0EHo00001ZYk0nMAD","","a0C5f000001RPjNEAW","",""
"a0CHo00000INTT5MAP","","CFG-CKJ00015004","","","a0DHo00000hOf4NMAS","a0EHo00001ZYk0sMAD","","a0C5f000001RPjOEAW","",""
"a0CHo00000INTT6MAP","","CFG-CKJ00015005","","","a0DHo00000hOf4NMAS","a0EHo00001ZYk0rMAD","","a0C5f000001RPjPEAW","",""
"a0CHo00000INTT7MAP","","CFG-CKJ00015006","","","a0DHo00000hOf4NMAS","a0EHo00001ZYk0LMAT","","a0C5f000001RPjQEAW","",""
"a0CHo00000INPvcMAH","","CFG-CKJ00014852","","","a0DHo00000hOf4EMAS","a0EHo00001ZYk0IMAT","","a0CHo00000INPxFMAX","",""
"a0CHo00000INPvaMAH","","CFG-CKJ00014849","","","a0DHo00000hOf4EMAS","a0EHo00001ZYk0VMAT","","a0CHo00000INPxGMAX","",""
"a0CHo00000INPvZMAX","","CFG-CKJ00014850","","","a0DHo00000hOf4EMAS","a0EHo00001ZYk0TMAT","","a0CHo00000INPxHMAX","",""
"a0CHo00000INPvbMAH","","CFG-CKJ00014851","","","a0DHo00000hOf4EMAS","a0EHo00001ZYk0UMAT","","a0CHo00000INPxIMAX","",""
"a0CHo00000INPvdMAH","","CFG-CKJ00014853","","","a0DHo00000hOf4EMAS","a0EHo00001ZYk0SMAT","","a0CHo00000INPxJMAX","",""
"a0CHo00000INPveMAH","","CFG-CKJ00014854","","","a0DHo00000hOf4EMAS","a0EHo00001ZYk0RMAT","","a0CHo00000INPxKMAX","",""
"a0CHo00000INPvfMAH","","CFG-CKJ00014855","","","a0DHo00000hOf4FMAS","a0EHo00001ZYk0VMAT","","a0CHo00000INPxLMAX","",""
"a0CHo00000INPvgMAH","","CFG-CKJ00014856","","","a0DHo00000hOf4FMAS","a0EHo00001ZYk0TMAT","","a0CHo00000INPxMMAX","",""
"a0CHo00000INPvhMAH","","CFG-CKJ00014857","","","a0DHo00000hOf4FMAS","a0EHo00001ZYk0UMAT","","a0CHo00000INPxNMAX","",""
"a0CHo00000INPviMAH","","CFG-CKJ00014858","","","a0DHo00000hOf4FMAS","a0EHo00001ZYk0IMAT","","a0CHo00000INPxOMAX","",""
"a0CHo00000INPvjMAH","","CFG-CKJ00014859","","","a0DHo00000hOf4FMAS","a0EHo00001ZYk0SMAT","","a0CHo00000INPxPMAX","",""
"a0CHo00000INPvkMAH","","CFG-CKJ00014860","","","a0DHo00000hOf4FMAS","a0EHo00001ZYk0RMAT","","a0CHo00000INPxQMAX","",""
"a0CHo00000INPvlMAH","","CFG-CKJ00014861","","","a0DHo00000hOf4GMAS","a0EHo00001ZYk0VMAT","","a0CHo00000INPxRMAX","",""
"a0CHo00000INPvmMAH","","CFG-CKJ00014862","","","a0DHo00000hOf4GMAS","a0EHo00001ZYk0TMAT","","a0CHo00000INPxSMAX","",""
"a0CHo00000INPvnMAH","","CFG-CKJ00014863","","","a0DHo00000hOf4GMAS","a0EHo00001ZYk0UMAT","","a0CHo00000INPxTMAX","",""
"a0CHo00000INPvoMAH","","CFG-CKJ00014864","","","a0DHo00000hOf4GMAS","a0EHo00001ZYk0IMAT","","a0CHo00000INPxUMAX","",""
"a0CHo00000INPvpMAH","","CFG-CKJ00014865","","","a0DHo00000hOf4GMAS","a0EHo00001ZYk0SMAT","","a0CHo00000INPxVMAX","",""
"a0CHo00000INPvqMAH","","CFG-CKJ00014866","","","a0DHo00000hOf4GMAS","a0EHo00001ZYk0RMAT","","a0CHo00000INPxWMAX","",""
"a0CHo00000INPvrMAH","","CFG-CKJ00014867","","","a0DHo00000hOf4MMAS","a0EHo00001ZYk0cMAD","","a0CHo00000INPxXMAX","",""
"a0CHo00000INPvsMAH","","CFG-CKJ00014868","","","a0DHo00000hOf4MMAS","a0EHo00001ZYk0ZMAT","","a0CHo00000INPxYMAX","",""
"a0CHo00000INPvtMAH","","CFG-CKJ00014869","","","a0DHo00000hOf4HMAS","a0EHo00001ZYk0KMAT","","a0CHo00000INPxZMAX","",""
"a0CHo00000INPvuMAH","","CFG-CKJ00014870","","","a0DHo00000hOf4IMAS","a0EHo00001ZYk0JMAT","","a0CHo00000INPxaMAH","",""
"a0CHo00000INPvvMAH","","CFG-CKJ00014871","","","a0DHo00000hOf4KMAS","a0EHo00001ZYk0LMAT","","a0CHo00000INPxbMAH","",""
"a0CHo00000INPvwMAH","","CFG-CKJ00014872","","","a0DHo00000hOf4KMAS","a0EHo00001ZYk0QMAT","","a0CHo00000INPxcMAH","",""
"a0CHo00000INPvxMAH","","CFG-CKJ00014873","","","a0DHo00000hOf4LMAS","a0EHo00001ZYk0MMAT","","a0CHo00000INPxdMAH","",""
"a0CHo00000INPvyMAH","","CFG-CKJ00014874","","","a0DHo00000hOf4NMAS","a0EHo00001ZYk0IMAT","","a0CHo00000INPxeMAH","",""
"a0CHo00000INPw2MAH","","CFG-CKJ00014878","","","a0DHo00000hOf4MMAS","a0EHo00001ZYk0eMAD","","a0CHo00000INPxfMAH","",""
"a0CHo00000INPvzMAH","","CFG-CKJ00014875","","","a0DHo00000hOf4JMAS","a0EHo00001ZYk0PMAT","","a0CHo00000INPxgMAH","",""
"a0CHo00000INPw0MAH","","CFG-CKJ00014876","","","a0DHo00000hOf4MMAS","a0EHo00001ZYk0WMAT","","a0CHo00000INPxhMAH","",""
"a0CHo00000INPw1MAH","","CFG-CKJ00014877","","","a0DHo00000hOf4MMAS","a0EHo00001ZYk0XMAT","","a0CHo00000INPxiMAH","",""
"a0CHo00000INPw3MAH","","CFG-CKJ00014879","","","a0DHo00000hOf4MMAS","a0EHo00001ZYk0kMAD","","a0CHo00000INPxjMAH","",""
"a0CHo00000INPw4MAH","","CFG-CKJ00014880","","","a0DHo00000hOf4MMAS","a0EHo00001ZYk0YMAT","","a0CHo00000INPxkMAH","",""
"a0CHo00000INPw5MAH","","CFG-CKJ00014881","","","a0DHo00000hOf4MMAS","a0EHo00001ZYk0aMAD","","a0CHo00000INPxlMAH","",""
"a0CHo00000INPw6MAH","","CFG-CKJ00014882","","","a0DHo00000hOf4MMAS","a0EHo00001ZYk0OMAT","","a0CHo00000INPxmMAH","",""
"a0CHo00000INPw7MAH","","CFG-CKJ00014883","","","a0DHo00000hOf4MMAS","a0EHo00001ZYk0bMAD","","a0CHo00000INPxnMAH","",""
"a0CHo00000INPw8MAH","","CFG-CKJ00014884","","","a0DHo00000hOf4MMAS","a0EHo00001ZYk0dMAD","","a0CHo00000INPxoMAH","",""
"a0CHo00000INPw9MAH","","CFG-CKJ00014885","","","a0DHo00000hOf4MMAS","a0EHo00001ZYk0fMAD","","a0CHo00000INPxpMAH","",""
"a0CHo00000INPwAMAX","","CFG-CKJ00014886","","","a0DHo00000hOf4MMAS","a0EHo00001ZYk0NMAT","","a0CHo00000INPxqMAH","",""
"a0CHo00000INPwBMAX","","CFG-CKJ00014887","","","a0DHo00000hOf4MMAS","a0EHo00001ZYk0gMAD","","a0CHo00000INPxrMAH","",""
"a0CHo00000INPwCMAX","","CFG-CKJ00014888","","","a0DHo00000hOf4MMAS","a0EHo00001ZYk0hMAD","","a0CHo00000INPxsMAH","",""
"a0CHo00000INPwDMAX","","CFG-CKJ00014889","","","a0DHo00000hOf4MMAS","a0EHo00001ZYk0iMAD","","a0CHo00000INPxtMAH","",""
"a0CHo00000INPwEMAX","","CFG-CKJ00014890","","","a0DHo00000hOf4MMAS","a0EHo00001ZYk0jMAD","","a0CHo00000INPxuMAH","",""
"a0CHo00000INPwFMAX","","CFG-CKJ00014891","","","a0DHo00000hOf4MMAS","a0EHo00001ZYk0lMAD","","a0CHo00000INPxvMAH","",""
"a0CHo00000INPwGMAX","","CFG-CKJ00014892","","","a0DHo00000hOf4MMAS","a0EHo00001ZYk0mMAD","","a0CHo00000INPxwMAH","",""
"a0CHo00000INPwHMAX","","CFG-CKJ00014893","","","a0DHo00000hOf4NMAS","a0EHo00001ZYk0VMAT","","a0CHo00000INPxxMAH","",""
"a0CHo00000INPwIMAX","","CFG-CKJ00014894","","","a0DHo00000hOf4NMAS","a0EHo00001ZYk0RMAT","","a0CHo00000INPxyMAH","",""
"a0CHo00000INPwJMAX","","CFG-CKJ00014895","","","a0DHo00000hOf4NMAS","a0EHo00001ZYk0TMAT","","a0CHo00000INPxzMAH","",""
"a0CHo00000INPwKMAX","","CFG-CKJ00014896","","","a0DHo00000hOf4NMAS","a0EHo00001ZYk0UMAT","","a0CHo00000INPy0MAH","",""
"a0CHo00000INPwLMAX","","CFG-CKJ00014897","","","a0DHo00000hOf4NMAS","a0EHo00001ZYk0SMAT","","a0CHo00000INPy1MAH","",""
"a0CHo00000INPwMMAX","","CFG-CKJ00014898","","","a0DHo00000hOf4MMAS","a0EHo00001ZYk0SMAT","","a0CHo00000INPy2MAH","",""
"a0CHo00000INPwNMAX","","CFG-CKJ00014899","","","a0DHo00000hOf4MMAS","a0EHo00001ZYk0nMAD","","a0CHo00000INPy3MAH","",""
"a0CHo00000INPwOMAX","","CFG-CKJ00014900","","","a0DHo00000hOf4NMAS","a0EHo00001ZYk0sMAD","","a0CHo00000INPy4MAH","",""
"a0CHo00000INPwPMAX","","CFG-CKJ00014901","","","a0DHo00000hOf4NMAS","a0EHo00001ZYk0rMAD","","a0CHo00000INPy5MAH","",""
"a0CHo00000INPwQMAX","","CFG-CKJ00014902","","","a0DHo00000hOf4NMAS","a0EHo00001ZYk0LMAT","","a0CHo00000INPy6MAH","",""
