"Id","OwnerId","IsDeleted","Name","CreatedDate","CreatedById","LastModifiedDate","LastModifiedById","SystemModstamp","LastActivityDate","LastViewedDate","LastReferencedDate","LLC_BI__Budget_Template_Id__c","LLC_BI__Budget_Template__c","LLC_BI__Description__c","LLC_BI__Is_Initially_Editable__c","LLC_BI__Is_Template__c","LLC_BI__Pending_Amount__c","LLC_BI__Percent_Allocated__c","LLC_BI__Percent_Disbursed__c","LLC_BI__Percent_Remaining_Disbursement__c","LLC_BI__Percent_Remaining__c","LLC_BI__Remaining_Disbursement__c","LLC_BI__Total_Allocated__c","LLC_BI__Total_Budget_Amount__c","LLC_BI__Total_Disbursed_Amount__c","LLC_BI__Total_Remaining__c","LLC_BI__lookupKey__c","LLC_BI__Percent_Hard_Costs__c","LLC_BI__Percent_Other_Costs__c","LLC_BI__Percent_Soft_Costs__c","LLC_BI__Total_Hard_Costs__c","LLC_BI__Total_Other_Costs__c","LLC_BI__Total_Soft_Costs__c","AutorabitExtId__c","YM_ExternalIDDestination__c","YM_ExternalIDSource__c"
"a1WWE000004pp1d2AA","005al00000RVvFOAA1","false","CLA Complex Budget 1 Template","2026-05-12T13:54:24.000Z","005al00000RVcKvAAL","2026-08-13T16:58:57.000Z","005al00000RVvFOAA1","2026-08-13T16:58:57.000Z","","","","","","","true","true","0.0","","","","","0.0","0.0","0.0","0.0","0.0","42021036359002676","","","","0.0","0.0","0.0","a1WWD000002M0Rd2AK","",""
"a1WWE000004pp1X2AQ","005al00000RVvFOAA1","false","NcinoRecord-01","2026-05-12T13:54:24.000Z","005al00000RVcKvAAL","2026-08-13T16:58:57.000Z","005al00000RVvFOAA1","2026-08-13T16:58:57.000Z","","","","","","","true","true","0.0","","","","","0.0","0.0","0.0","0.0","0.0","42056301407591363","","","","0.0","0.0","0.0","a1WWD000002QYEx2AO","",""
"a1WWE000004pp2b2AA","005al00000RVvFOAA1","false","Elite budget","2026-05-12T13:54:24.000Z","005al00000RVcKvAAL","2026-08-13T16:58:57.000Z","005al00000RVvFOAA1","2026-08-13T16:58:57.000Z","","","","","","","true","false","0.0","831.1042","1068.8958","-968.8958","-731.1042","-6230.0","5344.0","643.0","6873.0","-4701.0","42069451525749142","0.0","0.0","0.0","0.0","0.0","0.0","a1WWD000002QYEu2AO","",""
"a1WWE000004pp2Z2AQ","005al00000RVvFOAA1","false","Contract budget","2026-05-12T13:54:24.000Z","005al00000RVcKvAAL","2026-08-13T16:58:57.000Z","005al00000RVvFOAA1","2026-08-13T16:58:57.000Z","","","","","","","true","false","0.0","17.0406","154.4364","-54.4364","82.9594","-23780.0","7444.0","43684.0","67464.0","36240.0","42081875638704092","0.0","0.0","0.0","0.0","0.0","0.0","a1WWD000002QYEt2AO","",""
"a1WWE000004pp1e2AA","005al00000RVvFOAA1","false","CLA Simple Budget 2 Template","2026-05-12T13:54:24.000Z","005al00000RVcKvAAL","2026-08-13T16:59:14.000Z","005al00000RVvFOAA1","2026-08-13T16:59:14.000Z","","","","","","","true","true","0.0","","","","","0.0","0.0","0.0","0.0","0.0","42110583086880417","","","","0.0","0.0","0.0","a1WWD000002M0Re2AK","",""
"a1WWE000004pp2H2AQ","005al00000RVvFOAA1","false","New Rec 62 updated","2026-05-12T13:54:24.000Z","005al00000RVcKvAAL","2026-08-13T16:58:57.000Z","005al00000RVvFOAA1","2026-08-13T16:58:57.000Z","","","","","","","false","false","0.0","","","","","0.0","0.0","0.0","0.0","0.0","42152289717499210","","","","0.0","0.0","0.0","a1WWD000002QYF02AO","",""
"a1WWE000004pp2W2AQ","005al00000RVvFOAA1","false","Services budget","2026-05-12T13:54:24.000Z","005al00000RVcKvAAL","2026-08-13T16:58:57.000Z","005al00000RVvFOAA1","2026-08-13T16:58:57.000Z","","","","","","","true","false","883.0","1128.2258","113.3065","-131.9892","-1028.2258","-982.0","8394.0","744.0","843.0","-7650.0","42172159694687762","0.0","0.0","0.0","0.0","0.0","0.0","a1WWD000002QYF82AO","",""
"a1WWE000004pp1f2AA","005al00000RVvFOAA1","false","CLA Simple Budget 1 Template","2026-05-12T13:54:24.000Z","005al00000RVcKvAAL","2026-08-13T16:59:14.000Z","005al00000RVvFOAA1","2026-08-13T16:59:14.000Z","","","","","","","true","true","0.0","","","","","0.0","0.0","0.0","0.0","0.0","42190861640379324","","","","0.0","0.0","0.0","a1WWD000002M0Rf2AK","",""
"a1WWE000004pp1g2AA","005al00000RVvFOAA1","false","CLA Complex Budget 1 Template","2026-05-12T13:54:24.000Z","005al00000RVcKvAAL","2026-08-13T16:59:14.000Z","005al00000RVvFOAA1","2026-08-13T16:59:14.000Z","","","","","a1WWE000004pp1l2AA","","false","false","0.0","0.0","0.0","100.0","100.0","500000.0","0.0","500000.0","0.0","500000.0","42191334335403812","0.0","0.0","0.0","0.0","0.0","0.0","a1WWD000002M0Rg2AK","",""
"a1WWE000004pp1h2AA","005al00000RVvFOAA1","false","CLA Complex Budget 1 Template","2026-05-12T13:54:24.000Z","005al00000RVcKvAAL","2026-08-13T16:59:14.000Z","005al00000RVvFOAA1","2026-08-13T16:59:14.000Z","","","","","a1WWE000004pp1k2AA","","false","false","0.0","0.0","0.0","100.0","100.0","500000.0","0.0","500000.0","0.0","500000.0","42228810885640343","0.0","0.0","0.0","0.0","0.0","0.0","a1WWD000002M0Rh2AK","",""
"a1WWE000004pp2S2AQ","005al00000RVvFOAA1","false","newJob001","2026-05-12T13:54:24.000Z","005al00000RVcKvAAL","2026-08-13T16:58:57.000Z","005al00000RVvFOAA1","2026-08-13T16:58:57.000Z","","","","","","","true","false","0.0","","","","","0.0","0.0","0.0","0.0","0.0","42235077918149309","","","","0.0","0.0","0.0","a1WWD000002QYFE2A4","",""
"a1WWE000004pp1O2AQ","005al00000RVvFOAA1","false","New Budgets 01","2026-05-12T13:54:24.000Z","005al00000RVcKvAAL","2026-08-13T16:58:57.000Z","005al00000RVvFOAA1","2026-08-13T16:58:57.000Z","","","","","a1WWE000004pp1P2AQ","","false","false","0.0","0.0","0.0","100.0","100.0","500000.0","0.0","500000.0","0.0","500000.0","42244306118689534","0.0","0.0","0.0","0.0","0.0","0.0","a1WWD000002QYEz2AO","",""
"a1WWE000004pp1i2AA","005al00000RVvFOAA1","false","CLA Simple Budget 1 Template","2026-05-12T13:54:24.000Z","005al00000RVcKvAAL","2026-08-13T16:59:14.000Z","005al00000RVvFOAA1","2026-08-13T16:59:14.000Z","","","","","","","true","true","0.0","","","","","0.0","0.0","0.0","0.0","0.0","42253046241412123","","","","0.0","0.0","0.0","a1WWD000002M0Ri2AK","",""
"a1WWE000004pp2k2AA","005al00000RVvFOAA1","false","A budget 2","2026-05-12T13:54:24.000Z","005al00000RVcKvAAL","2026-08-13T16:58:57.000Z","005al00000RVvFOAA1","2026-08-13T16:58:57.000Z","","","","","","","true","false","0.0","","","","","0.0","0.0","0.0","0.0","0.0","42290867984417717","","","","0.0","0.0","0.0","a1WWD000002QYEc2AO","",""
"a1WWE000004pp2a2AA","005al00000RVvFOAA1","false","Intake budget","2026-05-12T13:54:24.000Z","005al00000RVcKvAAL","2026-08-13T16:58:57.000Z","005al00000RVvFOAA1","2026-08-13T16:58:57.000Z","","","","","","","true","false","0.0","9.541","9.6764","90.3236","90.459","6002.0","634.0","6645.0","643.0","6011.0","42319798035310692","0.0","0.0","0.0","0.0","0.0","0.0","a1WWD000002QYEw2AO","",""
"a1WWE000004pp2e2AA","005al00000RVvFOAA1","false","semi annual budget","2026-05-12T13:54:24.000Z","005al00000RVcKvAAL","2026-08-13T16:58:57.000Z","005al00000RVvFOAA1","2026-08-13T16:58:57.000Z","","","","","","","true","false","0.0","136024.5723","1188.647","-1088.647","-135924.5723","-7000.0","874638.0","643.0","7643.0","-873995.0","42426512277583364","0.0","0.0","0.0","0.0","0.0","0.0","a1WWD000002QYFG2A4","",""
"a1WWE000004pp2n2AA","005al00000RVvFOAA1","false","AA budget 3","2026-05-12T13:54:24.000Z","005al00000RVcKvAAL","2026-08-13T16:58:57.000Z","005al00000RVvFOAA1","2026-08-13T16:58:57.000Z","","","","","","","true","false","0.0","","","","","0.0","0.0","0.0","0.0","0.0","42499909363725076","","","","0.0","0.0","0.0","a1WWD000002QYEf2AO","",""
"a1WWE000004pp2c2AA","005al00000RVvFOAA1","false","overall budget","2026-05-12T13:54:24.000Z","005al00000RVcKvAAL","2026-08-13T16:58:57.000Z","005al00000RVvFOAA1","2026-08-13T16:58:57.000Z","","","","","","","true","false","0.0","5.3028","100.2058","-0.2058","94.6972","-180.0","4638.0","87463.0","87643.0","82825.0","42507880177204313","0.0","0.0","0.0","0.0","0.0","0.0","a1WWD000002QYFF2A4","",""
"a1WWE000004pp2m2AA","005al00000RVvFOAA1","false","AA budget 2","2026-05-12T13:54:24.000Z","005al00000RVcKvAAL","2026-08-13T16:58:57.000Z","005al00000RVvFOAA1","2026-08-13T16:58:57.000Z","","","","","","","true","false","0.0","","","","","0.0","0.0","0.0","0.0","0.0","42513768554706735","","","","0.0","0.0","0.0","a1WWD000002QYEe2AO","",""
"a1WWE000004pp1j2AA","005al00000RVvFOAA1","false","CLA Simple Budget 2 Template","2026-05-12T13:54:24.000Z","005al00000RVcKvAAL","2026-08-13T16:59:14.000Z","005al00000RVvFOAA1","2026-08-13T16:59:14.000Z","","","","","","","true","true","0.0","","","","","0.0","0.0","0.0","0.0","0.0","42516101622084174","","","","0.0","0.0","0.0","a1WWD000002M0Rj2AK","",""
"a1WWE000004pp1k2AA","005al00000RVvFOAA1","false","CLA Complex Budget 1 Template","2026-05-12T13:54:24.000Z","005al00000RVcKvAAL","2026-08-13T16:59:14.000Z","005al00000RVvFOAA1","2026-08-13T16:59:14.000Z","","","","","","","true","true","0.0","","","","","0.0","0.0","0.0","0.0","0.0","42522583177688671","","","","0.0","0.0","0.0","a1WWD000002M0Rk2AK","",""
"a1WWE000004pp2Y2AQ","005al00000RVvFOAA1","false","Security budget","2026-05-12T13:54:24.000Z","005al00000RVcKvAAL","2026-08-13T16:58:57.000Z","005al00000RVvFOAA1","2026-08-13T16:58:57.000Z","","","","","","","true","false","0.0","83.3748","47.7401","52.2599","16.6252","3989.0","6364.0","7633.0","3644.0","1269.0","42529092827833181","0.0","0.0","0.0","0.0","0.0","0.0","a1WWD000002QYF72AO","",""
"a1WWE000004pp1l2AA","005al00000RVvFOAA1","false","CLA Complex Budget 1 Template","2026-05-12T13:54:24.000Z","005al00000RVcKvAAL","2026-08-13T16:59:14.000Z","005al00000RVvFOAA1","2026-08-13T16:59:14.000Z","","","","","","","true","true","0.0","","","","","0.0","0.0","0.0","0.0","0.0","42542914142876583","","","","0.0","0.0","0.0","a1WWD000002M0Rl2AK","",""
"a1WWE000004pp2I2AQ","005al00000RVvFOAA1","false","Programming Budget","2026-05-12T13:54:24.000Z","005al00000RVcKvAAL","2026-08-13T16:58:57.000Z","005al00000RVvFOAA1","2026-08-13T16:58:57.000Z","","","","","","Budget for programming tools and classes_Metzger","true","false","3000.0","80.0","50.0","20.0","20.0","2000.0","8000.0","10000.0","5000.0","2000.0","42580408335031508","0.0","0.0","0.0","0.0","0.0","0.0","a1WWD000002QYF22AO","",""
"a1WWE000004pp2R2AQ","005al00000RVvFOAA1","false","Hello","2026-05-12T13:54:24.000Z","005al00000RVcKvAAL","2026-08-13T16:58:57.000Z","005al00000RVvFOAA1","2026-08-13T16:58:57.000Z","","","","","","","false","false","0.0","","","","","0.0","0.0","0.0","0.0","0.0","42591324258334766","","","","0.0","0.0","0.0","a1WWD000002QYEv2AO","",""
"a1WWE000004pp2T2AQ","005al00000RVvFOAA1","false","test1","2026-05-12T13:54:24.000Z","005al00000RVcKvAAL","2026-08-13T16:58:57.000Z","005al00000RVvFOAA1","2026-08-13T16:58:57.000Z","","","","","","","true","false","0.0","","","","","0.0","0.0","0.0","0.0","0.0","42599791086129440","","","","0.0","0.0","0.0","a1WWD000002QYFI2A4","",""
"a1WWE000004pp1m2AA","005al00000RVvFOAA1","false","CLA Simple Budget 1 Template","2026-05-12T13:54:24.000Z","005al00000RVcKvAAL","2026-08-13T16:59:14.000Z","005al00000RVvFOAA1","2026-08-13T16:59:14.000Z","","","","","","","true","true","0.0","","","","","0.0","0.0","0.0","0.0","0.0","42618541838166399","","","","0.0","0.0","0.0","a1WWD000002M0Rm2AK","",""
"a1WWE000004pp2l2AA","005al00000RVvFOAA1","false","AA budget 1","2026-05-12T13:54:24.000Z","005al00000RVcKvAAL","2026-08-13T16:58:57.000Z","005al00000RVvFOAA1","2026-08-13T16:58:57.000Z","","","","","","","true","false","0.0","0.0","0.0","100.0","100.0","425.0","0.0","425.0","0.0","425.0","42630031178698104","0.0","0.0","0.0","0.0","0.0","0.0","a1WWD000002QYEd2AO","",""
"a1WWE000004pp2j2AA","005al00000RVvFOAA1","false","A budget 1","2026-05-12T13:54:24.000Z","005al00000RVcKvAAL","2026-08-13T16:58:57.000Z","005al00000RVvFOAA1","2026-08-13T16:58:57.000Z","","","","","","","true","false","0.0","","","","","0.0","0.0","0.0","0.0","0.0","42649749863455617","","","","0.0","0.0","0.0","a1WWD000002QYEb2AO","",""
"a1WWE000004pp1n2AA","005al00000RVvFOAA1","false","CLA Simple Budget 2 Template","2026-05-12T13:54:24.000Z","005al00000RVcKvAAL","2026-08-13T16:59:14.000Z","005al00000RVvFOAA1","2026-08-13T16:59:14.000Z","","","","","","","true","true","0.0","","","","","0.0","0.0","0.0","0.0","0.0","42658567736529257","","","","0.0","0.0","0.0","a1WWD000002M0Rn2AK","",""
"a1WWE000004pp1o2AA","005al00000RVvFOAA1","false","CLA Simple Budget 1 Template","2026-05-12T13:54:24.000Z","005al00000RVcKvAAL","2026-08-13T16:58:57.000Z","005al00000RVvFOAA1","2026-08-13T16:58:57.000Z","","","","","","","true","true","0.0","","","","","0.0","0.0","0.0","0.0","0.0","42663125339013752","","","","0.0","0.0","0.0","a1WWD000002M0Ro2AK","",""
"a1WWE000004pp2Q2AQ","005al00000RVvFOAA1","false","TravelBudget","2026-05-12T13:54:24.000Z","005al00000RVcKvAAL","2026-08-13T16:58:57.000Z","005al00000RVvFOAA1","2026-08-13T16:58:57.000Z","","","","","","","true","false","0.0","50.0","0.0","100.0","50.0","10000.0","5000.0","10000.0","0.0","5000.0","42663723825006159","0.0","0.0","0.0","0.0","0.0","0.0","a1WWD000002QYFB2A4","",""
"a1WWE000004pp2o2AA","005al00000RVvFOAA1","false","AA budget 4","2026-05-12T13:54:24.000Z","005al00000RVcKvAAL","2026-08-13T16:58:57.000Z","005al00000RVvFOAA1","2026-08-13T16:58:57.000Z","","","","","","","true","false","0.0","","","","","0.0","0.0","0.0","0.0","0.0","42666151341517648","","","","0.0","0.0","0.0","a1WWD000002QYEg2AO","",""
"a1WWE000004pp1p2AA","005al00000RVvFOAA1","false","CLA Complex Budget 1 Template","2026-05-12T13:54:24.000Z","005al00000RVcKvAAL","2026-08-13T16:59:14.000Z","005al00000RVvFOAA1","2026-08-13T16:59:14.000Z","","","","","a1WWE000004pp1q2AA","","false","false","0.0","0.0","0.0","100.0","100.0","500000.0","0.0","500000.0","0.0","500000.0","42677360520917603","0.0","0.0","0.0","0.0","0.0","0.0","a1WWD000002M0Rp2AK","",""
"a1WWE000004pp2d2AA","005al00000RVvFOAA1","false","annual budget","2026-05-12T13:54:24.000Z","005al00000RVcKvAAL","2026-08-13T16:58:57.000Z","005al00000RVvFOAA1","2026-08-13T16:58:57.000Z","","","","","","","true","false","0.0","","","","","0.0","0.0","0.0","0.0","0.0","42690342141278924","","","","0.0","0.0","0.0","a1WWD000002QYFC2A4","",""
"a1WWE000004pp1R2AQ","005al00000RVvFOAA1","false","Test User Budget","2026-05-12T13:54:24.000Z","005al00000RVcKvAAL","2026-08-13T16:58:57.000Z","005al00000RVvFOAA1","2026-08-13T16:58:57.000Z","","","","","","","true","false","500.0","150.0","100.0","-50.0","-50.0","-500.0","1500.0","1000.0","1000.0","-500.0","42693514141402985","0.0","0.0","0.0","0.0","0.0","0.0","a1WWD000002M0Rq2AK","",""
"a1WWE000004pp1q2AA","005al00000RVvFOAA1","false","CLA Complex Budget 1 Template","2026-05-12T13:54:24.000Z","005al00000RVcKvAAL","2026-08-13T16:59:14.000Z","005al00000RVvFOAA1","2026-08-13T16:59:14.000Z","","","","","","","true","true","0.0","","","","","0.0","0.0","0.0","0.0","0.0","42733685110282543","","","","0.0","0.0","0.0","a1WWD000002M0Rr2AK","",""
"a1WWE000004pp2i2AA","005al00000RVvFOAA1","false","RS budget 12","2026-05-12T13:54:24.000Z","005al00000RVcKvAAL","2026-08-13T16:58:57.000Z","005al00000RVvFOAA1","2026-08-13T16:58:57.000Z","","","","","","","true","false","0.0","","","","","0.0","0.0","0.0","0.0","0.0","42747788292289601","","","","0.0","0.0","0.0","a1WWD000002QYF32AO","",""
"a1WWE000004pp2g2AA","005al00000RVvFOAA1","false","semi annual budget","2026-05-12T13:54:24.000Z","005al00000RVcKvAAL","2026-08-13T16:58:57.000Z","005al00000RVvFOAA1","2026-08-13T16:58:57.000Z","","","","","","","true","false","0.0","","","","","0.0","0.0","0.0","0.0","0.0","42803096663066142","","","","0.0","0.0","0.0","a1WWD000002QYFH2A4","",""
"a1WWE000004pp2P2AQ","005al00000RVvFOAA1","false","TrainingBudget","2026-05-12T13:54:24.000Z","005al00000RVcKvAAL","2026-08-13T16:58:57.000Z","005al00000RVvFOAA1","2026-08-13T16:58:57.000Z","","","","","","","true","false","0.0","50.0","0.0","100.0","50.0","50.0","25.0","50.0","0.0","25.0","42816171803932625","0.0","0.0","0.0","0.0","0.0","0.0","a1WWD000002QYFA2A4","",""
"a1WWE000004pp2h2AA","005al00000RVvFOAA1","false","RS budget `1","2026-05-12T13:54:24.000Z","005al00000RVcKvAAL","2026-08-13T16:58:57.000Z","005al00000RVvFOAA1","2026-08-13T16:58:57.000Z","","","","","","","true","false","0.0","0.0","0.0","100.0","100.0","425.0","0.0","425.0","0.0","425.0","42825193374177769","0.0","0.0","0.0","0.0","0.0","0.0","a1WWD000002QYF42AO","",""
"a1WWE000004pp2X2AQ","005al00000RVvFOAA1","false","Product budget","2026-05-12T13:54:24.000Z","005al00000RVcKvAAL","2026-08-13T16:58:57.000Z","005al00000RVvFOAA1","2026-08-13T16:58:57.000Z","","","","","","","true","false","0.0","888.3011","1000.3052","-900.3052","-788.3011","-8850.0","8732.0","983.0","9833.0","-7749.0","42826301128788663","0.0","0.0","0.0","0.0","0.0","0.0","a1WWD000002QYF12AO","",""
"a1WWE000004pp1N2AQ","005al00000RVvFOAA1","false","New Budgets","2026-05-12T13:54:24.000Z","005al00000RVcKvAAL","2026-08-13T16:58:57.000Z","005al00000RVvFOAA1","2026-08-13T16:58:57.000Z","","","","","a1WWE000004pp1P2AQ","","false","false","0.0","0.0","0.0","100.0","100.0","500000.0","0.0","500000.0","0.0","500000.0","42857882419607219","0.0","0.0","0.0","0.0","0.0","0.0","a1WWD000002QYEy2AO","",""
"a1WWE000004pp1S2AQ","005al00000RVvFOAA1","false","CLA Complex Budget 1 Template - Update01","2026-05-12T13:54:24.000Z","005al00000RVcKvAAL","2026-08-13T16:58:57.000Z","005al00000RVvFOAA1","2026-08-13T16:58:57.000Z","","","","","a1WWE000004pp1d2AA","Test Description","false","false","2000.0","1.0","0.6","99.0","99.0","495000.0","5000.0","500000.0","3000.0","495000.0","42861041786945068","0.0","0.0","0.0","0.0","0.0","0.0","a1WWD000002M0Rs2AK","",""
"a1WWE000004pp2U2AQ","005al00000RVvFOAA1","false","Sales budget","2026-05-12T13:54:24.000Z","005al00000RVcKvAAL","2026-08-13T16:58:57.000Z","005al00000RVvFOAA1","2026-08-13T16:58:57.000Z","","","","","","","true","false","0.0","8.8774","303.7726","-203.7726","91.1226","-20039.0","873.0","9834.0","29873.0","8961.0","42890263054632906","0.0","0.0","0.0","0.0","0.0","0.0","a1WWD000002QYF62AO","",""
"a1WWE000004pp2V2AQ","005al00000RVvFOAA1","false","Revenue Budget","2026-05-12T13:54:24.000Z","005al00000RVcKvAAL","2026-08-13T16:58:57.000Z","005al00000RVvFOAA1","2026-08-13T16:58:57.000Z","","","","","","","true","false","7384.0","","","","","-9571.0","983.0","0.0","2187.0","-983.0","42932763487803675","","","","0.0","0.0","0.0","a1WWD000002QYF52AO","",""
"a1WWE000004pp2f2AA","005al00000RVvFOAA1","false","new annual budget","2026-05-12T13:54:24.000Z","005al00000RVcKvAAL","2026-08-13T16:58:57.000Z","005al00000RVvFOAA1","2026-08-13T16:58:57.000Z","","","","","","","true","false","0.0","","","","","0.0","0.0","0.0","0.0","0.0","42938810070504468","","","","0.0","0.0","0.0","a1WWD000002QYFD2A4","",""
"a1WWE000004pp1r2AA","005al00000RVvFOAA1","false","CLA Simple Budget 2 Template","2026-05-12T13:54:24.000Z","005al00000RVcKvAAL","2026-08-13T16:58:57.000Z","005al00000RVvFOAA1","2026-08-13T16:58:57.000Z","","","","","","","true","true","0.0","","","","","0.0","0.0","0.0","0.0","0.0","42940878705367836","","","","0.0","0.0","0.0","a1WWD000002M0Rt2AK","",""
"a1WWE000004pp1c2AA","005al00000RVvFOAA1","false","Sreekar StartUp","2026-05-12T13:54:24.000Z","005al00000RVcKvAAL","2026-08-13T16:58:57.000Z","005al00000RVvFOAA1","2026-08-13T16:58:57.000Z","","","","","","Sreekar Budget to start a new Business StartUp","true","false","0.0","50.0","0.0","100.0","50.0","10000.0","5000.0","10000.0","0.0","5000.0","42961264666946633","0.0","0.0","0.0","0.0","0.0","0.0","a1WWD000002QYF92AO","",""
"a1WWE000004pp1T2AQ","005al00000RVvFOAA1","false","Construction of Warehouse","2026-05-12T13:54:24.000Z","005al00000RVcKvAAL","2026-08-13T16:59:17.000Z","005al00000RVvFOAA1","2026-08-13T16:59:17.000Z","","","","","a1WWE000004pp292AA","Commercial construction budget for building and parking construction.","false","false","429300.0","57.3125","6.4333","64.9467","42.6875","974201.0","859688.0","1500000.0","96499.0","640312.0","5km030j6y3dyzx7o4o","32.1025","20.4667","4.7433","481538.0","307000.0","71150.0","a1WWD000002M0Ru2AK","",""
"a1WWE000004pp1s2AA","005al00000RVvFOAA1","false","Budget for the Construction of a Walgreens","2026-05-12T13:54:24.000Z","005al00000RVcKvAAL","2026-08-13T16:59:17.000Z","005al00000RVvFOAA1","2026-08-13T16:59:17.000Z","","","","","a1WWE000004pp292AA","This budget is for the construction of a Walgreens.","false","false","5000.0","100.0","6.4333","93.2333","0.0","1398500.01","1500000.0","1500000.0","96499.99","0.0","96amx8tcv25dm4l1n8","0.0","100.0","0.0","0.0","1500000.0","0.0","a1WWD000002M0Rv2AK","",""
"a1WWE000004pp1t2AA","005al00000RVvFOAA1","false","Swimming Pool Construction Budget Template","2026-05-12T13:54:24.000Z","005al00000RVcKvAAL","2026-08-13T16:59:17.000Z","005al00000RVvFOAA1","2026-08-13T16:59:17.000Z","","","","","","","true","true","0.0","","","","","0.0","0.0","0.0","0.0","0.0","96gcetgjg69r55mb72","","","","0.0","0.0","0.0","a1WWD000002M0Rw2AK","",""
"a1WWE000004pp1u2AA","005al00000RVvFOAA1","false","CLA Complex Budget 1 Template","2026-05-12T13:54:24.000Z","005al00000RVcKvAAL","2026-08-13T16:59:14.000Z","005al00000RVvFOAA1","2026-08-13T16:59:14.000Z","","","","","a1WWE000004pp1x2AA","","false","false","0.0","0.0","0.0","100.0","100.0","500000.0","0.0","500000.0","0.0","500000.0","a254S0000006XjdQAE","0.0","0.0","0.0","0.0","0.0","0.0","a1WWD000002M0Rx2AK","",""
"a1WWE000004pp1v2AA","005al00000RVvFOAA1","false","CLA Simple Budget 1 Template","2026-05-12T13:54:24.000Z","005al00000RVcKvAAL","2026-08-13T16:59:14.000Z","005al00000RVvFOAA1","2026-08-13T16:59:14.000Z","","","","","","","true","true","0.0","","","","","0.0","0.0","0.0","0.0","0.0","a254S0000006XjeQAE","","","","0.0","0.0","0.0","a1WWD000002M0Ry2AK","",""
"a1WWE000004pp1w2AA","005al00000RVvFOAA1","false","CLA Simple Budget 2 Template","2026-05-12T13:54:24.000Z","005al00000RVcKvAAL","2026-08-13T16:59:14.000Z","005al00000RVvFOAA1","2026-08-13T16:59:14.000Z","","","","","","","true","true","0.0","","","","","0.0","0.0","0.0","0.0","0.0","a254S0000006XjfQAE","","","","0.0","0.0","0.0","a1WWD000002M0Rz2AK","",""
"a1WWE000004pp1x2AA","005al00000RVvFOAA1","false","CLA Complex Budget 1 Template","2026-05-12T13:54:24.000Z","005al00000RVcKvAAL","2026-08-13T16:59:14.000Z","005al00000RVvFOAA1","2026-08-13T16:59:14.000Z","","","","","","","true","true","0.0","","","","","0.0","0.0","0.0","0.0","0.0","a254S0000006XjgQAE","","","","0.0","0.0","0.0","a1WWD000002M0S02AK","",""
"a1WWE000004pp1y2AA","005al00000RVvFOAA1","false","CLA Complex Budget 1 Template","2026-05-12T13:54:24.000Z","005al00000RVcKvAAL","2026-08-13T16:59:15.000Z","005al00000RVvFOAA1","2026-08-13T16:59:15.000Z","","","","","a1WWE000004pp212AA","","false","false","0.0","0.0","0.0","100.0","100.0","500000.0","0.0","500000.0","0.0","500000.0","a254W000002ZgNyQAK","0.0","0.0","0.0","0.0","0.0","0.0","a1WWD000002M0S12AK","",""
"a1WWE000004pp1z2AA","005al00000RVvFOAA1","false","CLA Simple Budget 1 Template","2026-05-12T13:54:24.000Z","005al00000RVcKvAAL","2026-08-13T16:59:15.000Z","005al00000RVvFOAA1","2026-08-13T16:59:15.000Z","","","","","","","true","true","0.0","","","","","0.0","0.0","0.0","0.0","0.0","a254W000002ZgNzQAK","","","","0.0","0.0","0.0","a1WWD000002M0S22AK","",""
"a1WWE000004pp202AA","005al00000RVvFOAA1","false","CLA Simple Budget 2 Template","2026-05-12T13:54:24.000Z","005al00000RVcKvAAL","2026-08-13T16:59:15.000Z","005al00000RVvFOAA1","2026-08-13T16:59:15.000Z","","","","","","","true","true","0.0","","","","","0.0","0.0","0.0","0.0","0.0","a254W000002ZgO0QAK","","","","0.0","0.0","0.0","a1WWD000002M0S32AK","",""
"a1WWE000004pp212AA","005al00000RVvFOAA1","false","CLA Complex Budget 1 Template","2026-05-12T13:54:24.000Z","005al00000RVcKvAAL","2026-08-13T16:59:15.000Z","005al00000RVvFOAA1","2026-08-13T16:59:15.000Z","","","","","","","true","true","0.0","","","","","0.0","0.0","0.0","0.0","0.0","a254W000002ZgO1QAK","","","","0.0","0.0","0.0","a1WWD000002M0S42AK","",""
"a1WWE000004pp222AA","005al00000RVvFOAA1","false","CLA Complex Budget 1 Template","2026-05-12T13:54:24.000Z","005al00000RVcKvAAL","2026-08-13T16:59:14.000Z","005al00000RVvFOAA1","2026-08-13T16:59:14.000Z","","","","","a1WWE000004pp252AA","","false","false","0.0","0.0","0.0","100.0","100.0","500000.0","0.0","500000.0","0.0","500000.0","a254W000002i4CnQAI","0.0","0.0","0.0","0.0","0.0","0.0","a1WWD000002M0S52AK","",""
"a1WWE000004pp232AA","005al00000RVvFOAA1","false","CLA Simple Budget 1 Template","2026-05-12T13:54:24.000Z","005al00000RVcKvAAL","2026-08-13T16:59:14.000Z","005al00000RVvFOAA1","2026-08-13T16:59:14.000Z","","","","","","","true","true","0.0","","","","","0.0","0.0","0.0","0.0","0.0","a254W000002i4CoQAI","","","","0.0","0.0","0.0","a1WWD000002M0S62AK","",""
"a1WWE000004pp242AA","005al00000RVvFOAA1","false","CLA Simple Budget 2 Template","2026-05-12T13:54:24.000Z","005al00000RVcKvAAL","2026-08-13T16:59:15.000Z","005al00000RVvFOAA1","2026-08-13T16:59:15.000Z","","","","","","","true","true","0.0","","","","","0.0","0.0","0.0","0.0","0.0","a254W000002i4CpQAI","","","","0.0","0.0","0.0","a1WWD000002M0S72AK","",""
"a1WWE000004pp252AA","005al00000RVvFOAA1","false","CLA Complex Budget 1 Template","2026-05-12T13:54:24.000Z","005al00000RVcKvAAL","2026-08-13T16:59:15.000Z","005al00000RVvFOAA1","2026-08-13T16:59:15.000Z","","","","","","","true","true","0.0","","","","","0.0","0.0","0.0","0.0","0.0","a254W000002i4CqQAI","","","","0.0","0.0","0.0","a1WWD000002M0S82AK","",""
"a1WWE000004pp302AA","005al00000RVvFOAA1","false","CLA Complex Budget 1 Template","2026-05-12T13:54:24.000Z","005al00000RVcKvAAL","2026-08-13T16:59:15.000Z","005al00000RVvFOAA1","2026-08-13T16:59:15.000Z","","","","","a1WWE000004pp1b2AA","","false","false","0.0","0.0","0.0","100.0","100.0","500000.0","0.0","500000.0","0.0","500000.0","a255f000001fQo3AAE","0.0","0.0","0.0","0.0","0.0","0.0","a1WWD000002QYEj2AO","",""
"a1WWE000004pp1Z2AQ","005al00000RVvFOAA1","false","CLA Simple Budget 1 Template","2026-05-12T13:54:24.000Z","005al00000RVcKvAAL","2026-08-13T16:59:15.000Z","005al00000RVvFOAA1","2026-08-13T16:59:15.000Z","","","","","","","true","true","0.0","","","","","0.0","0.0","0.0","0.0","0.0","a255f000001fQo4AAE","","","","0.0","0.0","0.0","a1WWD000002QYEo2AO","",""
"a1WWE000004pp1a2AA","005al00000RVvFOAA1","false","CLA Simple Budget 2 Template","2026-05-12T13:54:24.000Z","005al00000RVcKvAAL","2026-08-13T16:59:15.000Z","005al00000RVvFOAA1","2026-08-13T16:59:15.000Z","","","","","","","true","true","0.0","","","","","0.0","0.0","0.0","0.0","0.0","a255f000001fQo5AAE","","","","0.0","0.0","0.0","a1WWD000002QYEr2AO","",""
"a1WWE000004pp1b2AA","005al00000RVvFOAA1","false","CLA Complex Budget 1 Template","2026-05-12T13:54:24.000Z","005al00000RVcKvAAL","2026-08-13T16:59:15.000Z","005al00000RVvFOAA1","2026-08-13T16:59:15.000Z","","","","","","","true","true","0.0","","","","","0.0","0.0","0.0","0.0","0.0","a255f000001fQo6AAE","","","","0.0","0.0","0.0","a1WWD000002QYEk2AO","",""
"a1WWE000004pp2A2AQ","005al00000RVvFOAA1","false","CLA Complex Budget 1 Template","2026-05-12T13:54:24.000Z","005al00000RVcKvAAL","2026-08-13T16:59:16.000Z","005al00000RVvFOAA1","2026-08-13T16:59:16.000Z","","","","","a1WWE000004pp2D2AQ","","false","false","0.0","0.0","0.0","100.0","100.0","500000.0","0.0","500000.0","0.0","500000.0","a258c000003SSUTAA4","0.0","0.0","0.0","0.0","0.0","0.0","a1WWD000002M0SI2A0","",""
"a1WWE000004pp2B2AQ","005al00000RVvFOAA1","false","CLA Simple Budget 1 Template","2026-05-12T13:54:24.000Z","005al00000RVcKvAAL","2026-08-13T16:59:16.000Z","005al00000RVvFOAA1","2026-08-13T16:59:16.000Z","","","","","","","true","true","0.0","","","","","0.0","0.0","0.0","0.0","0.0","a258c000003SSUUAA4","","","","0.0","0.0","0.0","a1WWD000002M0SJ2A0","",""
"a1WWE000004pp2C2AQ","005al00000RVvFOAA1","false","CLA Simple Budget 2 Template","2026-05-12T13:54:24.000Z","005al00000RVcKvAAL","2026-08-13T16:59:16.000Z","005al00000RVvFOAA1","2026-08-13T16:59:16.000Z","","","","","","","true","true","0.0","","","","","0.0","0.0","0.0","0.0","0.0","a258c000003SSUVAA4","","","","0.0","0.0","0.0","a1WWD000002M0SK2A0","",""
"a1WWE000004pp2D2AQ","005al00000RVvFOAA1","false","CLA Complex Budget 1 Template","2026-05-12T13:54:24.000Z","005al00000RVcKvAAL","2026-08-13T16:59:16.000Z","005al00000RVvFOAA1","2026-08-13T16:59:16.000Z","","","","","","","true","true","0.0","","","","","0.0","0.0","0.0","0.0","0.0","a258c000003SSUWAA4","","","","0.0","0.0","0.0","a1WWD000002M0SL2A0","",""
"a1WWE000004pp1Y2AQ","005al00000RVvFOAA1","false","CLA Complex Budget 1 Template","2026-05-12T13:54:24.000Z","005al00000RVcKvAAL","2026-08-13T16:59:16.000Z","005al00000RVvFOAA1","2026-08-13T16:59:16.000Z","","","","","a1WWE000004pp2z2AA","","false","false","0.0","0.0","0.0","100.0","100.0","500000.0","0.0","500000.0","0.0","500000.0","a25Ho000003PYydIAG","0.0","0.0","0.0","0.0","0.0","0.0","a1WWD000002QYEh2AO","",""
"a1WWE000004pp2x2AA","005al00000RVvFOAA1","false","CLA Simple Budget 1 Template","2026-05-12T13:54:24.000Z","005al00000RVcKvAAL","2026-08-13T16:59:16.000Z","005al00000RVvFOAA1","2026-08-13T16:59:16.000Z","","","","","","","true","true","0.0","","","","","0.0","0.0","0.0","0.0","0.0","a25Ho000003PYyeIAG","","","","0.0","0.0","0.0","a1WWD000002QYEn2AO","",""
"a1WWE000004pp2y2AA","005al00000RVvFOAA1","false","CLA Simple Budget 2 Template","2026-05-12T13:54:24.000Z","005al00000RVcKvAAL","2026-08-13T16:59:16.000Z","005al00000RVvFOAA1","2026-08-13T16:59:16.000Z","","","","","","","true","true","0.0","","","","","0.0","0.0","0.0","0.0","0.0","a25Ho000003PYyfIAG","","","","0.0","0.0","0.0","a1WWD000002QYEq2AO","",""
"a1WWE000004pp2z2AA","005al00000RVvFOAA1","false","CLA Complex Budget 1 Template","2026-05-12T13:54:24.000Z","005al00000RVcKvAAL","2026-08-13T16:59:16.000Z","005al00000RVvFOAA1","2026-08-13T16:59:16.000Z","","","","","","","true","true","0.0","","","","","0.0","0.0","0.0","0.0","0.0","a25Ho000003PYygIAG","","","","0.0","0.0","0.0","a1WWD000002QYEi2AO","",""
"a1WWE000004pp2E2AQ","005al00000RVvFOAA1","false","CLA Complex Budget 1 Template","2026-05-12T13:54:24.000Z","005al00000RVcKvAAL","2026-08-13T16:59:16.000Z","005al00000RVvFOAA1","2026-08-13T16:59:16.000Z","","","","","a1WWE000004pp1P2AQ","","false","false","0.0","0.0","0.0","100.0","100.0","500000.0","0.0","500000.0","0.0","500000.0","a25Hu000005tejWIAQ","0.0","0.0","0.0","0.0","0.0","0.0","a1WWD000002QYEl2AO","",""
"a1WWE000004pp2F2AQ","005al00000RVvFOAA1","false","CLA Simple Budget 1 Template","2026-05-12T13:54:24.000Z","005al00000RVcKvAAL","2026-08-13T16:59:16.000Z","005al00000RVvFOAA1","2026-08-13T16:59:16.000Z","","","","","","","true","true","0.0","","","","","0.0","0.0","0.0","0.0","0.0","a25Hu000005tejXIAQ","","","","0.0","0.0","0.0","a1WWD000002QYEp2AO","",""
"a1WWE000004pp2G2AQ","005al00000RVvFOAA1","false","CLA Simple Budget 2 Template","2026-05-12T13:54:24.000Z","005al00000RVcKvAAL","2026-08-13T16:59:16.000Z","005al00000RVvFOAA1","2026-08-13T16:59:16.000Z","","","","","","","true","true","0.0","","","","","0.0","0.0","0.0","0.0","0.0","a25Hu000005tejYIAQ","","","","0.0","0.0","0.0","a1WWD000002QYEs2AO","",""
"a1WWE000004pp1P2AQ","005al00000RVvFOAA1","false","CLA Complex Budget 1 Template","2026-05-12T13:54:24.000Z","005al00000RVcKvAAL","2026-08-13T16:59:16.000Z","005al00000RVvFOAA1","2026-08-13T16:59:16.000Z","","","","","","","true","true","0.0","","","","","0.0","0.0","0.0","0.0","0.0","a25Hu000005tejZIAQ","","","","0.0","0.0","0.0","a1WWD000002QYEm2AO","",""
"a25bn000002bxRNAAY","005bn000003k2JdAAI","false","CLA Complex Budget 1 Template","2026-05-11T14:18:16.000Z","005al00000RVcKvAAL","2026-08-14T09:24:57.000Z","005al00000RVvFOAA1","2026-08-14T09:24:57.000Z","","","","","a25bn000002bxRQAAY","","false","false","0.0","0.0","0.0","100.0","100.0","500000.0","0.0","500000.0","0.0","500000.0","a25bn000002bxRNAAY","0.0","0.0","0.0","0.0","0.0","0.0","","",""
"a25bn000002bxROAAY","005bn000003k2JdAAI","false","CLA Simple Budget 1 Template","2026-05-11T14:18:16.000Z","005al00000RVcKvAAL","2026-08-14T09:24:57.000Z","005al00000RVvFOAA1","2026-08-14T09:24:57.000Z","","","","","","","true","true","0.0","","","","","0.0","0.0","0.0","0.0","0.0","a25bn000002bxROAAY","","","","0.0","0.0","0.0","","",""
"a25bn000002bxRPAAY","005bn000003k2JdAAI","false","CLA Simple Budget 2 Template","2026-05-11T14:18:16.000Z","005al00000RVcKvAAL","2026-08-14T09:24:57.000Z","005al00000RVvFOAA1","2026-08-14T09:24:57.000Z","","","","","","","true","true","0.0","","","","","0.0","0.0","0.0","0.0","0.0","a25bn000002bxRPAAY","","","","0.0","0.0","0.0","","",""
"a25bn000002bxRQAAY","005bn000003k2JdAAI","false","CLA Complex Budget 1 Template","2026-05-11T14:18:16.000Z","005al00000RVcKvAAL","2026-08-14T09:24:57.000Z","005al00000RVvFOAA1","2026-08-14T09:24:57.000Z","","","","","","","true","true","0.0","","","","","0.0","0.0","0.0","0.0","0.0","a25bn000002bxRQAAY","","","","0.0","0.0","0.0","","",""
"a1WWE000004pp262AA","005al00000RVvFOAA1","false","Budget for the Construction of a Walgreens","2026-05-12T13:54:24.000Z","005al00000RVcKvAAL","2026-08-13T16:59:17.000Z","005al00000RVvFOAA1","2026-08-13T16:59:17.000Z","","","","","a1WWE000004pp292AA","This budget is for the construction of a Walgreens.","false","false","128999.99","100.0","0.0","91.4","0.0","1371000.01","1500000.0","1500000.0","0.0","0.0","dm3tvpla1o7g4whico","0.0","100.0","0.0","0.0","1500000.0","0.0","a1WWD000002M0S92AK","",""
"a25Ka000003Td4IIAS","0058c00000BxeO9AAJ","false","Elite budget","","","","","","","","","","","","","","","0.0","5344.0","0.0","0.0","42069451525749142","","","","831.1042","false","643.0","6873.0","0.0","","","true","1068.8958","","0.0"
"a25Ka000003Td4GIAS","0058c00000BxeO9AAJ","false","Contract budget","","","","","","","","","","","","","","","0.0","7444.0","0.0","0.0","42081875638704092","","","","17.0406","false","43684.0","67464.0","0.0","","","true","154.4364","","0.0"
"a258c000004VBLJAA4","0058c00000BxeO9AAJ","false","New Rec 62 updated","","","","","","","","","","","","","","","0.0","0.0","0.0","0.0","42152289717499210","","","","","false","0.0","0.0","0.0","","","false","","",""
"a25Ka000003Td4DIAS","0058c00000BxeO9AAJ","false","Services budget","","","","","","","","","","","","","","","883.0","8394.0","0.0","0.0","42172159694687762","","","","1128.2258","false","744.0","843.0","0.0","","","true","113.3065","","0.0"
"a258c000004VBJsAAO","0058c00000BxeO9AAJ","false","CLA Complex Budget 1 Template","","","","","","","","","","","","","","","0.0","0.0","0.0","0.0","42191334335403812","","","","0.0","false","500000.0","0.0","0.0","a258c000004VBJxAAO","","false","0.0","","0.0"
"a258c000004VBJtAAO","0058c00000BxeO9AAJ","false","CLA Complex Budget 1 Template","","","","","","","","","","","","","","","0.0","0.0","0.0","0.0","42228810885640343","","","","0.0","false","500000.0","0.0","0.0","a258c000004VBJwAAO","","false","0.0","","0.0"
"a25Ka000003SBbuIAG","0058c00000BxeO9AAJ","false","newJob001","","","","","","","","","","","","","","","0.0","0.0","0.0","0.0","42235077918149309","","","","","false","0.0","0.0","0.0","","","true","","",""
"a258c000004VBCaAAO","0058c00000BxeO9AAJ","false","New Budgets 01","","","","","","","","","","","","","","","0.0","0.0","0.0","0.0","42244306118689534","","","","0.0","false","500000.0","0.0","0.0","a258c000004VBKUAA4","","false","0.0","","0.0"
"a25Ka000003Td4RIAS","0058c00000BxeO9AAJ","false","A budget 2","","","","","","","","","","","","","","","0.0","0.0","0.0","0.0","42290867984417717","","","","","false","0.0","0.0","0.0","","","true","","",""
"a25Ka000003Td4HIAS","0058c00000BxeO9AAJ","false","Intake budget","","","","","","","","","","","","","","","0.0","634.0","0.0","0.0","42319798035310692","","","","9.541","false","6645.0","643.0","0.0","","","true","9.6764","","0.0"
"a25Ka000003Td4LIAS","0058c00000BxeO9AAJ","false","semi annual budget","","","","","","","","","","","","","","","0.0","874638.0","0.0","0.0","42426512277583364","","","","136024.5723","false","643.0","7643.0","0.0","","","true","1188.647","","0.0"
"a25Ka000003Td4UIAS","0058c00000BxeO9AAJ","false","AA budget 3","","","","","","","","","","","","","","","0.0","0.0","0.0","0.0","42499909363725076","","","","","false","0.0","0.0","0.0","","","true","","",""
"a25Ka000003Td4JIAS","0058c00000BxeO9AAJ","false","overall budget","","","","","","","","","","","","","","","0.0","4638.0","0.0","0.0","42507880177204313","","","","5.3028","false","87463.0","87643.0","0.0","","","true","100.2058","","0.0"
"a25Ka000003Td4TIAS","0058c00000BxeO9AAJ","false","AA budget 2","","","","","","","","","","","","","","","0.0","0.0","0.0","0.0","42513768554706735","","","","","false","0.0","0.0","0.0","","","true","","",""
"a25Ka000003Td4FIAS","0058c00000BxeO9AAJ","false","Security budget","","","","","","","","","","","","","","","0.0","6364.0","0.0","0.0","42529092827833181","","","","83.3748","false","7633.0","3644.0","0.0","","","true","47.7401","","0.0"
"a258c000004VBLOAA4","0058c00000BxeO9AAJ","false","Programming Budget","","","","","","","","","","","","","","","3000.0","8000.0","0.0","0.0","42580408335031508","","","","80.0","false","10000.0","5000.0","0.0","","Budget for programming tools and classes_Metzger","true","50.0","","0.0"
"a25Ka000003SBEjIAO","0058c00000BxeO9AAJ","false","Hello","","","","","","","","","","","","","","","0.0","0.0","0.0","0.0","42591324258334766","","","","","false","0.0","0.0","0.0","","","false","","",""
"a25Ka000003SBbvIAG","0058c00000BxeO9AAJ","false","test1","","","","","","","","","","","","","","","0.0","0.0","0.0","0.0","42599791086129440","","","","","false","0.0","0.0","0.0","","","true","","",""
"a25Ka000003Td4SIAS","0058c00000BxeO9AAJ","false","AA budget 1","","","","","","","","","","","","","","","0.0","","0.0","0.0","42630031178698104","","","","0.0","false","425.0","","0.0","","","true","0.0","","0.0"
"a25Ka000003Td4QIAS","0058c00000BxeO9AAJ","false","A budget 1","","","","","","","","","","","","","","","0.0","0.0","0.0","0.0","42649749863455617","","","","","false","0.0","0.0","0.0","","","true","","",""
"a25Ka000003SBA3IAO","0058c00000BxeO9AAJ","false","TravelBudget","","","","","","","","","","","","","","","0.0","5000.0","0.0","0.0","42663723825006159","","","","50.0","false","10000.0","0.0","0.0","","","true","0.0","","0.0"
"a25Ka000003Td4VIAS","0058c00000BxeO9AAJ","false","AA budget 4","","","","","","","","","","","","","","","0.0","0.0","0.0","0.0","42666151341517648","","","","","false","0.0","0.0","0.0","","","true","","",""
"a258c000004VBK1AAO","0058c00000BxeO9AAJ","false","CLA Complex Budget 1 Template","","","","","","","","","","","","","","","0.0","0.0","0.0","0.0","42677360520917603","","","","0.0","false","500000.0","0.0","0.0","a258c000004VBK2AAO","","false","0.0","","0.0"
"a25Ka000003Td4KIAS","0058c00000BxeO9AAJ","false","annual budget","","","","","","","","","","","","","","","0.0","0.0","0.0","0.0","42690342141278924","","","","","false","0.0","0.0","0.0","","","true","","",""
"a258c000004VBCSAA4","0058c00000BxeO9AAJ","false","Test User Budget","","","","","","","","","","","","","","","500.0","1500.0","0.0","0.0","42693514141402985","","","","150.0","false","1000.0","1000.0","0.0","","","true","100.0","","0.0"
"a25Ka000003Td4PIAS","0058c00000BxeO9AAJ","false","RS budget 12","","","","","","","","","","","","","","","0.0","0.0","0.0","0.0","42747788292289601","","","","","false","0.0","0.0","0.0","","","true","","",""
"a25Ka000003Td4NIAS","0058c00000BxeO9AAJ","false","semi annual budget","","","","","","","","","","","","","","","0.0","0.0","0.0","0.0","42803096663066142","","","","","false","0.0","0.0","0.0","","","true","","",""
"a25Ka000003SB4FIAW","0058c00000BxeO9AAJ","false","TrainingBudget","","","","","","","","","","","","","","","0.0","25.0","0.0","0.0","42816171803932625","","","","50.0","false","50.0","0.0","0.0","","","true","0.0","","0.0"
"a25Ka000003Td4OIAS","0058c00000BxeO9AAJ","false","RS budget `1","","","","","","","","","","","","","","","0.0","","0.0","0.0","42825193374177769","","","","0.0","false","425.0","0.0","0.0","","","true","0.0","","0.0"
"a25Ka000003Td4EIAS","0058c00000BxeO9AAJ","false","Product budget","","","","","","","","","","","","","","","0.0","8732.0","0.0","0.0","42826301128788663","","","","888.3011","false","983.0","9833.0","0.0","","","true","1000.3052","","0.0"
"a258c000004VBCZAA4","0058c00000BxeO9AAJ","false","New Budgets","","","","","","","","","","","","","","","0.0","0.0","0.0","0.0","42857882419607219","","","","0.0","false","500000.0","0.0","0.0","a258c000004VBKUAA4","","false","0.0","","0.0"
"a258c000004VBCTAA4","0058c00000BxeO9AAJ","false","CLA Complex Budget 1 Template - Update01","","","","","","","","","","","","","","","2000.0","5000.0","0.0","0.0","42861041786945068","","","","1.0","false","500000.0","3000.0","0.0","a258c000004VBJpAAO","Test Description","false","0.6","","0.0"
"a25Ka000003Td4BIAS","0058c00000BxeO9AAJ","false","Sales budget","","","","","","","","","","","","","","","0.0","873.0","0.0","0.0","42890263054632906","","","","8.8774","false","9834.0","29873.0","0.0","","","true","303.7726","","0.0"
"a25Ka000003Td4CIAS","0058c00000BxeO9AAJ","false","Revenue Budget","","","","","","","","","","","","","","","7384.0","983.0","0.0","0.0","42932763487803675","","","","","false","0.0","2187.0","0.0","","","true","","",""
"a25Ka000003Td4MIAS","0058c00000BxeO9AAJ","false","new annual budget","","","","","","","","","","","","","","","0.0","0.0","0.0","0.0","42938810070504468","","","","","false","0.0","0.0","0.0","","","true","","",""
"a258c000004VBDXAA4","0058c00000BxeO9AAJ","false","Sreekar StartUp","","","","","","","","","","","","","","","0.0","5000.0","0.0","0.0","42961264666946633","","","","50.0","false","10000.0","0.0","0.0","","Sreekar Budget to start a new Business StartUp","true","0.0","","0.0"
"a258c000004VBCUAA4","0058c00000BxeO9AAJ","false","Construction of Warehouse","","","","","","","","","","","","","","","429300.0","859688.0","481538.0","307000.0","5km030j6y3dyzx7o4o","","","","57.3125","false","1500000.0","96499.0","71150.0","a258c000004VBKLAA4","Commercial construction budget for building and parking construction.","false","6.4333","","32.1025"
"a258c000004VBK4AAO","0058c00000BxeO9AAJ","false","Budget for the Construction of a Walgreens","","","","","","","","","","","","","","","5000.0","1500000.0","0.0","1500000.0","96amx8tcv25dm4l1n8","","","","100.0","false","1500000.0","96499.99","0.0","a258c000004VBKLAA4","This budget is for the construction of a Walgreens.","false","6.4333","","0.0"
"a258c000004VBK6AAO","0058c00000BxeO9AAJ","false","CLA Complex Budget 1 Template","","","","","","","","","","","","","","","0.0","0.0","0.0","0.0","a254S0000006XjdQAE","","","","0.0","false","500000.0","0.0","0.0","a258c000004VBK9AAO","","false","0.0","","0.0"
"a258c000004VBKAAA4","0058c00000BxeO9AAJ","false","CLA Complex Budget 1 Template","","","","","","","","","","","","","","","0.0","0.0","0.0","0.0","a254W000002ZgNyQAK","","","","0.0","false","500000.0","0.0","0.0","a258c000004VBKDAA4","","false","0.0","","0.0"
"a258c000004VBKEAA4","0058c00000BxeO9AAJ","false","CLA Complex Budget 1 Template","","","","","","","","","","","","","","","0.0","0.0","0.0","0.0","a254W000002i4CnQAI","","","","0.0","false","500000.0","0.0","0.0","a258c000004VBKHAA4","","false","0.0","","0.0"
"a258c000004VBDTAA4","0058c00000BxeO9AAJ","false","CLA Complex Budget 1 Template","","","","","","","","","","","","","","","0.0","0.0","0.0","0.0","a255f000001fQo3AAE","","","","0.0","false","500000.0","0.0","0.0","a258c000004VBDWAA4","","false","0.0","","0.0"
"a258c000004VBKNAA4","0058c00000BxeO9AAJ","false","CLA Complex Budget 1 Template","","","","","","","","","","","","","","","0.0","0.0","0.0","0.0","a258c000003SSUTAA4","","","","0.0","false","500000.0","0.0","0.0","a258c000004VBKQAA4","","false","0.0","","0.0"
"a258c000004VBDPAA4","0058c00000BxeO9AAJ","false","CLA Complex Budget 1 Template","","","","","","","","","","","","","","","0.0","0.0","0.0","0.0","a25Ho000003PYydIAG","","","","0.0","false","500000.0","0.0","0.0","a258c000004VBDSAA4","","false","0.0","","0.0"
"a258c000004VBKRAA4","0058c00000BxeO9AAJ","false","CLA Complex Budget 1 Template","","","","","","","","","","","","","","","0.0","0.0","0.0","0.0","a25Hu000005tejWIAQ","","","","0.0","false","500000.0","0.0","0.0","a258c000004VBKUAA4","","false","0.0","","0.0"
"a258c000004VBKIAA4","0058c00000BxeO9AAJ","false","Budget for the Construction of a Walgreens","","","","","","","","","","","","","","","128999.99","1500000.0","0.0","1500000.0","dm3tvpla1o7g4whico","","","","100.0","false","1500000.0","0.0","0.0","a258c000004VBKLAA4","This budget is for the construction of a Walgreens.","false","0.0","","0.0"
"a258c000004VBCVAA4","0058c00000BxeO9AAJ","false","Stark Construction Loan Budget","","","","","","","","","","","","","","","0.0","51150.0","0.0","51150.0","ffw63azh7kgn5nrn4v","","","","2.046","false","2500000.0","2150.0","0.0","a258c000004VBKLAA4","","true","0.086","","0.0"
"a258c000004VBCWAA4","0058c00000BxeO9AAJ","false","Maple Construction Loan Budget","","","","","","","","","","","","","","","0.0","8150.0","0.0","8150.0","nw7nlfncuclo988ede","","","","0.4405","false","1850000.0","1650.0","0.0","a258c000004VBKLAA4","","false","0.0892","","0.0"
"a258c000004VBCXAA4","0058c00000BxeO9AAJ","false","Budget for the Construction of a Warehouse","","","","","","","","","","","","","","","250.0","932612.0","539462.0","285000.0","t2mxuxi14ydm4lfqkv","","","","62.1741","false","1500000.0","0.0","108150.0","a258c000004VBKLAA4","This budget is for the construction of a warehouse","false","0.0","","35.9641"
"a1WWE000004pp1U2AQ","005al00000RVvFOAA1","false","Stark Construction Loan Budget","2026-05-12T13:54:24.000Z","005al00000RVcKvAAL","2026-08-13T16:59:17.000Z","005al00000RVvFOAA1","2026-08-13T16:59:17.000Z","","","","","a1WWE000004pp292AA","","true","false","0.0","2.046","0.086","99.914","97.954","2497850.0","51150.0","2500000.0","2150.0","2448850.0","ffw63azh7kgn5nrn4v","0.0","2.046","0.0","0.0","51150.0","0.0","a1WWD000002M0SA2A0","",""
"a1WWE000004pp272AA","005al00000RVvFOAA1","false","Residential Construction Budget Template","2026-05-12T13:54:24.000Z","005al00000RVcKvAAL","2026-08-13T16:59:17.000Z","005al00000RVvFOAA1","2026-08-13T16:59:17.000Z","","","","","","","true","true","0.0","","","","","0.0","0.0","0.0","0.0","0.0","m47rwh80tij7dno12c","","","","0.0","0.0","0.0","a1WWD000002M0SB2A0","",""
"a1WWE000004pp1Q2AQ","005al00000RVvFOAA1","false","Swimming Pool Construction Budget Template","2026-05-12T13:54:24.000Z","005al00000RVcKvAAL","2026-08-13T16:59:17.000Z","005al00000RVvFOAA1","2026-08-13T16:59:17.000Z","","","","","","","true","true","0.0","","","","","0.0","0.0","0.0","0.0","0.0","noumsrsw8zvk9qpfuj","","","","0.0","0.0","0.0","a1WWD000002M0SC2A0","",""
"a1WWE000004pp1V2AQ","005al00000RVvFOAA1","false","Maple Construction Loan Budget","2026-05-12T13:54:24.000Z","005al00000RVcKvAAL","2026-08-13T16:59:17.000Z","005al00000RVvFOAA1","2026-08-13T16:59:17.000Z","","","","","a1WWE000004pp292AA","","false","false","0.0","0.4405","0.0892","99.9108","99.5595","1848350.0","8150.0","1850000.0","1650.0","1841850.0","nw7nlfncuclo988ede","0.0","0.4405","0.0","0.0","8150.0","0.0","a1WWD000002M0SD2A0","",""
"a1WWE000004pp1W2AQ","005al00000RVvFOAA1","false","Budget for the Construction of a Warehouse","2026-05-12T13:54:24.000Z","005al00000RVcKvAAL","2026-08-13T16:59:17.000Z","005al00000RVvFOAA1","2026-08-13T16:59:17.000Z","","","","","a1WWE000004pp292AA","This budget is for the construction of a warehouse","false","false","250.0","62.1741","0.0","99.9833","37.8259","1499750.0","932612.0","1500000.0","0.0","567388.0","t2mxuxi14ydm4lfqkv","35.9641","19.0","7.21","539462.0","285000.0","108150.0","a1WWD000002M0SE2A0","",""
"a1WWE000004pp282AA","005al00000RVvFOAA1","false","Residential Construction Budget Template","2026-05-12T13:54:24.000Z","005al00000RVcKvAAL","2026-08-13T16:59:17.000Z","005al00000RVvFOAA1","2026-08-13T16:59:17.000Z","","","","","","","true","true","0.0","","","","","0.0","0.0","0.0","0.0","0.0","t9fuq012tnzadfit8v","","","","0.0","0.0","0.0","a1WWD000002M0SF2A0","",""
"a258c000004VBJpAAO","0058c00000BxeO9AAJ","false","CLA Complex Budget 1 Template","","","","","","","","","","","","","","","0.0","0.0","0.0","0.0","42021036359002676","","","","","true","0.0","0.0","0.0","","","true","","",""
"a258c000004VBCYAA4","0058c00000BxeO9AAJ","false","NcinoRecord-01","","","","","","","","","","","","","","","0.0","0.0","0.0","0.0","42056301407591363","","","","","true","0.0","0.0","0.0","","","true","","",""
"a258c000004VBJqAAO","0058c00000BxeO9AAJ","false","CLA Simple Budget 2 Template","","","","","","","","","","","","","","","0.0","0.0","0.0","0.0","42110583086880417","","","","","true","0.0","0.0","0.0","","","true","","",""
"a258c000004VBJrAAO","0058c00000BxeO9AAJ","false","CLA Simple Budget 1 Template","","","","","","","","","","","","","","","0.0","0.0","0.0","0.0","42190861640379324","","","","","true","0.0","0.0","0.0","","","true","","",""
"a258c000004VBJuAAO","0058c00000BxeO9AAJ","false","CLA Simple Budget 1 Template","","","","","","","","","","","","","","","0.0","0.0","0.0","0.0","42253046241412123","","","","","true","0.0","0.0","0.0","","","true","","",""
"a258c000004VBJvAAO","0058c00000BxeO9AAJ","false","CLA Simple Budget 2 Template","","","","","","","","","","","","","","","0.0","0.0","0.0","0.0","42516101622084174","","","","","true","0.0","0.0","0.0","","","true","","",""
"a258c000004VBJwAAO","0058c00000BxeO9AAJ","false","CLA Complex Budget 1 Template","","","","","","","","","","","","","","","0.0","0.0","0.0","0.0","42522583177688671","","","","","true","0.0","0.0","0.0","","","true","","",""
"a258c000004VBJxAAO","0058c00000BxeO9AAJ","false","CLA Complex Budget 1 Template","","","","","","","","","","","","","","","0.0","0.0","0.0","0.0","42542914142876583","","","","","true","0.0","0.0","0.0","","","true","","",""
"a258c000004VBJyAAO","0058c00000BxeO9AAJ","false","CLA Simple Budget 1 Template","","","","","","","","","","","","","","","0.0","0.0","0.0","0.0","42618541838166399","","","","","true","0.0","0.0","0.0","","","true","","",""
"a258c000004VBJzAAO","0058c00000BxeO9AAJ","false","CLA Simple Budget 2 Template","","","","","","","","","","","","","","","0.0","0.0","0.0","0.0","42658567736529257","","","","","true","0.0","0.0","0.0","","","true","","",""
"a258c000004VBK0AAO","0058c00000BxeO9AAJ","false","CLA Simple Budget 1 Template","","","","","","","","","","","","","","","0.0","0.0","0.0","0.0","42663125339013752","","","","","true","0.0","0.0","0.0","","","true","","",""
"a258c000004VBK2AAO","0058c00000BxeO9AAJ","false","CLA Complex Budget 1 Template","","","","","","","","","","","","","","","0.0","0.0","0.0","0.0","42733685110282543","","","","","true","0.0","0.0","0.0","","","true","","",""
"a258c000004VBK3AAO","0058c00000BxeO9AAJ","false","CLA Simple Budget 2 Template","","","","","","","","","","","","","","","0.0","0.0","0.0","0.0","42940878705367836","","","","","true","0.0","0.0","0.0","","","true","","",""
"a258c000004VBK5AAO","0058c00000BxeO9AAJ","false","Swimming Pool Construction Budget Template","","","","","","","","","","","","","","","0.0","0.0","0.0","0.0","96gcetgjg69r55mb72","","","","","true","0.0","0.0","0.0","","","true","","",""
"a258c000004VBK7AAO","0058c00000BxeO9AAJ","false","CLA Simple Budget 1 Template","","","","","","","","","","","","","","","0.0","0.0","0.0","0.0","a254S0000006XjeQAE","","","","","true","0.0","0.0","0.0","","","true","","",""
"a258c000004VBK8AAO","0058c00000BxeO9AAJ","false","CLA Simple Budget 2 Template","","","","","","","","","","","","","","","0.0","0.0","0.0","0.0","a254S0000006XjfQAE","","","","","true","0.0","0.0","0.0","","","true","","",""
"a258c000004VBK9AAO","0058c00000BxeO9AAJ","false","CLA Complex Budget 1 Template","","","","","","","","","","","","","","","0.0","0.0","0.0","0.0","a254S0000006XjgQAE","","","","","true","0.0","0.0","0.0","","","true","","",""
"a258c000004VBKBAA4","0058c00000BxeO9AAJ","false","CLA Simple Budget 1 Template","","","","","","","","","","","","","","","0.0","0.0","0.0","0.0","a254W000002ZgNzQAK","","","","","true","0.0","0.0","0.0","","","true","","",""
"a258c000004VBKCAA4","0058c00000BxeO9AAJ","false","CLA Simple Budget 2 Template","","","","","","","","","","","","","","","0.0","0.0","0.0","0.0","a254W000002ZgO0QAK","","","","","true","0.0","0.0","0.0","","","true","","",""
"a258c000004VBKDAA4","0058c00000BxeO9AAJ","false","CLA Complex Budget 1 Template","","","","","","","","","","","","","","","0.0","0.0","0.0","0.0","a254W000002ZgO1QAK","","","","","true","0.0","0.0","0.0","","","true","","",""
"a258c000004VBKFAA4","0058c00000BxeO9AAJ","false","CLA Simple Budget 1 Template","","","","","","","","","","","","","","","0.0","0.0","0.0","0.0","a254W000002i4CoQAI","","","","","true","0.0","0.0","0.0","","","true","","",""
"a258c000004VBKGAA4","0058c00000BxeO9AAJ","false","CLA Simple Budget 2 Template","","","","","","","","","","","","","","","0.0","0.0","0.0","0.0","a254W000002i4CpQAI","","","","","true","0.0","0.0","0.0","","","true","","",""
"a258c000004VBKHAA4","0058c00000BxeO9AAJ","false","CLA Complex Budget 1 Template","","","","","","","","","","","","","","","0.0","0.0","0.0","0.0","a254W000002i4CqQAI","","","","","true","0.0","0.0","0.0","","","true","","",""
"a258c000004VBDUAA4","0058c00000BxeO9AAJ","false","CLA Simple Budget 1 Template","","","","","","","","","","","","","","","0.0","0.0","0.0","0.0","a255f000001fQo4AAE","","","","","true","0.0","0.0","0.0","","","true","","",""
"a258c000004VBDVAA4","0058c00000BxeO9AAJ","false","CLA Simple Budget 2 Template","","","","","","","","","","","","","","","0.0","0.0","0.0","0.0","a255f000001fQo5AAE","","","","","true","0.0","0.0","0.0","","","true","","",""
"a258c000004VBDWAA4","0058c00000BxeO9AAJ","false","CLA Complex Budget 1 Template","","","","","","","","","","","","","","","0.0","0.0","0.0","0.0","a255f000001fQo6AAE","","","","","true","0.0","0.0","0.0","","","true","","",""
"a258c000004VBKOAA4","0058c00000BxeO9AAJ","false","CLA Simple Budget 1 Template","","","","","","","","","","","","","","","0.0","0.0","0.0","0.0","a258c000003SSUUAA4","","","","","true","0.0","0.0","0.0","","","true","","",""
"a258c000004VBKPAA4","0058c00000BxeO9AAJ","false","CLA Simple Budget 2 Template","","","","","","","","","","","","","","","0.0","0.0","0.0","0.0","a258c000003SSUVAA4","","","","","true","0.0","0.0","0.0","","","true","","",""
"a258c000004VBKQAA4","0058c00000BxeO9AAJ","false","CLA Complex Budget 1 Template","","","","","","","","","","","","","","","0.0","0.0","0.0","0.0","a258c000003SSUWAA4","","","","","true","0.0","0.0","0.0","","","true","","",""
"a258c000004VBDQAA4","0058c00000BxeO9AAJ","false","CLA Simple Budget 1 Template","","","","","","","","","","","","","","","0.0","0.0","0.0","0.0","a25Ho000003PYyeIAG","","","","","true","0.0","0.0","0.0","","","true","","",""
"a258c000004VBDRAA4","0058c00000BxeO9AAJ","false","CLA Simple Budget 2 Template","","","","","","","","","","","","","","","0.0","0.0","0.0","0.0","a25Ho000003PYyfIAG","","","","","true","0.0","0.0","0.0","","","true","","",""
"a258c000004VBDSAA4","0058c00000BxeO9AAJ","false","CLA Complex Budget 1 Template","","","","","","","","","","","","","","","0.0","0.0","0.0","0.0","a25Ho000003PYygIAG","","","","","true","0.0","0.0","0.0","","","true","","",""
"a258c000004VBKSAA4","0058c00000BxeO9AAJ","false","CLA Simple Budget 1 Template","","","","","","","","","","","","","","","0.0","0.0","0.0","0.0","a25Hu000005tejXIAQ","","","","","true","0.0","0.0","0.0","","","true","","",""
"a258c000004VBKTAA4","0058c00000BxeO9AAJ","false","CLA Simple Budget 2 Template","","","","","","","","","","","","","","","0.0","0.0","0.0","0.0","a25Hu000005tejYIAQ","","","","","true","0.0","0.0","0.0","","","true","","",""
"a258c000004VBKUAA4","0058c00000BxeO9AAJ","false","CLA Complex Budget 1 Template","","","","","","","","","","","","","","","0.0","0.0","0.0","0.0","a25Hu000005tejZIAQ","","","","","true","0.0","0.0","0.0","","","true","","",""
"a258c000004VBKJAA4","0058c00000BxeO9AAJ","false","Residential Construction Budget Template","","","","","","","","","","","","","","","0.0","0.0","0.0","0.0","m47rwh80tij7dno12c","","","","","true","0.0","0.0","0.0","","","true","","",""
"a258c000002D5uQAAS","0058c00000BxeO9AAJ","false","Swimming Pool Construction Budget Template","","","","","","","","","","","","","","","0.0","0.0","0.0","0.0","noumsrsw8zvk9qpfuj","","","","","true","0.0","0.0","0.0","","","true","","",""
"a258c000004VBKKAA4","0058c00000BxeO9AAJ","false","Residential Construction Budget Template","","","","","","","","","","","","","","","0.0","0.0","0.0","0.0","t9fuq012tnzadfit8v","","","","","true","0.0","0.0","0.0","","","true","","",""
"a258c000004VBKLAA4","0058c00000BxeO9AAJ","false","Commercial Construction Budget Template","","","","","","","","","","","","","","","0.0","0.0","0.0","0.0","x93i7svko56i9otrvj","","","","","true","0.0","0.0","0.0","","","true","","",""
"a258c000004VBKMAA4","0058c00000BxeO9AAJ","false","Commercial Construction Budget Template","","","","","","","","","","","","","","","0.0","0.0","0.0","0.0","z2hxx1clp02cxmb4ba","","","","","true","0.0","0.0","0.0","","","true","","",""
"a1WWE000004pp292AA","005al00000RVvFOAA1","false","Commercial Construction Budget Template","2026-05-12T13:54:24.000Z","005al00000RVcKvAAL","2026-08-13T16:59:17.000Z","005al00000RVvFOAA1","2026-08-13T16:59:17.000Z","","","","","","Metzger is using this as a budget template_4","true","true","0.0","","","","","0.0","0.0","0.0","0.0","0.0","x93i7svko56i9otrvj","","","","0.0","0.0","0.0","a1WWD000002M0SG2A0","",""
"a1WWE000004pp2O2AQ","005al00000RVvFOAA1","false","Commercial Construction Budget Template","2026-05-12T13:54:24.000Z","005al00000RVcKvAAL","2026-08-13T16:59:17.000Z","005al00000RVvFOAA1","2026-08-13T16:59:17.000Z","","","","","","","true","true","0.0","","","","","0.0","0.0","0.0","0.0","0.0","z2hxx1clp02cxmb4ba","","","","0.0","0.0","0.0","a1WWD000002M0SH2A0","",""
