"Id","IsDeleted","Name","LLC_BI__Classification__c","LLC_BI__Spread_Statement_Total_Group__c","LLC_BI__lookupKey__c"
"a4wWD0000011YRtYAM","false","a5ybn000000LSMs","a1fWD00000111oyYAA","a51WD00000i45nUYAQ","42054249331488447"
"a4wWD0000011YMeYAM","false","a5ybn000000LSMz","a1fWD00000111p0YAA","a51WD00000i45gHYAQ","42063360465787223"
"a4wWD0000011YPUYA2","false","a5ybn000000LSOk","a1fWD00000111oyYAA","a51WD00000i45lBYAQ","42101570617713476"
"a4wWD0000011YQAYA2","false","a5ybn000000LSMz","a1fWD00000111p0YAA","a51WD00000i45lyYAA","42156343681450188"
"a4wWD0000011YThYAM","false","a5ybn000000LSPK","a1fWD00000111p0YAA","a51WD00000i45pIYAQ","42188174937398631"
"a4wWD0000011YMXYA2","false","a5ybn000000LSMs","a1fWD00000111oyYAA","a51WD00000i45g2YAA","42211072080005517"
"a4wWD0000011YS1YAM","false","a5ybn000000LSMz","a1fWD00000111p0YAA","a51WD00000i45njYAA","42252258514286011"
"a4wWD0000011YRjYAM","false","a5ybn000000LSPU","a1fWD00000111oyYAA","a51WD00000i45qoYAA","42403514941770922"
"a4wWD0000011YNIYA2","false","a3kbn000000CnQ5","a1fWD00000111ozYAA","a51WD00000i45flYAA","42498366073153571"
"a4wWD0000011YNrYAM","false","a5ybn000000LSNN","a1fWD00000111oyYAA","a51WD00000i3weqYAA","42601169370435622"
"a4wWD0000011YM8YAM","false","a5ybn000000LSMY","a1fWD00000111p2YAA","a51WD00000i3weYYAQ","42686664441723919"
"a4wWD0000011YLzYAM","false","a5ybn000000LSMQ","a1fWD00000111p0YAA","a51WD00000i3weNYAQ","42707039794917905"
"a4wWD0000011YLpYAM","false","a5ybn000000LSMK","a1fWD00000111oyYAA","a51WD00000i3weBYAQ","42725551126555846"
"a4wWD0000011YP5YAM","false","a5ybn000000LSOa","a1fWD00000111p0YAA","a51WD00000i45kmYAA","42726839451644150"
"a4wWD0000011YRKYA2","false","a5ybn000000LSPK","a1fWD00000111p0YAA","a51WD00000i45qTYAQ","42812164929977448"
"a4wWD0000011YQ3YAM","false","a5ybn000000LSMs","a1fWD00000111oyYAA","a51WD00000i45leYAA","42864005960649409"
"a4wWD0000011YNyYAM","false","a5ybn000000LSNU","a1fWD00000111p0YAA","a51WD00000i3wf6YAA","42918256480688572"
"a4wWD0000011YTuYAM","false","a5ybn000000LSPU","a1fWD00000111oyYAA","a51WD00000i45pVYAQ","42932715326669137"
"a4wWD000000quEWYAY","false","a3gal000001fMCS","a1fWD00000111oyYAA","a51WD00000ZIrtUYAT","comm-bl-42040938906498423"
"a4wWD000000quEgYAI","false","a3gal000001fMCe","a1fWD00000111p0YAA","a51WD00000ZIrujYAD","comm-bl-42062966961771370"
"a4wWD000000quEiYAI","false","a3gal000001fMCq","a1fWD00000111p1YAA","a51WD00000ZIrvkYAD","comm-bl-42099698856621181"
"a4wWD000000quEUYAY","false","a5yal000000avav","a1fWD00000111oyYAA","a51WD00000ZIrpyYAD","comm-bl-42135738197434038"
"a4wWD000000quEdYAI","false","a5yal000000avc3","a1fWD00000111p0YAA","a51WD00000ZIrrZYAT","comm-bl-42254930459075304"
"a4wWD000000quEVYAY","false","a3kal000001Hlzd","a1fWD00000111ozYAA","a51WD00000ZIrqlYAD","comm-bl-42282250231659616"
"a4wWD000000quEZYAY","false","a3gal000001fMCq","a1fWD00000111p1YAA","a51WD00000ZIrubYAD","comm-bl-42426513913916847"
"a4wWD000000quEkYAI","false","a3gal000001fMCS","a1fWD00000111oyYAA","a51WD00000ZIrwlYAD","comm-bl-42458591494033883"
"a4wWD000000quEjYAI","false","a3gal000001fMCe","a1fWD00000111p0YAA","a51WD00000ZIrwWYAT","comm-bl-42540670721547478"
"a4wWD000000quEhYAI","false","a3gal000001fMCS","a1fWD00000111oyYAA","a51WD00000ZIrusYAD","comm-bl-42594179249566571"
"a4wWD000000quEXYAY","false","a3gal000001fMCe","a1fWD00000111p0YAA","a51WD00000ZIrtmYAD","comm-bl-42605630125967867"
"a4wWD000000quEeYAI","false","a5yal000000avck","a1fWD00000111p0YAA","a51WD00000ZIrsJYAT","comm-bl-42777430300525512"
"a4wWD000000quEaYAI","false","a5yal000000avbe","a1fWD00000111p0YAA","a51WD00000ZIrovYAD","comm-bl-42796527209894788"
"a4wWD000000quEcYAI","false","a5yal000000avbw","a1fWD00000111oyYAA","a51WD00000ZIrpXYAT","comm-bl-42867307660864870"
"a4wWD000000quEfYAI","false","a5yal000000avcp","a1fWD00000111p2YAA","a51WD00000ZIrsjYAD","comm-bl-42927782827556060"
"a4wWD000000quEYYAY","false","a3gal000001fMCq","a1fWD00000111p1YAA","a51WD00000ZIru5YAD","comm-bl-42930603294049738"
"a4wWD000000quEbYAI","false","a5yal000000avbo","a1fWD00000111oyYAA","a51WD00000ZIrpKYAT","comm-bl-42976315055521904"
