"Id","IsDeleted","Name","ConnectionReceivedId","ConnectionSentId","LLC_BI__Data_Source__c","LLC_BI__External_Name__c","LLC_BI__Sort_Order__c","LLC_BI__lookupKey__c","LLC_BI__Data_Source_Section__c"
"a4L4x0000019niLEAQ","","42364002294699506","","","a4N4x0000017jP8EAI","","133.0","00da9372-edee-4f75-afb9-17663af41f0f",""
"a4L4x0000019nbyEAA","","42905215538572986","","","a4N4x0000017jP9EAI","","22.0","011a1929-264c-4256-954b-29e2afab5bb6",""
"a4L4x0000019nc3EAA","","42897503751603072","","","a4N4x0000017jP9EAI","","46.0","012eaf2b-4a3d-4521-b10f-0cc4c8bedaee",""
"a4L4x0000019nd6EAA","","42300348245885256","","","a4N4x0000017jP9EAI","","138.0","023954cf-d9a1-4c8a-95c6-3944a6ac15a2",""
"a4L4x0000019nbLEAQ","","42405149040563109","","","a4N4x0000017jP9EAI","","176.0","02f5d2aa-4984-4f8d-a2d0-47977162ad02",""
"a4L4x0000019niFEAQ","","42708793478122007","","","a4N4x0000017jP8EAI","","127.0","03ddb705-c229-4177-b58a-0ada47bdc753",""
"a4L4x0000019nc6EAA","","42902017503937982","","","a4N4x0000017jP9EAI","","49.0","0402f569-daa8-4879-84a7-2ab58b75341e",""
"a4L4x0000019nh7EAA","","42675576301500911","","","a4N4x0000017jP8EAI","","69.0","04980a54-918b-4487-a02f-7b537fd3bf56",""
"a4L4x0000019njAEAQ","","42629186673622384","","","a4N4x0000017jP8EAI","","53.0","0499e94b-9a52-4e27-a846-0961fffcfa5c",""
"a4L4x0000019nfMEAQ","","f7a6d048-7dfd-40a4-bff4-5c217098be65","","","a4N4x0000017jP7EAI","","72.0","04e9ec52-7d79-4917-bc60-88cb8767f7ee",""
"a4L4x0000019niuEAA","","42617912387046652","","","a4N4x0000017jP8EAI","","46.0","052728eb-b32e-40ec-8a20-61d8013637ff",""
"a4L4x0000019nhLEAQ","","42625837370692353","","","a4N4x0000017jP8EAI","","90.0","0536f0b8-367e-4fb8-956d-367ceeb12a7f",""
"a4L4x0000019nbvEAA","","42601621554412493","","","a4N4x0000017jP9EAI","","19.0","05af1b36-772f-4dcf-be07-051aebbcda0c",""
"a4L4x0000019nepEAA","","42983296632538570","","","a4N4x0000017jP9EAI","","41.0","05c332e7-1cfb-4801-a0c9-0dfe4aae8384",""
"a4L4x0000019ne6EAA","","42332020957371126","","","a4N4x0000017jP9EAI","","99.0","072035f2-4c1a-413d-8b9c-0fecda73e6c4",""
"a4L4x0000019ngwEAA","","42367175417279317","","","a4N4x0000017jP8EAI","","3.0","074f2139-69d6-4851-b886-d60da4890b42",""
"a4L4x0000019nieEAA","","42185642632178099","","","a4N4x0000017jP8EAI","","30.0","08feabb3-46b7-431b-814e-fadbb5a001e7",""
"a4L4x0000019ni9EAA","","42658293724649801","","","a4N4x0000017jP8EAI","","122.0","092864dd-bb4c-4249-b142-fd311f57fc4f",""
"a4L4x0000019ngZEAQ","","89808811-d882-4a00-b9b4-19bc1368359d","","","a4N4x0000017jP7EAI","","59.0","0952a196-9be0-4924-8716-ea02317fb824",""
"a4L4x0000019ndwEAA","","42014208779478872","","","a4N4x0000017jP9EAI","","193.0","0977bacb-8929-4356-ba2f-2e5b70585e6b",""
"a4L4x0000019ni6EAA","","42722085343273261","","","a4N4x0000017jP8EAI","","119.0","09e6f235-c526-4145-b344-891acd1b46b3",""
"a4L4x0000019neFEAQ","","42804928787208403","","","a4N4x0000017jP9EAI","","107.0","0a3f9bf1-7602-4389-9470-297ee9ec66fa",""
"a4L4x0000019ndNEAQ","","42746204592802741","","","a4N4x0000017jP9EAI","","30.0","0a76dfac-c93a-44b7-9d21-6e397895855c",""
"a4L4x0000019niCEAQ","","42157257595982955","","","a4N4x0000017jP8EAI","","118.0","0b476140-16b9-47e0-95a1-71dd506245fd",""
"a4L4x0000019niWEAQ","","42535828312445938","","","a4N4x0000017jP8EAI","","144.0","0b59d5b4-c26a-4342-a91c-aef4da3fc6a9",""
"a4L4x0000019ndBEAQ","","42290636271780339","","","a4N4x0000017jP9EAI","","143.0","0b8ba47f-e97d-4309-a110-9b7954bc2358",""
"a4L4x0000019nhHEAQ","","42083319819732684","","","a4N4x0000017jP8EAI","","86.0","0c25a191-d581-4545-aa95-6ed9404d5d69",""
"a4L4x0000019ndpEAA","","42525632173823773","","","a4N4x0000017jP9EAI","","112.0","0ce56091-9422-475a-beec-38b4c2212565",""
"a4L4x0000019ni1EAA","","42746005766774561","","","a4N4x0000017jP8EAI","","113.0","0d2c8ab8-bde1-489f-a677-364d7d89b4a8",""
"a4L4x0000019ndREAQ","","42832919608256817","","","a4N4x0000017jP9EAI","","77.0","0dcd896a-2e50-4fc7-bb7c-cfce35f86822",""
"a4L4x0000019nfmEAA","","42669701546096091","","","a4N4x0000017jP7EAI","","98.0","0deef1e4-29f8-4706-aaa6-ea11f81c93d8",""
"a4L4x0000019neyEAA","","42402604976031945","","","a4N4x0000017jP9EAI","","122.0","0e1fdf4f-bf6e-4cd7-ad75-502541e05971",""
"a4L4x0000019ndIEAQ","","42780763157159536","","","a4N4x0000017jP9EAI","","25.0","0f933d94-d536-4177-af55-d7f5ef541e34",""
"a4L4x0000019ninEAA","","42470911840639187","","","a4N4x0000017jP8EAI","","39.0","101a5fdf-eb50-46c6-9e91-76bc9645d314",""
"a4L4x0000019niMEAQ","","42698884048488755","","","a4N4x0000017jP8EAI","","134.0","105a1e39-587c-44ea-a871-7a60f4b52900",""
"a4L4x0000019ngqEAA","","42815874326000377","","","a4N4x0000017jP8EAI","","63.0","106ca7f5-449b-4cc0-8460-23caa993182e",""
"a4L4x0000019nh9EAA","","42982198837158367","","","a4N4x0000017jP8EAI","","71.0","119f9a2f-567b-410b-a1c3-341fae81eb08",""
"a4L4x0000019neiEAA","","4205945566746774","","","a4N4x0000017jP9EAI","","35.0","11c4182d-f0e4-49e3-9e3e-65d3fe8ef6f4",""
"a4L4x0000019ngIEAQ","","42382641256491801","","","a4N4x0000017jP7EAI","","29.0","12107d2b-125f-4aed-a847-d4c574fce672",""
"a4L4x0000019nfCEAQ","","42181570432496324","","","a4N4x0000017jP7EAI","","43.0","12a31d52-025e-4da2-8ee6-b02dc02a2f02",""
"a4L4x0000019nhDEAQ","","42072661904675553","","","a4N4x0000017jP8EAI","","82.0","13022b5b-df06-477e-92c4-be17f3d0bedf",""
"a4L4x0000019ngvEAA","","42161566975741706","","","a4N4x0000017jP8EAI","","2.0","138c018d-7b74-4d0a-9b56-8c8a12d97758",""
"a4L4x0000019ngXEAQ","","aecec559-d45c-45ab-89d2-623d9e6bc754","","","a4N4x0000017jP7EAI","","57.0","140d51c8-0630-446b-8a29-7416e0c88b26",""
"a4L4x0000019nj9EAA","","42543104477848312","","","a4N4x0000017jP8EAI","","154.0","1538c2b7-7a88-4327-8c64-03a20f70adf3",""
"a4L4x0000019nhqEAA","","42709063252129853","","","a4N4x0000017jP8EAI","","15.0","156aca6d-6c9a-4e57-a8ca-5dcc977205c7",""
"a4L4x0000019neZEAQ","","42006672098080664","","","a4N4x0000017jP9EAI","","162.0","16054bab-74ba-49d9-9d9d-36dcb1699917",""
"a4L4x0000019nilEAA","","42864620702977163","","","a4N4x0000017jP8EAI","","37.0","172029eb-13a6-4bfa-b47a-d1bc57aaeb69",""
"a4L4x0000019nbhEAA","","42584611985699927","","","a4N4x0000017jP9EAI","","221.0","1721f2cb-b22a-4c49-896d-045ed3371aa0",""
"a4L4x0000019ngfEAA","","5bb5b475-e245-4fa2-8e60-7f97497e979c","","","a4N4x0000017jP7EAI","","65.0","1747b0db-d7fa-4475-a4ef-bc0ba7480744",""
"a4L4x0000019ndgEAA","","42058825579547210","","","a4N4x0000017jP9EAI","","92.0","17787a70-551a-487f-9606-9a6a1bb14a07",""
"a4L4x0000019ngcEAA","","ff898a84-cfb1-457c-bfa8-f9fd225219c4","","","a4N4x0000017jP7EAI","","62.0","180d0ca2-c5d3-450a-ba3c-9f158f69751d",""
"a4L4x0000019newEAA","","42504395701497828","","","a4N4x0000017jP9EAI","","120.0","181a2531-25d1-4f3b-9287-66be572e2bf3",""
"a4L4x0000019nbKEAQ","","42206908041573163","","","a4N4x0000017jP9EAI","","175.0","18a6c1e8-6830-43b9-ab93-1f3f2063b036",""
"a4L4x0000019ndrEAA","","42738316166800889","","","a4N4x0000017jP9EAI","","114.0","18e72c31-3d58-4b7d-a455-2babfa70e8b3",""
"a4L4x0000019nh3EAA","","42684888099089333","","","a4N4x0000017jP8EAI","","81.0","19c3f8b1-36ff-452c-acc0-f81ccf25817a",""
"a4L4x0000019nhPEAQ","","42468374740861233","","","a4N4x0000017jP8EAI","","94.0","19cf0c40-9ce0-4aaf-bf89-3f7e7e2cb70b",""
"a4L4x0000019ngpEAA","","42126939727270009","","","a4N4x0000017jP8EAI","","62.0","1a18ac17-14fe-4374-80e5-0a76d42d27fb",""
"a4L4x0000019nhIEAQ","","42793878462823855","","","a4N4x0000017jP8EAI","","87.0","1a2f678f-a1cd-480c-a8dc-a91e3bf57119",""
"a4L4x0000019nctEAA","","42497289255187035","","","a4N4x0000017jP9EAI","","125.0","1ad1a2af-bb80-44a3-ba3e-19b6cd7b28a9",""
"a4L4x0000019njFEAQ","","42096516320406475","","","a4N4x0000017jP8EAI","","57.0","1d1fa0cc-45c0-4f89-a125-eb57d7416899",""
"a4L4x0000019niGEAQ","","42432003052018263","","","a4N4x0000017jP8EAI","","128.0","1d8ff353-0519-4354-b55d-961abac9b28b",""
"a4L4x0000019nbfEAA","","42724692828950814","","","a4N4x0000017jP9EAI","","219.0","1da7ae00-e95b-430c-83f7-96f574fe230f",""
"a4L4x0000019nhfEAA","","42884355870794025","","","a4N4x0000017jP8EAI","","4.0","1deb3789-c988-4a77-b5f0-8759662be667",""
"a4L4x0000019ndcEAA","","42802520656082619","","","a4N4x0000017jP9EAI","","88.0","1df6de73-146c-4d9c-bbde-09515962996f",""
"a4L4x0000019neWEAQ","","42299118787259330","","","a4N4x0000017jP9EAI","","209.0","1e48aab2-e88f-4461-bad8-0ed47a142d3a",""
"a4L4x0000019ng7EAA","","f6e46d1d-4035-4777-ac0d-895ff5bd3e19","","","a4N4x0000017jP7EAI","","101.0","1e6dcf0c-fdb5-42a9-8593-3adeaf8a55f8",""
"a4L4x0000019nbtEAA","","42342847655741077","","","a4N4x0000017jP9EAI","","17.0","1ef5580c-c798-4e26-bf32-7aa81b95e563",""
"a4L4x0000019ndmEAA","","42197342661415742","","","a4N4x0000017jP9EAI","","109.0","1fc81386-ef41-4e90-a017-eb18f5dec216",""
"a4L4x0000019nhgEAA","","42902163088219132","","","a4N4x0000017jP8EAI","","5.0","20186267-8e6f-4e46-b4cd-5142c00b8b9f",""
"a4L4x0000019ne7EAA","","42251670542199066","","","a4N4x0000017jP9EAI","","100.0","2032a01e-3ead-429a-9be2-920af7ddd1a0",""
"a4L4x0000019ng1EAA","","42305787392785047","","","a4N4x0000017jP7EAI","","18.0","20b11a22-09de-422a-a4cd-408d6f75fffa",""
"a4L4x0000019nfgEAA","","9fd13a9d-bb2d-4274-af12-da86a85c1c5a","","","a4N4x0000017jP7EAI","","92.0","21cfcad4-06c7-47a7-8960-feb051349d79",""
"a4L4x0000019niIEAQ","","42823416692359051","","","a4N4x0000017jP8EAI","","130.0","21f226f4-d375-4e88-b212-83a54073b59e",""
"a4L4x0000019ne5EAA","","42022879255102551","","","a4N4x0000017jP9EAI","","202.0","21f7e5bd-9174-4efe-9e1a-0ef41846d11b",""
"a4L4x0000019nfdEAA","","35bf754f-f43d-4c6d-bb7c-dbc504ac8b48","","","a4N4x0000017jP7EAI","","89.0","222dd17f-f2eb-4c36-86e7-a5ef093ff477",""
"a4L4x0000019neGEAQ","","42092134307388445","","","a4N4x0000017jP9EAI","","108.0","230aa549-13bd-4b86-bbd5-c9bb68ab3012",""
"a4L4x0000019nebEAA","","42619445671722400","","","a4N4x0000017jP9EAI","","164.0","24870189-6aea-493f-a2f1-533611176c3d",""
"a4L4x0000019nbGEAQ","","42870538581882900","","","a4N4x0000017jP9EAI","","171.0","24b04118-d48c-49cd-9611-41935d220c84",""
"a4L4x0000019niXEAQ","","42875707157343051","","","a4N4x0000017jP8EAI","","145.0","2527c87b-b6d8-46e0-b3b6-bddaef685cf5",""
"a4L4x0000019nflEAA","","42909067803259369","","","a4N4x0000017jP7EAI","","97.0","257bb26a-db60-4d16-a9e0-242b5e4282a2",""
"a4L4x0000019ncWEAQ","","42052951564784491","","","a4N4x0000017jP9EAI","","65.0","25aaaf9e-4ea0-4c24-bf0d-3ba173e796b6",""
"a4L4x0000019nfsEAA","","8a0978a4-34ad-4367-8b59-bc68529e69f4","","","a4N4x0000017jP7EAI","","110.0","25d47989-0c0e-4eb6-a06f-3040ce722a49",""
"a4L4x0000019ncxEAA","","42683709497697816","","","a4N4x0000017jP9EAI","","129.0","261856a6-daaf-4df7-96f6-5ccb4019e2f8",""
"a4L4x0000019ng0EAA","","42173251183442578","","","a4N4x0000017jP7EAI","","17.0","26c735d2-7e16-4625-822a-b1a8c92525d7",""
"a4L4x0000019nc9EAA","","42167990490560161","","","a4N4x0000017jP9EAI","","52.0","26e5dffa-7a64-4260-b191-c7902c2e3448",""
"a4L4x0000019nibEAA","","42577053432916026","","","a4N4x0000017jP8EAI","","27.0","276e8f56-d3a0-443f-8ef4-239c4c93c162",""
"a4L4x0000019nimEAA","","42295739971684638","","","a4N4x0000017jP8EAI","","38.0","2841eeb3-c251-4004-b857-e9fd32658a71",""
"a4L4x0000019ncDEAQ","","42878917114688405","","","a4N4x0000017jP9EAI","","59.0","286e2731-7ed4-4f08-8f7b-d898f235109e",""
"a4L4x0000019nedEAA","","42992950291851966","","","a4N4x0000017jP9EAI","","166.0","29122904-ed23-4b22-b9d7-9dacd4b3ca26",""
"a4L4x0000019nezEAA","","42310663982946692","","","a4N4x0000017jP7EAI","","0.0","29509fc4-8e8e-4db3-851b-b197ba7793d1",""
"a4L4x0000019nhJEAQ","","42946946664901295","","","a4N4x0000017jP8EAI","","88.0","2a29eac1-585c-48fc-92f9-fbc580b59d53",""
"a4L4x0000019nbMEAQ","","42803465517455772","","","a4N4x0000017jP9EAI","","177.0","2a91fc91-a6ac-4eec-aa16-f8b60dfab964",""
"a4L4x0000019nhAEAQ","","42655766470746219","","","a4N4x0000017jP8EAI","","72.0","2c021859-e0b6-45b5-a8e9-f404bfd1b6db",""
"a4L4x0000019nesEAA","","42953469419478261","","","a4N4x0000017jP9EAI","","116.0","2c2ff039-85d1-456a-b39f-f00d27a09f99",""
"a4L4x0000019ndLEAQ","","42856209809385954","","","a4N4x0000017jP9EAI","","28.0","2cabc30f-a42a-4bc5-81a2-05132b753377",""
"a4L4x0000019nbwEAA","","42832812367672478","","","a4N4x0000017jP9EAI","","20.0","2d3f5d54-7dc6-4d98-a045-ff8b6ef0005f",""
"a4L4x0000019ncJEAQ","","42894488913689003","","","a4N4x0000017jP9EAI","","54.0","2e19c321-3bc6-4cb4-9c2e-9aa6704fd1bc",""
"a4L4x0000019nhwEAA","","42111215461843506","","","a4N4x0000017jP8EAI","","21.0","2e8cb226-e319-4fb1-a45b-69bf5fc247ff",""
"a4L4x0000019nfnEAA","","3bcef80f-ea1c-4336-ac89-d182234900db","","","a4N4x0000017jP7EAI","","99.0","2ed2ad92-ee1d-4c3d-9322-18b26476ca89",""
"a4L4x0000019neJEAQ","","42196646579350935","","","a4N4x0000017jP9EAI","","155.0","301d42bd-657a-41c3-9c66-0a9c29df45a1",""
"a4L4x0000019nivEAA","","42774584821408284","","","a4N4x0000017jP8EAI","","47.0","3068c2a8-7a99-403b-8b87-fb2e63ae2118",""
"a4L4x0000019nhTEAQ","","42100245168975974","","","a4N4x0000017jP8EAI","","98.0","3210067e-943d-4401-aa62-0a4910eda149",""
"a4L4x0000019ne3EAA","","42235908575908306","","","a4N4x0000017jP9EAI","","200.0","328dfda8-0592-4035-939f-e5c2772fd8b0",""
"a4L4x0000019nj3EAA","","42598102125405818","","","a4N4x0000017jP8EAI","","148.0","32bae0b6-156e-4537-87cc-007ee210b0c6",""
"a4L4x0000019ndGEAQ","","42897170690618976","","","a4N4x0000017jP9EAI","","148.0","32c072ac-00b5-4c5a-9a29-856e3433d3e7",""
"a4L4x0000019ndKEAQ","","42141182718604303","","","a4N4x0000017jP9EAI","","27.0","32e31c12-8781-4e5f-9441-70b57eb4d8d3",""
"a4L4x0000019nbHEAQ","","42536099727638272","","","a4N4x0000017jP9EAI","","172.0","33a6a319-331e-4d86-9768-4405cca9a239",""
"a4L4x0000019ngNEAQ","","42976845306928672","","","a4N4x0000017jP7EAI","","34.0","33b61044-e60f-4c2c-8a7c-1dd8b34fa1be",""
"a4L4x0000019nexEAA","","42592377114891069","","","a4N4x0000017jP9EAI","","121.0","33d0e9c6-f448-42e6-8de6-ab32d0e0f78d",""
"a4L4x0000019nceEAA","","42555544246590901","","","a4N4x0000017jP9EAI","","73.0","33e9fe1a-8ff2-4219-981e-ab7b1be19279",""
"a4L4x0000019nghEAA","","2bffe1d2-a126-49f2-91c3-6541e39dbe07","","","a4N4x0000017jP7EAI","","67.0","365a42b4-6a3e-4922-861f-a50840b45d14",""
"a4L4x0000019ncCEAQ","","42526751452295764","","","a4N4x0000017jP9EAI","","58.0","370003ef-7776-4553-85e6-0d6698e4b98f",""
"a4L4x0000019ngFEAQ","","42196542935887893","","","a4N4x0000017jP7EAI","","26.0","387367f1-d891-40ed-b9c8-36db9a9182df",""
"a4L4x0000019neLEAQ","","42990359736054847","","","a4N4x0000017jP9EAI","","157.0","38799c8a-d152-415f-a67e-ae4e74daa169",""
"a4L4x0000019neeEAA","","42685726745006615","","","a4N4x0000017jP9EAI","","167.0","3acc8e0b-5f5f-49f7-91eb-2c0d8122c59b",""
"a4L4x0000019ngAEAQ","","55b976a1-410e-4e32-96b5-6e79762f4ea1","","","a4N4x0000017jP7EAI","","104.0","3ad2ce62-a9f8-4ffe-a8f9-ebb2f86a544a",""
"a4L4x0000019nfOEAQ","","da5389f3-9c38-46be-be92-c67df7e24601","","","a4N4x0000017jP7EAI","","74.0","3b27fee9-646e-496b-abb7-ad1b206044fb",""
"a4L4x0000019neQEAQ","","42726381007686146","","","a4N4x0000017jP9EAI","","203.0","3bac35e2-b31d-4a1e-af99-b76a1526de0b",""
"a4L4x0000019ndUEAQ","","42167785579457575","","","a4N4x0000017jP9EAI","","80.0","3c088963-af8d-4748-985f-0db049ee7edd",""
"a4L4x0000019nbgEAA","","42921065806493371","","","a4N4x0000017jP9EAI","","220.0","3c4ce336-916e-42d0-b72d-b3e5ba132b8d",""
"a4L4x0000019ncAEAQ","","42425443941413471","","","a4N4x0000017jP9EAI","","43.0","3cf6a5d0-3d71-44b6-8aa8-786ef2873091",""
"a4L4x0000019nc1EAA","","42172872749458553","","","a4N4x0000017jP9EAI","","44.0","3d2b8a14-dbe7-4873-8ebd-a194f342f484",""
"a4L4x0000019ncvEAA","","42627804387365402","","","a4N4x0000017jP9EAI","","127.0","3dd89c70-e128-4648-ac1b-f36d048ffba1",""
"a4L4x0000019neEEAQ","","42232189995844778","","","a4N4x0000017jP9EAI","","106.0","3e28bb92-f001-4f13-bd2e-59a152e86821",""
"a4L4x0000019nd9EAA","","42888495481392710","","","a4N4x0000017jP9EAI","","141.0","3ebb2c8d-29e7-4cea-b577-887eabef826b",""
"a4L4x0000019ni3EAA","","42509968095921200","","","a4N4x0000017jP8EAI","","115.0","3ec10765-5c67-4392-8505-5cef2fd4b7f5",""
"a4L4x0000019nd1EAA","","42235021475611638","","","a4N4x0000017jP9EAI","","133.0","3f11e3ad-f921-4059-9d1e-e730e05c750d",""
"a4L4x0000019ncbEAA","","42264296728071726","","","a4N4x0000017jP9EAI","","70.0","3f6f156d-2940-46e8-9c7e-f65f08d0b985",""
"a4L4x0000019ne8EAA","","42228735396115501","","","a4N4x0000017jP9EAI","","98.0","3ff31525-f84f-443e-8791-58e0d1e05f50",""
"a4L4x0000019nioEAA","","42035166137834633","","","a4N4x0000017jP8EAI","","40.0","40160a22-d534-465e-8df9-015fbbd92cb4",""
"a4L4x0000019ndbEAA","","42622917081068339","","","a4N4x0000017jP9EAI","","87.0","42053fa5-8b5c-4761-a891-d9aabe3fca8b",""
"a4L4x0000019nbzEAA","","42640118200223537","","","a4N4x0000017jP9EAI","","23.0","42094c5f-ffec-49c4-b51a-d3890427cfaa",""
"a4L4x0000019ncpEAA","","42082703472965209","","","a4N4x0000017jP9EAI","","12.0","42ee3952-e4c7-4476-a5a6-ee8dcbcbf93d",""
"a4L4x0000019nirEAA","","42313369292552683","","","a4N4x0000017jP8EAI","","43.0","4333def3-8e68-4549-aca2-2b98e3d7d4ca",""
"a4L4x0000019nbFEAQ","","42697077142481942","","","a4N4x0000017jP9EAI","","170.0","43c39eef-3700-46ce-afba-52c0143802d6",""
"a4L4x0000019ngJEAQ","","42244795703667533","","","a4N4x0000017jP7EAI","","30.0","43c92860-bd12-427d-a480-1a5a10c19068",""
"a4L4x0000019nhyEAA","","42166864472041693","","","a4N4x0000017jP8EAI","","110.0","43e4ac7f-d150-4ae8-9457-487cbabe76fe",""
"a4L4x0000019nbVEAQ","","42580989739368167","","","a4N4x0000017jP9EAI","","186.0","44948485-d937-4431-bdb0-34c073d892c6",""
"a4L4x0000019ncjEAA","","42803494104332294","","","a4N4x0000017jP9EAI","","6.0","44b0ba79-7dd0-458b-9f17-828ad6474f82",""
"a4L4x0000019nggEAA","","dd016c6b-4ef3-4242-868d-00c9abf3d12e","","","a4N4x0000017jP7EAI","","66.0","45d4f511-d80d-43f8-8963-f882012b0a02",""
"a4L4x0000019nfKEAQ","","c415cd45-55bb-4c34-9fd3-8d7d593dd444","","","a4N4x0000017jP7EAI","","51.0","464d351c-c1b4-430d-9193-b145f24b4754",""
"a4L4x0000019ndTEAQ","","42920668547598208","","","a4N4x0000017jP9EAI","","79.0","465922ba-f382-4cec-95f0-e46affb880cf",""
"a4L4x0000019ni4EAA","","42419330950182122","","","a4N4x0000017jP8EAI","","116.0","46c51bd4-18f5-483c-8c56-d75b62638eaf",""
"a4L4x0000019nbbEAA","","42841313155753391","","","a4N4x0000017jP9EAI","","215.0","470dbc8c-dea5-456d-b2af-ff7d09cd9c47",""
"a4L4x0000019neSEAQ","","42339304622174276","","","a4N4x0000017jP9EAI","","205.0","4826992d-d726-430a-a821-43d7e2d20683",""
"a4L4x0000019nbIEAQ","","42745919477660607","","","a4N4x0000017jP9EAI","","173.0","48617d30-e1d0-49f8-b122-9d443ac44e5b",""
"a4L4x0000019nbZEAQ","","42577363098049554","","","a4N4x0000017jP9EAI","","213.0","4882a825-5436-445d-a158-3ed9129fe260",""
"a4L4x0000019nguEAA","","42203165780901698","","","a4N4x0000017jP8EAI","","1.0","4902efae-3509-4bc9-84e0-c311df0ed49e",""
"a4L4x0000019njDEAQ","","42816971297778571","","","a4N4x0000017jP8EAI","","52.0","49a096da-0d87-4922-bb37-9f1b9f52c0fa",""
"a4L4x0000019nbUEAQ","","42361317124370651","","","a4N4x0000017jP9EAI","","185.0","4b4de72a-74dc-49ba-a466-993aeb08f706",""
"a4L4x0000019ncgEAA","","42532345724304543","","","a4N4x0000017jP9EAI","","3.0","4bd75f87-1d57-4981-9d3e-d1f22785c68b",""
"a4L4x0000019neYEAQ","","42876448230171676","","","a4N4x0000017jP9EAI","","211.0","4d734d0d-8d22-469a-9ddb-85c15682ef8d",""
"a4L4x0000019ncaEAA","","42338877042695882","","","a4N4x0000017jP9EAI","","69.0","4d7d79f2-a8d9-4426-ad86-2793fdfad2b0",""
"a4L4x0000019niTEAQ","","42836463571565713","","","a4N4x0000017jP8EAI","","142.0","4daf52f9-b632-460c-a650-f79a463af98a",""
"a4L4x0000019nc5EAA","","42827874440000710","","","a4N4x0000017jP9EAI","","48.0","4eb47837-a531-4443-aa64-11689993aa38",""
"a4L4x0000019nbWEAQ","","42749951696837479","","","a4N4x0000017jP9EAI","","187.0","4f522b1f-3de8-44bb-a224-c5ec4ae6a2a7",""
"a4L4x0000019nccEAA","","42381723546748652","","","a4N4x0000017jP9EAI","","71.0","4fa8004a-04b9-4fb2-9a73-08c5fcf01d75",""
"a4L4x0000019nhaEAA","","42181330102292400","","","a4N4x0000017jP8EAI","","105.0","5072bfd9-9eae-47ff-900f-c265f5bd65f6",""
"a4L4x0000019nczEAA","","42734057172313815","","","a4N4x0000017jP9EAI","","131.0","50d69a45-0d9f-4018-80bc-503554cf24e0",""
"a4L4x0000019ngoEAA","","42075698709317406","","","a4N4x0000017jP8EAI","","61.0","5139a20d-925f-43f7-ad81-9857aacfcdf4",""
"a4L4x0000019niKEAQ","","42694635293131818","","","a4N4x0000017jP8EAI","","132.0","5160f5d8-68ce-47a1-9602-34f1bb191ec7",""
"a4L4x0000019niJEAQ","","42280734270650728","","","a4N4x0000017jP8EAI","","131.0","518a1930-6bd6-410a-ab13-7d5adf796d71",""
"a4L4x0000019nboEAA","","42504973224825535","","","a4N4x0000017jP9EAI","","1.0","51bea22c-a497-40d2-926c-04580b945787",""
"a4L4x0000019nbYEAQ","","42719116706344286","","","a4N4x0000017jP9EAI","","212.0","52f4e3f1-3545-474c-b0a7-f1c68890a5b2",""
"a4L4x0000019nh8EAA","","42108863532110642","","","a4N4x0000017jP8EAI","","70.0","536ed884-84c2-4810-b408-c25344fc5c73",""
"a4L4x0000019nd2EAA","","42907901125247181","","","a4N4x0000017jP9EAI","","134.0","54b4ee2b-bc61-4869-8b93-825cb6a740b7",""
"a4L4x0000019nffEAA","","885ecfa8-7d34-43fb-a9b8-38f111528c45","","","a4N4x0000017jP7EAI","","91.0","5664da46-6260-4880-ab0d-a75374e6dea0",""
"a4L4x0000019nd7EAA","","42106577930241172","","","a4N4x0000017jP9EAI","","139.0","5716d221-6c6a-458f-a8a5-48e6f5429a6d",""
"a4L4x0000019ndhEAA","","42336407858074777","","","a4N4x0000017jP9EAI","","93.0","57fe588c-a24b-4001-8747-b3659dad4576",""
"a4L4x0000019ndYEAQ","","42239798583115469","","","a4N4x0000017jP9EAI","","84.0","581fcec3-5c39-496d-adaa-c4380c5d665c",""
"a4L4x0000019nixEAA","","42887668815713532","","","a4N4x0000017jP8EAI","","49.0","587adba0-c75a-4177-aaf3-42480e08b3bc",""
"a4L4x0000019nh2EAA","","42621072749797615","","","a4N4x0000017jP8EAI","","80.0","58fd34f1-b237-4455-af81-171dea00438d",""
"a4L4x0000019niPEAQ","","42171323308059709","","","a4N4x0000017jP8EAI","","137.0","59aa30c8-6c12-4b39-b445-2d74cb8599f6",""
"a4L4x0000019neoEAA","","42603592343174211","","","a4N4x0000017jP9EAI","","40.0","5af15fb5-d18a-4363-8110-058fa0768aa9",""
"a4L4x0000019nhiEAA","","42486218312527886","","","a4N4x0000017jP8EAI","","7.0","5b7a28e7-e42a-4bc9-ac37-3513308abae8",""
"a4L4x0000019nfeEAA","","4d2fb33a-667f-4808-9720-ad23ced1f0a0","","","a4N4x0000017jP7EAI","","90.0","5c4ea625-3caa-440d-9347-7bc83e256a11",""
"a4L4x0000019nduEAA","","42328485416480119","","","a4N4x0000017jP9EAI","","191.0","5ce4a671-411a-4afc-a10c-f3d2e1f02d96",""
"a4L4x0000019ncYEAQ","","42721479615216632","","","a4N4x0000017jP9EAI","","67.0","5d0f26a3-2a9f-427c-9e92-4cbad5586f03",""
"a4L4x0000019nhpEAA","","42027845416640901","","","a4N4x0000017jP8EAI","","14.0","5d189686-c10a-4859-a5ca-a7e93dd70933",""
"a4L4x0000019nidEAA","","42257334968776570","","","a4N4x0000017jP8EAI","","29.0","5d2b1158-2e5b-4ee1-a260-97c54fa5ed7a",""
"a4L4x0000019ngtEAA","","42623113305220732","","","a4N4x0000017jP8EAI","","0.0","5d4a241c-a9bc-492c-97f9-6342cd7b5625",""
"a4L4x0000019ncEEAQ","","42571659300803106","","","a4N4x0000017jP9EAI","","60.0","5d54cd25-a1a0-4f1d-be58-797f3be42ac5",""
"a4L4x0000019nelEAA","","42064055596040456","","","a4N4x0000017jP9EAI","","37.0","5e30fe83-3a81-44b7-9e0c-d408eff2f34e",""
"a4L4x0000019nhXEAQ","","42401609193889201","","","a4N4x0000017jP8EAI","","103.0","5ea9b744-066e-4af2-86bb-02a62b6c81bc",""
"a4L4x0000019ngxEAA","","42533608686544616","","","a4N4x0000017jP8EAI","","75.0","5f0f1efc-e6f7-4654-874e-90410e2779cc",""
"a4L4x0000019ni2EAA","","42155125139258320","","","a4N4x0000017jP8EAI","","114.0","5f1bfa64-291c-486b-9f39-3d53ca621cf7",""
"a4L4x0000019ngEEAQ","","42047238152701968","","","a4N4x0000017jP7EAI","","25.0","5f5651c4-ddf0-4bf5-8d5f-34625ed1cac3",""
"a4L4x0000019neKEAQ","","42962528434742633","","","a4N4x0000017jP9EAI","","156.0","5fa25435-03c4-46f8-bd9e-86489b545639",""
"a4L4x0000019nh4EAA","","42622437610080184","","","a4N4x0000017jP8EAI","","66.0","5fef0337-a93c-416b-9737-cad3270049d3",""
"a4L4x0000019nfWEAQ","","d8fd3cb4-33e5-42f8-b4bc-ff7d74db9748","","","a4N4x0000017jP7EAI","","82.0","602aabb5-ad5c-46da-8c43-087e3f98b5fb",""
"a4L4x0000019nfSEAQ","","7795af77-02d5-419c-8111-62ff2da780f2","","","a4N4x0000017jP7EAI","","76.0","603fb6c7-f520-4141-bdc5-1edacd6d4f01",""
"a4L4x0000019nihEAA","","42602469863914098","","","a4N4x0000017jP8EAI","","33.0","60b9fe22-8602-4635-a651-eaa0d06e66fd",""
"a4L4x0000019nbeEAA","","42540059840815661","","","a4N4x0000017jP9EAI","","218.0","627ab12b-7d7a-49eb-b291-4721925be750",""
"a4L4x0000019nfGEAQ","","9d69bb7a-879f-4056-8ff5-6e1a13c9f06d","","","a4N4x0000017jP7EAI","","47.0","63e19bec-c72b-4f31-8138-f2ebc4e3ad50",""
"a4L4x0000019niaEAA","","42780254733406593","","","a4N4x0000017jP8EAI","","26.0","64d703a2-1871-4940-b920-94b94cb08e3a",""
"a4L4x0000019neIEAQ","","42045420224264175","","","a4N4x0000017jP9EAI","","154.0","65264307-fbf1-474b-819c-4c5a448204a9",""
"a4L4x0000019nhhEAA","","42581253193311326","","","a4N4x0000017jP8EAI","","6.0","65bba840-0612-481e-9d93-f2074c58ea56",""
"a4L4x0000019nbSEAQ","","42787798403951616","","","a4N4x0000017jP9EAI","","183.0","65cd430f-4f1e-41e6-b3bf-5ce172aa617d",""
"a4L4x0000019ndsEAA","","42777399841834277","","","a4N4x0000017jP9EAI","","189.0","68644f9a-7679-474e-b6ff-14f6c1973a9e",""
"a4L4x0000019nfyEAA","","42341163042238861","","","a4N4x0000017jP7EAI","","15.0","68e59152-8e8b-4c06-9297-978cd9025708",""
"a4L4x0000019ngKEAQ","","42196321759156047","","","a4N4x0000017jP7EAI","","31.0","69b78550-cbde-48b6-b00f-8c45ce7c116d",""
"a4L4x0000019nbTEAQ","","42240030202947869","","","a4N4x0000017jP9EAI","","184.0","6a1206b7-3ea4-4bce-9bfd-502b5d6e4bbe",""
"a4L4x0000019nfiEAA","","42778774905368973","","","a4N4x0000017jP7EAI","","94.0","6a7b82ea-d004-4231-9399-d9d84e384b64",""
"a4L4x0000019niAEAQ","","42225373174778336","","","a4N4x0000017jP8EAI","","123.0","6ad021b1-0663-48f2-b443-2812a5b18959",""
"a4L4x0000019ngHEAQ","","42782097035362924","","","a4N4x0000017jP7EAI","","28.0","6bb71e7e-5e43-4864-8133-9630a7e631ae",""
"a4L4x0000019ngiEAA","","b8425d98-c861-46e7-a75b-121a4ab7488f","","","a4N4x0000017jP7EAI","","68.0","6bb9ba3e-64aa-485d-9a3f-772d149af578",""
"a4L4x0000019necEAA","","42152232446009726","","","a4N4x0000017jP9EAI","","165.0","6c4cab93-8aef-496a-9b02-3577ff53f7ca",""
"a4L4x0000019neCEAQ","","42525246328906320","","","a4N4x0000017jP9EAI","","104.0","6c9c2459-6c0b-4663-aab2-ee859d5fd131",""
"a4L4x0000019neOEAQ","","42058340467404747","","","a4N4x0000017jP9EAI","","160.0","6db3d658-58c1-42f8-91fe-a043e1e140bc",""
"a4L4x0000019nblEAA","","42041634557837969","","","a4N4x0000017jP9EAI","","225.0","6e3785f0-bc04-49a5-86a3-71092a0ebe61",""
"a4L4x0000019ngREAQ","","42498086352780423","","","a4N4x0000017jP7EAI","","38.0","708efe59-f719-4f72-9030-d2a066053e9e",""
"a4L4x0000019nehEAA","","42412485937264722","","","a4N4x0000017jP9EAI","","34.0","70fd08c4-000a-48ac-8355-4af0c486df1c",""
"a4L4x0000019nfXEAQ","","5dd28f10-10a5-4467-85fe-98df02dbbe75","","","a4N4x0000017jP7EAI","","83.0","717c1acf-51b6-4378-915a-7bdb9ce09527",""
"a4L4x0000019nh6EAA","","42181539575121179","","","a4N4x0000017jP8EAI","","68.0","718481b5-3e9c-4fac-803a-e1fa01253484",""
"a4L4x0000019ncBEAQ","","42795036061124064","","","a4N4x0000017jP9EAI","","53.0","7294764b-435b-48c8-ba03-d0582098ab3a",""
"a4L4x0000019nhYEAQ","","42734490304525338","","","a4N4x0000017jP8EAI","","104.0","72a6fa40-f2cb-4690-88c8-df6c22b15e32",""
"a4L4x0000019ni8EAA","","42785447511464247","","","a4N4x0000017jP8EAI","","121.0","73069cb9-2235-4513-b782-365f20da0409",""
"a4L4x0000019ngYEAQ","","dfc70227-8c28-4119-a5f3-25628f590839","","","a4N4x0000017jP7EAI","","58.0","732e04c5-c075-49a9-911f-1ffae8bc9dd7",""
"a4L4x0000019ndfEAA","","42421482788788062","","","a4N4x0000017jP9EAI","","91.0","748fbb57-69c7-4f97-83d9-1aacf78a8e88",""
"a4L4x0000019ncREAQ","","42019833417942047","","","a4N4x0000017jP9EAI","","228.0","7493c2ee-e58a-491a-a8cc-9fe7509e4842",""
"a4L4x0000019nbOEAQ","","42811958567984957","","","a4N4x0000017jP9EAI","","179.0","74978c42-b873-4cdb-a86c-e60cf4bc628c",""
"a4L4x0000019niEEAQ","","42874360907782878","","","a4N4x0000017jP8EAI","","126.0","749e657d-73ab-4d46-b4d0-12056f6c5963",""
"a4L4x0000019nhjEAA","","42400114629045578","","","a4N4x0000017jP8EAI","","8.0","774970c7-34e6-4729-ad07-f7f675ede902",""
"a4L4x0000019nhuEAA","","42218510828763055","","","a4N4x0000017jP8EAI","","19.0","775242f7-9da4-415e-b279-54451fa2c27c",""
"a4L4x0000019ndEEAQ","","42984969374247495","","","a4N4x0000017jP9EAI","","146.0","775d8bb5-6158-471d-b0c8-2416d6195d22",""
"a4L4x0000019ngdEAA","","ea1c4e06-cb00-425a-b6ab-bfed8004852e","","","a4N4x0000017jP7EAI","","63.0","7884c59c-8460-4a98-9517-f8701cb14196",""
"a4L4x0000019nfPEAQ","","82c2131d-dfd8-42bb-b464-5f5a53daf8c6","","","a4N4x0000017jP7EAI","","80.0","789c8a3a-3254-4add-83c5-df05f8a16e97",""
"a4L4x0000019neHEAQ","","42721278899074498","","","a4N4x0000017jP9EAI","","153.0","795ed766-4a90-42e6-8688-42129759ad46",""
"a4L4x0000019ng5EAA","","42347818434644903","","","a4N4x0000017jP7EAI","","22.0","7a49b8c1-0eb6-490b-887f-f42638dfa84e",""
"a4L4x0000019negEAA","","42685620955281258","","","a4N4x0000017jP9EAI","","33.0","7a562f86-df4e-45df-ad2a-0939491a22c8",""
"a4L4x0000019ngDEAQ","","42607278860447835","","","a4N4x0000017jP7EAI","","24.0","7a7b3986-de05-4ee7-baaa-0d2dc7de803f",""
"a4L4x0000019nj1EAA","","42790465017720890","","","a4N4x0000017jP8EAI","","146.0","7acc1084-0e2a-4f76-b03e-b666a7f4221d",""
"a4L4x0000019ndlEAA","","42691883890561114","","","a4N4x0000017jP9EAI","","97.0","7afbbb64-8b9c-40b4-bfa8-1323bd5e9a02",""
"a4L4x0000019ndSEAQ","","42738726367717319","","","a4N4x0000017jP9EAI","","78.0","7b21826f-4e6f-42fb-ba09-0dc471bea6af",""
"a4L4x0000019ndqEAA","","42422110906253578","","","a4N4x0000017jP9EAI","","113.0","7bc1defe-d96d-43e0-a70b-20e667bde677",""
"a4L4x0000019nbiEAA","","42239824763819228","","","a4N4x0000017jP9EAI","","222.0","7c311861-bb93-40ac-accc-c4260d3a65f6",""
"a4L4x0000019nc4EAA","","42386068187175041","","","a4N4x0000017jP9EAI","","47.0","7cdc72f3-7062-49ca-9c95-822990ec0be7",""
"a4L4x0000019nfuEAA","","42765713671668202","","","a4N4x0000017jP7EAI","","11.0","7cf03a88-cff8-4c83-9a76-5c84b50256e3",""
"a4L4x0000019nf7EAA","","42722994938199432","","","a4N4x0000017jP7EAI","","8.0","7d5c0407-215d-44fa-97c6-36071e06b0aa",""
"a4L4x0000019ndWEAQ","","42329410642788132","","","a4N4x0000017jP9EAI","","82.0","7d5dfd2e-d704-4a27-9c8a-b4a39775df2d",""
"a4L4x0000019ng6EAA","","45f1a184-47ee-4837-809b-a51d33ea785c","","","a4N4x0000017jP7EAI","","100.0","7d7f1238-f080-4f72-822e-62f54c915f7f",""
"a4L4x0000019ncMEAQ","","42855998441931566","","","a4N4x0000017jP9EAI","","57.0","7ded08f4-f21e-452d-9351-6383b8531d92",""
"a4L4x0000019ndxEAA","","42623684408192165","","","a4N4x0000017jP9EAI","","194.0","7e5f4260-018f-40ad-8e56-7526101281e6",""
"a4L4x0000019niyEAA","","42703387043166160","","","a4N4x0000017jP8EAI","","50.0","7e67b700-6fdd-44ae-baec-56f4b2d05c92",""
"a4L4x0000019nciEAA","","42187052222418086","","","a4N4x0000017jP9EAI","","5.0","7f517b26-552b-45b1-9b05-623d2b0cf441",""
"a4L4x0000019nfrEAA","","da06897c-ca27-4ace-9a45-def8da7f1d19","","","a4N4x0000017jP7EAI","","109.0","7fe1670e-a21e-43d3-9f0b-98f2edde399c",""
"a4L4x0000019nhlEAA","","42374001560367075","","","a4N4x0000017jP8EAI","","10.0","805dda9f-8a4a-4afd-b729-aa273d6ad477",""
"a4L4x0000019niYEAQ","","42417243045940101","","","a4N4x0000017jP8EAI","","24.0","80970cb6-19a7-4e4b-9fd9-66e0f987d627",""
"a4L4x0000019ni5EAA","","42205055511725272","","","a4N4x0000017jP8EAI","","117.0","80cd2fc8-cb45-45b5-83d5-14115241428b",""
"a4L4x0000019nfqEAA","","9b35b797-1736-4e39-90e3-1995224f6b64","","","a4N4x0000017jP7EAI","","108.0","828285cb-0ed2-442e-b534-768022fa9544",""
"a4L4x0000019neTEAQ","","42397481448742610","","","a4N4x0000017jP9EAI","","206.0","82f361bd-1144-41ef-8ac7-5e0400b34a0b",""
"a4L4x0000019ndCEAQ","","42086710774510398","","","a4N4x0000017jP9EAI","","144.0","83193f36-f0f1-4066-859f-2f3627c9cbee",""
"a4L4x0000019ngrEAA","","42969731470751972","","","a4N4x0000017jP8EAI","","64.0","83929961-f8d9-4b19-ae70-3cf4af754786",""
"a4L4x0000019nfaEAA","","e554d4a9-f4ae-4d15-a74f-cb9eb6dda47b","","","a4N4x0000017jP7EAI","","86.0","8472d7c3-d30d-4ba8-b3d8-146ace48c343",""
"a4L4x0000019nd5EAA","","42477640967168770","","","a4N4x0000017jP9EAI","","137.0","8488fc00-2462-40d9-8ded-63bb1b4bbdf2",""
"a4L4x0000019nipEAA","","42356293731477028","","","a4N4x0000017jP8EAI","","41.0","85b4f470-a62f-4f0e-a855-09783dfddd31",""
"a4L4x0000019nbEEAQ","","42614517953645234","","","a4N4x0000017jP9EAI","","169.0","865c8a34-7d29-4417-8e72-d19ce8e1be2a",""
"a4L4x0000019ncKEAQ","","42896329867567644","","","a4N4x0000017jP9EAI","","55.0","86c41a5c-f12b-49ac-af42-d969e8ba8a06",""
"a4L4x0000019nf8EAA","","42357063237041037","","","a4N4x0000017jP7EAI","","9.0","86e4fd24-6dc2-4240-b5d8-c89030f587b2",""
"a4L4x0000019ndZEAQ","","42995068915645123","","","a4N4x0000017jP9EAI","","85.0","86e8decf-d4a9-4527-93bd-85e6df6212fc",""
"a4L4x0000019ngPEAQ","","42887109861788120","","","a4N4x0000017jP7EAI","","36.0","87061ccd-cdd0-4779-ad2d-18e1c7cfc132",""
"a4L4x0000019nbQEAQ","","42104664989121359","","","a4N4x0000017jP9EAI","","181.0","878cc5f1-196a-41ce-ac7b-201d78c00c62",""
"a4L4x0000019niiEAA","","42308082612913499","","","a4N4x0000017jP8EAI","","34.0","886cc913-2835-4dcc-8402-0bf0646d9b84",""
"a4L4x0000019nf1EAA","","42569358909778949","","","a4N4x0000017jP7EAI","","2.0","887462ed-d0ec-458e-a5e8-7ebc6cb5a551",""
"a4L4x0000019nbJEAQ","","42599570174367824","","","a4N4x0000017jP9EAI","","174.0","8887d006-01dc-48e1-bf2a-41e354bde3dc",""
"a4L4x0000019ngUEAQ","","e8478500-493b-4e78-b8fc-9979cafcac21","","","a4N4x0000017jP7EAI","","54.0","88d02c73-56c4-4352-972a-2e98150a86fb",""
"a4L4x0000019neXEAQ","","42984736110515392","","","a4N4x0000017jP9EAI","","210.0","8992dd10-97c9-4051-97c3-0dfa5ff610ba",""
"a4L4x0000019neNEAQ","","42260758495405139","","","a4N4x0000017jP9EAI","","159.0","89e99397-2876-4f3c-9d45-469a853f10ee",""
"a4L4x0000019ngGEAQ","","42016313428242316","","","a4N4x0000017jP7EAI","","27.0","8a012bad-78db-4df3-9900-6750243fc8d6",""
"a4L4x0000019ng3EAA","","42707174836469006","","","a4N4x0000017jP7EAI","","20.0","8a9170ad-8a1c-4742-85b3-9649e2868f1f",""
"a4L4x0000019nhREAQ","","42493621287251863","","","a4N4x0000017jP8EAI","","96.0","8a9462a5-0ad2-4027-8b8a-3e41d0f0fa66",""
"a4L4x0000019nbsEAA","","42123879351475939","","","a4N4x0000017jP9EAI","","16.0","8cdaac51-0479-4f4f-91e6-d26d07b2629a",""
"a4L4x0000019ndjEAA","","42912439872927099","","","a4N4x0000017jP9EAI","","95.0","8d090099-694f-49d0-a291-ce328f50834f",""
"a4L4x0000019ngmEAA","","42340853241798127","","","a4N4x0000017jP8EAI","","59.0","8d0ba9be-83ee-4c81-a0cf-b416795535b0",""
"a4L4x0000019nhvEAA","","42017748619446278","","","a4N4x0000017jP8EAI","","20.0","8d437df4-e747-4bd2-a030-5c4ea1d113f2",""
"a4L4x0000019nj7EAA","","42918852694015477","","","a4N4x0000017jP8EAI","","152.0","8d7892d0-fb1d-4553-bd5c-277a69d1c272",""
"a4L4x0000019ndVEAQ","","4265882421777323","","","a4N4x0000017jP9EAI","","81.0","8d9edcd1-a360-47c3-a46f-d0b1496abedb",""
"a4L4x0000019ncdEAA","","42947197637498567","","","a4N4x0000017jP9EAI","","72.0","8daaabb6-e89e-44de-996a-7d03acc0aa8c",""
"a4L4x0000019ncGEAQ","","42305868113828294","","","a4N4x0000017jP9EAI","","62.0","8dd0ae76-cc87-4cd3-9f0c-71727da3da13",""
"a4L4x0000019nf4EAA","","42720050969278404","","","a4N4x0000017jP7EAI","","5.0","8de84834-771b-4b47-ad26-9e7d34f19f6c",""
"a4L4x0000019nhoEAA","","42349466961460432","","","a4N4x0000017jP8EAI","","13.0","8ec2360b-c9f1-46a9-a921-fdf11fea4c3c",""
"a4L4x0000019ndyEAA","","42474521185093371","","","a4N4x0000017jP9EAI","","195.0","8ec39a04-339f-4ac2-9bdf-738f42d0598b",""
"a4L4x0000019nf0EAA","","42160664790704347","","","a4N4x0000017jP7EAI","","1.0","8ec65f77-8d18-4f34-bed7-f855e038458d",""
"a4L4x0000019neBEAQ","","42378344520763279","","","a4N4x0000017jP9EAI","","103.0","8f26625f-f115-435b-99ea-ec20fd14ddf7",""
"a4L4x0000019ndkEAA","","42619552486736001","","","a4N4x0000017jP9EAI","","96.0","8feaaaaf-9081-493c-9248-2570587abc7a",""
"a4L4x0000019ngVEAQ","","5483b64e-0a8f-49da-a5ce-fa6ec6c82e0d","","","a4N4x0000017jP7EAI","","55.0","9024d2d4-e51d-4733-ad12-04676c8788ca",""
"a4L4x0000019niBEAQ","","42548376501696751","","","a4N4x0000017jP8EAI","","124.0","907fffb0-1826-4409-b90d-a24c2e569d23",""
"a4L4x0000019niNEAQ","","42832284159240421","","","a4N4x0000017jP8EAI","","135.0","90b080f4-28f8-4be5-9f48-049fc7189c5e",""
"a4L4x0000019ng2EAA","","42173729259052881","","","a4N4x0000017jP7EAI","","19.0","9260b901-bf21-4483-8df5-e2eca369dbaa",""
"a4L4x0000019nbcEAA","","42828488360543515","","","a4N4x0000017jP9EAI","","216.0","92fe0f4e-f8fe-47b1-a6d5-eaf458a04867",""
"a4L4x0000019nj0EAA","","42709297378050662","","","a4N4x0000017jP8EAI","","51.0","934b721f-266d-4ebb-ac59-054f67c5ce77",""
"a4L4x0000019nigEAA","","42200782666801729","","","a4N4x0000017jP8EAI","","32.0","957ae3f1-8753-4136-9957-122a88a6afaf",""
"a4L4x0000019nijEAA","","42205619398364491","","","a4N4x0000017jP8EAI","","35.0","959c44cb-cca1-47bd-87ba-108b6eadc11b",""
"a4L4x0000019nePEAQ","","42874623379071662","","","a4N4x0000017jP9EAI","","161.0","9669aed0-ee5f-46d4-b64e-882ed2647014",""
"a4L4x0000019neuEAA","","42311485735898087","","","a4N4x0000017jP9EAI","","118.0","9690ed15-0c2e-4fa3-857c-56fea27e406e",""
"a4L4x0000019nbNEAQ","","42475621250769217","","","a4N4x0000017jP9EAI","","178.0","9696fea5-5e85-4a0e-9e25-b984a437d90e",""
"a4L4x0000019nfREAQ","","aaf7f5d2-9ce4-44e3-b985-3d19c668ece3","","","a4N4x0000017jP7EAI","","75.0","96dee247-c652-46be-90d0-62ee852d1c34",""
"a4L4x0000019nbaEAA","","42012492159725955","","","a4N4x0000017jP9EAI","","214.0","96e84d09-9893-432c-8ce9-24473fb86c22",""
"a4L4x0000019ni7EAA","","42495679041772722","","","a4N4x0000017jP8EAI","","120.0","98fe9c7f-6f13-4725-b999-e969879265e2",""
"a4L4x0000019neAEAQ","","42230659860694111","","","a4N4x0000017jP9EAI","","102.0","990d8cb8-0d57-4f72-a8b9-d0794559109d",""
"a4L4x0000019neVEAQ","","42489860637806811","","","a4N4x0000017jP9EAI","","208.0","994dde10-837b-4723-8849-364221ca2c5b",""
"a4L4x0000019nbREAQ","","42425128927776388","","","a4N4x0000017jP9EAI","","182.0","9a9bcf9d-f021-4bda-9f1b-cee842324bd0",""
"a4L4x0000019nhtEAA","","42526817556838613","","","a4N4x0000017jP8EAI","","18.0","9aca02fa-e997-46a5-9293-f23c0daa2d4d",""
"a4L4x0000019ne0EAA","","42001821354778349","","","a4N4x0000017jP9EAI","","197.0","9c5b5979-fa1c-41e0-bde7-ba0f5702689b",""
"a4L4x0000019nemEAA","","42565778024884892","","","a4N4x0000017jP9EAI","","38.0","9cbe888e-ed4d-4d89-b3fc-8335cb349f10",""
"a4L4x0000019niUEAQ","","42381850767276553","","","a4N4x0000017jP8EAI","","140.0","9d240e88-8a07-4d7a-8d94-4029e594dbc5",""
"a4L4x0000019nhNEAQ","","42242917216064985","","","a4N4x0000017jP8EAI","","92.0","9d42e0b7-8590-43b6-a8e7-79098c084055",""
"a4L4x0000019nc8EAA","","42095343984372835","","","a4N4x0000017jP9EAI","","51.0","9d84f6be-4877-4617-b831-51dda2111c8f",""
"a4L4x0000019ncUEAQ","","42981054280103260","","","a4N4x0000017jP9EAI","","231.0","9e64f8f4-8dcb-41ad-8979-61e87f9f4b1d",""
"a4L4x0000019nf2EAA","","42754378924285883","","","a4N4x0000017jP7EAI","","3.0","9ea7993d-16e2-4e2d-be4e-29889dc62d06",""
"a4L4x0000019nfQEAQ","","a74f8824-2f1e-43de-b05e-131e9bff70de","","","a4N4x0000017jP7EAI","","81.0","9eedbfc2-77d5-43c6-8e74-365eaec0bccd",""
"a4L4x0000019nhEEAQ","","42641850016228902","","","a4N4x0000017jP8EAI","","83.0","9efe2113-fe42-4a40-896c-db75768f9db0",""
"a4L4x0000019nftEAA","","42931836218488077","","","a4N4x0000017jP7EAI","","10.0","9f633135-b337-47ae-881f-ad1ada856b7d",""
"a4L4x0000019ngTEAQ","","ff3a04a3-9c4c-4985-b227-bac489ddd284","","","a4N4x0000017jP7EAI","","53.0","9f8903d7-e0cf-43fa-8dc3-e3c333e38a4c",""
"a4L4x0000019nfpEAA","","cb9ea34e-8ae4-45bf-bab4-7986b713864f","","","a4N4x0000017jP7EAI","","107.0","9fb15270-c14e-4de8-bc25-35bed320ddbf",""
"a4L4x0000019ngCEAQ","","42680278175229327","","","a4N4x0000017jP7EAI","","23.0","9fd55e27-693c-4068-979d-0e9c7976537d",""
"a4L4x0000019ngjEAA","","f16f010b-f885-4dd3-9d83-76e2c389f196","","","a4N4x0000017jP7EAI","","69.0","9fe08393-d36f-4fe6-b1d7-8c017d9084d9",""
"a4L4x0000019nfkEAA","","f32b2588-737f-454c-a28a-d9d239ee3c31","","","a4N4x0000017jP7EAI","","96.0","a08e1bdb-d8c0-4348-9f0a-5d9acdcfbbcb",""
"a4L4x0000019nf6EAA","","42705355773375417","","","a4N4x0000017jP7EAI","","7.0","a0cc1443-d7fa-405c-b9a0-2e1d89119fb3",""
"a4L4x0000019nhdEAA","","42772657837778931","","","a4N4x0000017jP8EAI","","108.0","a0ce2211-9b5f-4649-9180-a576a9b882af",""
"a4L4x0000019nfUEAQ","","00b02ec3-104c-40ab-8cb0-b4ab5f2cf20f","","","a4N4x0000017jP7EAI","","78.0","a107a3ed-b33b-49b4-8c21-66080be64db6",""
"a4L4x0000019ncTEAQ","","42083293833106223","","","a4N4x0000017jP9EAI","","230.0","a1b6eed6-8cca-45d3-9ac6-9b870b17daa4",""
"a4L4x0000019nbmEAA","","42166576332563808","","","a4N4x0000017jP9EAI","","226.0","a1f97a05-eb81-49a2-8640-e72b921ae821",""
"a4L4x0000019nchEAA","","42135453493274515","","","a4N4x0000017jP9EAI","","4.0","a2855d78-3031-4aec-9033-7145235b80c2",""
"a4L4x0000019ngLEAQ","","42614594947310745","","","a4N4x0000017jP7EAI","","32.0","a3701fd9-067e-4d09-901b-d4029f5dcc9a",""
"a4L4x0000019nfvEAA","","42342710859684568","","","a4N4x0000017jP7EAI","","12.0","a3f5ccd8-b458-49f7-8382-cc57afc4529e",""
"a4L4x0000019ngMEAQ","","42425692878418259","","","a4N4x0000017jP7EAI","","33.0","a52509a2-f0cb-468a-85d9-79330d30015f",""
"a4L4x0000019ncVEAQ","","42833407177390590","","","a4N4x0000017jP9EAI","","232.0","a545a76f-26bb-4199-b14c-317b0af0ce47",""
"a4L4x0000019nhOEAQ","","42127266969809100","","","a4N4x0000017jP8EAI","","93.0","a5ec9abb-691c-4efc-a68f-a5badddaca54",""
"a4L4x0000019ndOEAQ","","42163846925055635","","","a4N4x0000017jP9EAI","","31.0","a69c1aa7-7f3d-4102-859b-6008acf626d7",""
"a4L4x0000019nfJEAQ","","73bf2369-1ce6-4d0c-91ea-452fe6aa8580","","","a4N4x0000017jP7EAI","","50.0","a7111afe-9f45-4a74-9030-d0ece12e2d7a",""
"a4L4x0000019nhrEAA","","42889837018715667","","","a4N4x0000017jP8EAI","","16.0","a7387c24-b69b-4b89-83c7-f31cd5553431",""
"a4L4x0000019nifEAA","","42106524324503338","","","a4N4x0000017jP8EAI","","31.0","a85ccc4d-5723-4424-9400-f1566c106cb3",""
"a4L4x0000019niZEAQ","","42416141958480465","","","a4N4x0000017jP8EAI","","25.0","ab17c75f-fd3c-488e-892f-022a36c72116",""
"a4L4x0000019ne4EAA","","42581010365826840","","","a4N4x0000017jP9EAI","","201.0","ab98c9f5-de69-47cf-973b-7ff9f27301ad",""
"a4L4x0000019nfZEAQ","","87cec542-88b0-46db-ad29-4b8aebeb6fd2","","","a4N4x0000017jP7EAI","","85.0","abd19d12-aa8e-48f9-a880-a1ab2931903e",""
"a4L4x0000019nfYEAQ","","5df63bf8-b11b-43fe-8c91-b23a24cf01e1","","","a4N4x0000017jP7EAI","","84.0","b003f5dd-5247-4002-a94e-fdb8e588ce5e",""
"a4L4x0000019nbnEAA","","42079877452447921","","","a4N4x0000017jP9EAI","","0.0","b088e713-64cd-4361-9241-3399b1e29f5d",""
"a4L4x0000019neDEAQ","","42075941061961590","","","a4N4x0000017jP9EAI","","105.0","b184e982-0f96-4bd0-9747-97ebe321783e",""
"a4L4x0000019ncqEAA","","42089147332676529","","","a4N4x0000017jP9EAI","","13.0","b1863ab6-dc53-47f1-8fae-e95d0d429c20",""
"a4L4x0000019niVEAQ","","42925823002882882","","","a4N4x0000017jP8EAI","","143.0","b1ec3f40-de00-4d14-bc91-355b08b4faec",""
"a4L4x0000019nf9EAA","","42849127223717724","","","a4N4x0000017jP7EAI","","40.0","b226189a-47b4-4c37-83c8-172768cbe0ac",""
"a4L4x0000019ndJEAQ","","42003499680366772","","","a4N4x0000017jP9EAI","","26.0","b2470924-6c8c-4c51-a7f7-ae818b084ebc",""
"a4L4x0000019ncXEAQ","","42654697020575135","","","a4N4x0000017jP9EAI","","66.0","b27dd6e8-c8e0-4dca-9cd5-11a87485653c",""
"a4L4x0000019nfFEAQ","","42779415427682424","","","a4N4x0000017jP7EAI","","46.0","b316103c-460f-4fc8-a9a1-a42a497d0ed3",""
"a4L4x0000019nclEAA","","42417724931354783","","","a4N4x0000017jP9EAI","","8.0","b3f49c6d-6534-41a6-9ff3-e16b334ff8c1",""
"a4L4x0000019nf5EAA","","42319011331260522","","","a4N4x0000017jP7EAI","","6.0","b482d242-00d7-43a2-971f-e4face446de1",""
"a4L4x0000019nefEAA","","42150386028629516","","","a4N4x0000017jP9EAI","","168.0","b4a9af0f-d2d0-4925-befb-a7b54d3626b9",""
"a4L4x0000019neUEAQ","","42359247143500238","","","a4N4x0000017jP9EAI","","207.0","b5a8774e-f82e-489d-9285-2ef90660139e",""
"a4L4x0000019ndtEAA","","42095760813878162","","","a4N4x0000017jP9EAI","","190.0","b5e88301-fb0d-4819-8b39-35fde0ceeeb0",""
"a4L4x0000019nfoEAA","","d72c5cf7-fb53-43d5-80ca-481b14e38948","","","a4N4x0000017jP7EAI","","106.0","b5f8c7ff-8008-4dd3-9646-b58966cfcd6a",""
"a4L4x0000019ncSEAQ","","42396095320485705","","","a4N4x0000017jP9EAI","","229.0","b6170d36-a1c9-4925-93c8-032ae16d4f95",""
"a4L4x0000019nhGEAQ","","42657410466643425","","","a4N4x0000017jP8EAI","","85.0","b6be9ee9-45db-4017-aeed-8c7b666ec347",""
"a4L4x0000019ngyEAA","","42183156484070304","","","a4N4x0000017jP8EAI","","76.0","b71a0381-a646-4f8f-8de0-69a418c32388",""
"a4L4x0000019nevEAA","","42900745164024685","","","a4N4x0000017jP9EAI","","119.0","b7f54726-1438-4af3-8a00-982ba7a28200",""
"a4L4x0000019njBEAQ","","42829453314316755","","","a4N4x0000017jP8EAI","","54.0","b86b9aaa-c05f-4088-9309-e1911ef275c7",""
"a4L4x0000019nglEAA","","6965cbf8-fbba-4b2f-b563-57fa2660f6e9","","","a4N4x0000017jP7EAI","","71.0","b91cb488-3658-4a54-ab79-19a1ff105966",""
"a4L4x0000019nh1EAA","","42614441029456822","","","a4N4x0000017jP8EAI","","79.0","b95d0849-b680-4f86-a2cd-b9dbcf8fe101",""
"a4L4x0000019nfNEAQ","","553fcc49-3097-45b0-bb5d-cd60bdd3c560","","","a4N4x0000017jP7EAI","","73.0","bae37700-7a82-46df-80b3-719a64835279",""
"a4L4x0000019nbqEAA","","4297453053258168","","","a4N4x0000017jP9EAI","","14.0","bb413eca-69e7-4b8d-a63d-1d232d55a007",""
"a4L4x0000019nj6EAA","","42784883507584851","","","a4N4x0000017jP8EAI","","151.0","bc97d2d1-b737-49c0-bd7b-da27195fcfc0",""
"a4L4x0000019nc7EAA","","42185491065232095","","","a4N4x0000017jP9EAI","","50.0","bca39933-792b-43fd-9d18-a5eb0869b3a6",""
"a4L4x0000019nc0EAA","","42543653357933113","","","a4N4x0000017jP9EAI","","24.0","bda61bb8-7a9d-4fff-930b-7a9814ab3933",""
"a4L4x0000019nbPEAQ","","42263202359170022","","","a4N4x0000017jP9EAI","","180.0","bdd44779-1c88-4aa0-8646-7a2de70132e2",""
"a4L4x0000019ncoEAA","","42746241147753951","","","a4N4x0000017jP9EAI","","11.0","be5031c9-46f4-4c60-b581-fa0c7ce52d7a",""
"a4L4x0000019niOEAQ","","42586351270890720","","","a4N4x0000017jP8EAI","","136.0","bed8bceb-6579-48be-a7c2-2f706e7b80c5",""
"a4L4x0000019nbjEAA","","4253324795997157","","","a4N4x0000017jP9EAI","","223.0","bf4cabe3-9d24-404b-af6a-97f98c14e1ce",""
"a4L4x0000019ncQEAQ","","42501660157454304","","","a4N4x0000017jP9EAI","","227.0","bfc5a302-30fc-4b03-be7d-c325e8bb7d2a",""
"a4L4x0000019nbdEAA","","42701595825802026","","","a4N4x0000017jP9EAI","","217.0","bfe0484c-546c-458e-ba27-976cf65bec32",""
"a4L4x0000019ngBEAQ","","ec5567f9-99a2-4b6c-bc73-fb12b9483c28","","","a4N4x0000017jP7EAI","","105.0","bffe101e-7bb2-4606-978a-e49889532c1f",""
"a4L4x0000019nheEAA","","42488711974902114","","","a4N4x0000017jP8EAI","","109.0","c02723b3-cd80-4588-96df-419674bdc5c7",""
"a4L4x0000019nbXEAQ","","42082577125463605","","","a4N4x0000017jP9EAI","","188.0","c0e4c035-3bfc-48ae-97f6-9e1c29dbbe83",""
"a4L4x0000019ncFEAQ","","42734009807011014","","","a4N4x0000017jP9EAI","","61.0","c2b6a5d0-5398-416f-8083-6da9ee483062",""
"a4L4x0000019neqEAA","","42863180415623915","","","a4N4x0000017jP9EAI","","42.0","c429c08c-c495-4ac7-928b-b10fdf521695",""
"a4L4x0000019nhFEAQ","","42230634407256105","","","a4N4x0000017jP8EAI","","84.0","c452f557-f3c1-468e-b392-ce0b36f1b6a0",""
"a4L4x0000019nisEAA","","42321339462820913","","","a4N4x0000017jP8EAI","","44.0","c4a1df6a-89d0-4996-b79f-a0a97ca5c6f5",""
"a4L4x0000019nhsEAA","","42801630460161367","","","a4N4x0000017jP8EAI","","17.0","c50bc5ef-77eb-4a11-b693-05fd2e4d76cc",""
"a4L4x0000019ne9EAA","","42347039038600902","","","a4N4x0000017jP9EAI","","101.0","c53b5fa7-9c7b-4806-a50a-88dddf94e302",""
"a4L4x0000019ng4EAA","","42099843151156612","","","a4N4x0000017jP7EAI","","21.0","c650141e-8612-43eb-8ebb-924d467d6fae",""
"a4L4x0000019ndvEAA","","42599361023905198","","","a4N4x0000017jP9EAI","","192.0","c69f46f4-1365-430e-b784-9e5600182f2b",""
"a4L4x0000019nbxEAA","","42028200026846157","","","a4N4x0000017jP9EAI","","21.0","c6fd51a1-c39b-4e76-a135-12398d20ddf6",""
"a4L4x0000019ngnEAA","","42313091331914300","","","a4N4x0000017jP8EAI","","60.0","c73ad120-f371-448c-93e5-179f3321a53a",""
"a4L4x0000019nfjEAA","","42321963330154512","","","a4N4x0000017jP7EAI","","95.0","c761adae-535a-486a-86f9-544f47a0e8e0",""
"a4L4x0000019ncuEAA","","42373249540954675","","","a4N4x0000017jP9EAI","","126.0","c7b9006b-b93b-47f1-ab61-2eb0e6b68f05",""
"a4L4x0000019nh0EAA","","42979638578978006","","","a4N4x0000017jP8EAI","","78.0","c7e9dea8-1dd3-4fc1-b62c-0fca29db4c42",""
"a4L4x0000019ng9EAA","","4836d27a-2d0e-4e6b-9784-c0dffc0f2ffa","","","a4N4x0000017jP7EAI","","103.0","c94115b8-54e4-4dfd-a0d9-9dbda9a5b793",""
"a4L4x0000019niSEAQ","","42599514389705426","","","a4N4x0000017jP8EAI","","141.0","c98962b7-1af4-46df-814f-0aa6b805281d",""
"a4L4x0000019nhUEAQ","","42310540403620741","","","a4N4x0000017jP8EAI","","99.0","ca1e7c46-f884-49fe-9852-7921e3aa2245",""
"a4L4x0000019nfxEAA","","42882216581664029","","","a4N4x0000017jP7EAI","","14.0","ca4d47a8-6dec-4f14-95b5-c0a15cf47b60",""
"a4L4x0000019ncfEAA","","42195832044612259","","","a4N4x0000017jP9EAI","","74.0","cabeb0cb-f991-4502-a48e-666787e60ea2",""
"a4L4x0000019ngWEAQ","","580096ef-2c51-4bbb-a76d-3e25b1e2544e","","","a4N4x0000017jP7EAI","","56.0","cb77595b-23d4-4337-b0f2-ea135c2a8ab5",""
"a4L4x0000019nhCEAQ","","42208919588360530","","","a4N4x0000017jP8EAI","","74.0","cbdbb9ad-67ad-4e10-b3a8-5f4bf605438e",""
"a4L4x0000019nhmEAA","","42786835530954560","","","a4N4x0000017jP8EAI","","11.0","cbeeb1ce-164f-4e15-b9e4-921b01146695",""
"a4L4x0000019ncnEAA","","42970500583233726","","","a4N4x0000017jP9EAI","","10.0","cc04e093-bdc5-4f72-bf5e-d41914b28e12",""
"a4L4x0000019netEAA","","42417709351366591","","","a4N4x0000017jP9EAI","","117.0","cc81ad10-25f2-433d-bcbd-ffba6eaf6580",""
"a4L4x0000019ncLEAQ","","42473682362824820","","","a4N4x0000017jP9EAI","","56.0","cce7252a-671f-4520-8c4b-48b960229e3d",""
"a4L4x0000019nbkEAA","","42753572000064605","","","a4N4x0000017jP9EAI","","224.0","cdc3627e-dee2-4a01-911d-e3c6483d34b2",""
"a4L4x0000019nc2EAA","","42652131014916734","","","a4N4x0000017jP9EAI","","45.0","cfa94b4f-11e7-421b-bfe2-2cc9a2465e04",""
"a4L4x0000019nfLEAQ","","bc0f7825-cbf9-4d8d-bd7f-3b8f12accc64","","","a4N4x0000017jP7EAI","","52.0","d07aaa62-e2d8-462b-9967-82b03fcdb3ee",""
"a4L4x0000019ncsEAA","","42539921420151130","","","a4N4x0000017jP9EAI","","124.0","d1735855-898e-4127-b83d-51eeb9ff299a",""
"a4L4x0000019ndQEAQ","","42587777728964863","","","a4N4x0000017jP9EAI","","76.0","d217a86f-08fb-4550-a722-824587c8600a",""
"a4L4x0000019neREAQ","","42376665636210850","","","a4N4x0000017jP9EAI","","204.0","d24b26b0-b6a7-40a7-bd45-1befe54eb8c4",""
"a4L4x0000019njGEAQ","","42410634435164363","","","a4N4x0000017jP8EAI","","58.0","d29306c6-e875-4f1e-bcb9-03562955c08c",""
"a4L4x0000019ndaEAA","","42399468178872085","","","a4N4x0000017jP9EAI","","86.0","d2fab307-a0a7-476b-8ae4-ed01a354239a",""
"a4L4x0000019nj4EAA","","42276029005831244","","","a4N4x0000017jP8EAI","","149.0","d3ccf9a8-d6d0-4917-aa57-6bae35f39548",""
"a4L4x0000019nd4EAA","","42175934761437643","","","a4N4x0000017jP9EAI","","136.0","d401319f-16df-4c2a-ab6e-f69465fdf2eb",""
"a4L4x0000019niqEAA","","42160056054508861","","","a4N4x0000017jP8EAI","","42.0","d57a28ab-5661-4618-8dad-4eaac9838f61",""
"a4L4x0000019nejEAA","","42660194892344759","","","a4N4x0000017jP9EAI","","32.0","d5919c8e-573a-4f57-988f-24da2d41b7b6",""
"a4L4x0000019ncOEAQ","","42494194397338704","","","a4N4x0000017jP9EAI","","151.0","d5b85a80-7afe-45ad-8883-ac366212cac2",""
"a4L4x0000019ncZEAQ","","42775426887084207","","","a4N4x0000017jP9EAI","","68.0","d5b94973-e924-4bb6-a7cc-cd59c38f363e",""
"a4L4x0000019niHEAQ","","4248776709831898","","","a4N4x0000017jP8EAI","","129.0","d5f1ee05-9688-4dfd-aebc-e835e7f824a6",""
"a4L4x0000019nd0EAA","","42112032546528809","","","a4N4x0000017jP9EAI","","132.0","d62c09d9-78c8-4851-90cd-b3e082888ffe",""
"a4L4x0000019neMEAQ","","42059058651503240","","","a4N4x0000017jP9EAI","","158.0","d68216aa-0c8c-45fe-a804-a85d221cc250",""
"a4L4x0000019niDEAQ","","42626761369036092","","","a4N4x0000017jP8EAI","","125.0","d69bd16f-c319-407f-a01c-f72b6331e1d3",""
"a4L4x0000019nhkEAA","","42606806852965734","","","a4N4x0000017jP8EAI","","9.0","d70d082e-e0cf-4bfb-b481-f93a20e4a0ca",""
"a4L4x0000019nizEAA","","42427346094710938","","","a4N4x0000017jP8EAI","","23.0","d810b918-95f9-483c-bd94-6415602077ce",""
"a4L4x0000019nfHEAQ","","df436d4d-c2c4-42b4-8964-98a6a1ef6bca","","","a4N4x0000017jP7EAI","","48.0","d918655a-b7f0-40f0-800d-f3d272e74cb3",""
"a4L4x0000019nhcEAA","","42741156782956072","","","a4N4x0000017jP8EAI","","107.0","da08e9ef-a353-4325-bd89-785947077ae3",""
"a4L4x0000019ndoEAA","","42655588375837211","","","a4N4x0000017jP9EAI","","111.0","da3e7f53-7ddd-413f-977e-c72043d249a6",""
"a4L4x0000019njEEAQ","","42088746141310453","","","a4N4x0000017jP8EAI","","56.0","da4a9794-0e1e-49f8-8137-b8b23665e425",""
"a4L4x0000019ndAEAQ","","42407885902315294","","","a4N4x0000017jP9EAI","","142.0","dae55510-52a0-459f-a34a-7541e3af78c4",""
"a4L4x0000019nj2EAA","","42158935663574134","","","a4N4x0000017jP8EAI","","147.0","db1264b4-3be4-4683-a881-f24b5c428f1e",""
"a4L4x0000019neaEAA","","42680454167061108","","","a4N4x0000017jP9EAI","","163.0","db669824-a8d1-4ada-ba39-06afccbe2d53",""
"a4L4x0000019ng8EAA","","5dc1c8f7-a44f-4825-bdae-91d49aba35b6","","","a4N4x0000017jP7EAI","","102.0","dc7c7665-cede-4fc5-981f-3e904338fade",""
"a4L4x0000019ncrEAA","","42690855518569701","","","a4N4x0000017jP9EAI","","123.0","dca3d62f-533d-42ac-90f8-5b59f586547f",""
"a4L4x0000019nikEAA","","42494911127039633","","","a4N4x0000017jP8EAI","","36.0","dca47e25-3b3e-41fb-a9fd-455c65245210",""
"a4L4x0000019nhMEAQ","","42861286167027391","","","a4N4x0000017jP8EAI","","91.0","ddaa1b25-d688-41a2-ac93-608da79ee75e",""
"a4L4x0000019ncHEAQ","","42672057037707133","","","a4N4x0000017jP9EAI","","63.0","de0fd8b5-c458-4fd9-a69c-2e92d7ee9495",""
"a4L4x0000019ndMEAQ","","42506614307587366","","","a4N4x0000017jP9EAI","","29.0","de450641-505a-40d8-a223-310cf5e728b4",""
"a4L4x0000019nerEAA","","42678998684011409","","","a4N4x0000017jP9EAI","","115.0","de5d9bea-e3bc-414b-890d-d9dccbfef9bb",""
"a4L4x0000019nfVEAQ","","9b5815c9-1947-4f9b-a5f5-fea4f254e186","","","a4N4x0000017jP7EAI","","79.0","de80618d-7eaa-4af9-ac48-45b3d0850f30",""
"a4L4x0000019nf3EAA","","42027408853771065","","","a4N4x0000017jP7EAI","","4.0","de98cbdb-007a-482e-8141-06553a592aac",""
"a4L4x0000019nhBEAQ","","42256568972226813","","","a4N4x0000017jP8EAI","","73.0","dea15e61-9255-4a20-8942-9230d6ce4d66",""
"a4L4x0000019ncwEAA","","42056790325307153","","","a4N4x0000017jP9EAI","","128.0","e09e28a1-48cb-490d-8efd-d3b1a124bf76",""
"a4L4x0000019ndnEAA","","42038668249367383","","","a4N4x0000017jP9EAI","","110.0","e0b809f2-5b9c-488a-b4c8-57d55088ddda",""
"a4L4x0000019nfIEAQ","","b0d8b567-8a6b-4b2f-8cf2-eb18a5116b8e","","","a4N4x0000017jP7EAI","","49.0","e28e12fd-41c9-4b1f-8397-f39f65eb8de0",""
"a4L4x0000019ni0EAA","","42307235244375893","","","a4N4x0000017jP8EAI","","112.0","e2df9af9-0c6d-49d3-aa8d-f4eedf05e971",""
"a4L4x0000019ncPEAQ","","42287361752833808","","","a4N4x0000017jP9EAI","","152.0","e38d57a2-02f6-41d6-955a-aa10279eb53d",""
"a4L4x0000019njCEAQ","","42341506254858555","","","a4N4x0000017jP8EAI","","55.0","e3c9d81e-6c8c-45b6-83e9-bcecb7ef87fd",""
"a4L4x0000019ne2EAA","","42399515991151549","","","a4N4x0000017jP9EAI","","199.0","e4144ec7-c570-4b11-9491-839be54bba02",""
"a4L4x0000019ncmEAA","","42299039942375614","","","a4N4x0000017jP9EAI","","9.0","e5884a76-9c78-42c5-a850-8dfc76fa6859",""
"a4L4x0000019ngSEAQ","","42886229880534333","","","a4N4x0000017jP7EAI","","39.0","e61ce8d1-dd72-431b-b6d9-c261a6ac524a",""
"a4L4x0000019nfTEAQ","","2214de99-201d-498b-9523-134a0cefa378","","","a4N4x0000017jP7EAI","","77.0","e7035619-2d20-4e32-ab22-d45c91f36b91",""
"a4L4x0000019nddEAA","","42481345777496200","","","a4N4x0000017jP9EAI","","89.0","e79ccd06-99f8-4406-a472-c97ad15f7393",""
"a4L4x0000019ne1EAA","","42279409127397734","","","a4N4x0000017jP9EAI","","198.0","e80c43dc-4fa7-47f6-9f47-42c5c8282940",""
"a4L4x0000019nhKEAQ","","42900450523220758","","","a4N4x0000017jP8EAI","","89.0","e8b67c5f-a2d1-4ee1-8c1f-bb39cb5de67b",""
"a4L4x0000019nbpEAA","","42593155269951251","","","a4N4x0000017jP9EAI","","2.0","e8c79bd8-f454-418f-8ffb-924fb08cb8e0",""
"a4L4x0000019nhbEAA","","42399229091046420","","","a4N4x0000017jP8EAI","","106.0","e8f53da9-0f93-426c-b927-514388e2069b",""
"a4L4x0000019nhnEAA","","42440953174935359","","","a4N4x0000017jP8EAI","","12.0","e9fef967-623f-49b4-a174-4ed509b5ba01",""
"a4L4x0000019ncIEAQ","","42842822101105693","","","a4N4x0000017jP9EAI","","64.0","ea459456-4ccf-47f3-bb7c-4dd6ffe4250a",""
"a4L4x0000019nfBEAQ","","42583454855157823","","","a4N4x0000017jP7EAI","","42.0","eaead552-b099-49df-94d6-9a85b2763101",""
"a4L4x0000019nd8EAA","","42242176435207468","","","a4N4x0000017jP9EAI","","140.0","eb10c3aa-4e44-451f-aae3-19c9d8d8edf3",""
"a4L4x0000019nfDEAQ","","42726398036877534","","","a4N4x0000017jP7EAI","","44.0","ec08e041-78f8-4cd2-a6fa-108b5f3172ab",""
"a4L4x0000019ngzEAA","","42186927498458348","","","a4N4x0000017jP8EAI","","77.0","ec0ccd2d-eafb-4c72-a0ea-66e8e4ff262b",""
"a4L4x0000019nhQEAQ","","42640658912425790","","","a4N4x0000017jP8EAI","","95.0","ec75b64a-b93d-4e38-9d53-ae21bfc7d2fa",""
"a4L4x0000019nfcEAA","","b65264de-4288-46e0-a00c-f3f9b7f25f9e","","","a4N4x0000017jP7EAI","","88.0","ed716d3a-581d-4964-b9e9-a992d7582799",""
"a4L4x0000019nj5EAA","","42304043455010438","","","a4N4x0000017jP8EAI","","150.0","edad075d-8416-43ab-9b74-84786507e326",""
"a4L4x0000019nfbEAA","","687df10d-f821-446a-a089-3443696e662e","","","a4N4x0000017jP7EAI","","87.0","ee1360e9-dc37-4452-b50b-27bbf6404b5c",""
"a4L4x0000019nh5EAA","","42195577030986646","","","a4N4x0000017jP8EAI","","67.0","ee415681-9b53-4368-b099-4d0e6ec6b52e",""
"a4L4x0000019ngsEAA","","42832108065085980","","","a4N4x0000017jP8EAI","","65.0","ee90cb7f-78ed-4ed1-a334-7aa46ab27dd1",""
"a4L4x0000019ngOEAQ","","42934451958237242","","","a4N4x0000017jP7EAI","","35.0","ee98bc08-af66-4ca0-97d8-ffcfe8834539",""
"a4L4x0000019ndXEAQ","","42580129092570601","","","a4N4x0000017jP9EAI","","83.0","ef914012-a3e1-4d07-8820-a16e700e623a",""
"a4L4x0000019ncyEAA","","42710392527067712","","","a4N4x0000017jP9EAI","","130.0","eff06030-fb52-459a-a692-7520e45e0dd8",""
"a4L4x0000019ngaEAA","","ddf43a49-741b-4279-8560-f8547eca1687","","","a4N4x0000017jP7EAI","","60.0","f0a9e32a-c4f8-4ee9-9d7c-412bf4328184",""
"a4L4x0000019ndDEAQ","","42500025649344652","","","a4N4x0000017jP9EAI","","145.0","f1029a0b-fc9a-403a-92d8-8f3b225bb197",""
"a4L4x0000019nekEAA","","42175817042170240","","","a4N4x0000017jP9EAI","","36.0","f108e3d0-31ec-4071-baae-30e7723acd7a",""
"a4L4x0000019nhzEAA","","42024107253178046","","","a4N4x0000017jP8EAI","","111.0","f1372d97-19c9-45f9-9964-c9b6e7a06c3c",""
"a4L4x0000019ndHEAQ","","42236930207880339","","","a4N4x0000017jP9EAI","","149.0","f20b1d77-6869-48fe-bc97-539aae4c7c2f",""
"a4L4x0000019ndPEAQ","","42678678992666094","","","a4N4x0000017jP9EAI","","75.0","f23092ad-2166-405d-98d2-3971793c2b95",""
"a4L4x0000019nenEAA","","42138603397209047","","","a4N4x0000017jP9EAI","","39.0","f3c27bac-2fe8-4eb7-8d75-7695da482a3f",""
"a4L4x0000019nj8EAA","","42704517016276755","","","a4N4x0000017jP8EAI","","153.0","f441e064-77b8-4580-8a8c-770405f64e43",""
"a4L4x0000019nhxEAA","","42063815131738847","","","a4N4x0000017jP8EAI","","22.0","f48fb576-2d74-4abc-bcd7-88f5f6192c85",""
"a4L4x0000019nfwEAA","","42403775751225486","","","a4N4x0000017jP7EAI","","13.0","f4cf13fd-e8b0-44eb-abdc-b16bf0a11dd6",""
"a4L4x0000019nhSEAQ","","42018610331645230","","","a4N4x0000017jP8EAI","","97.0","f52c9f33-f71e-4541-9e40-79d08eb43eba",""
"a4L4x0000019nfhEAA","","42947104971166965","","","a4N4x0000017jP7EAI","","93.0","f55a5f41-8c66-43c2-a7e7-ff1d148676b9",""
"a4L4x0000019nd3EAA","","42999641547027032","","","a4N4x0000017jP9EAI","","135.0","f5795dc5-7d6e-4e1a-a0de-be29e973f87a",""
"a4L4x0000019ncNEAQ","","42403738294076395","","","a4N4x0000017jP9EAI","","150.0","f5e501e7-4ee9-4daa-a3ae-80e57737bd7b",""
"a4L4x0000019nicEAA","","42742500408809984","","","a4N4x0000017jP8EAI","","28.0","f6c8114c-ea16-4f3e-b01c-dca1ddc64b0c",""
"a4L4x0000019nbrEAA","","42719957014268927","","","a4N4x0000017jP9EAI","","15.0","f75829f9-20db-4a77-ba8f-d9f223935826",""
"a4L4x0000019niQEAQ","","42880198018682095","","","a4N4x0000017jP8EAI","","138.0","f7a90010-65dd-4d6b-b352-62efd6c8e348",""
"a4L4x0000019ndiEAA","","42066185088758435","","","a4N4x0000017jP9EAI","","94.0","f8118bbe-e585-4deb-82da-ff8207273a89",""
"a4L4x0000019ngbEAA","","3a91c168-99bd-476f-93b5-7f64b1c566e4","","","a4N4x0000017jP7EAI","","61.0","f81b5b9b-1300-421c-83e4-a1d0a045dbbe",""
"a4L4x0000019nhZEAQ","","42938732721519176","","","a4N4x0000017jP8EAI","","100.0","f845891f-c8ef-4a1f-a259-4df5c0e07491",""
"a4L4x0000019ngQEAQ","","42425829867362818","","","a4N4x0000017jP7EAI","","37.0","f890941c-a211-43a5-98f0-b3aea57debe9",""
"a4L4x0000019nfzEAA","","42480767008465875","","","a4N4x0000017jP7EAI","","16.0","f9205273-cca9-4a50-bf93-5ba50dff31c8",""
"a4L4x0000019ndeEAA","","42583146828954304","","","a4N4x0000017jP9EAI","","90.0","f93a82b1-cc30-4725-b199-943981bf29a1",""
"a4L4x0000019niwEAA","","42105386840982639","","","a4N4x0000017jP8EAI","","48.0","f9a574a7-86fd-4c2e-b46a-3cbb7406dd87",""
"a4L4x0000019nfEEAQ","","42635919719944849","","","a4N4x0000017jP7EAI","","45.0","fa45f468-9b95-47a0-b84f-04a02f25949a",""
"a4L4x0000019nhWEAQ","","42465674570752929","","","a4N4x0000017jP8EAI","","102.0","facbdf8e-4f43-41fa-9e7a-587f97e05016",""
"a4L4x0000019ndzEAA","","42157300911625004","","","a4N4x0000017jP9EAI","","196.0","fb5ae1ed-1554-446f-bbf9-1fc734b12336",""
"a4L4x0000019ngeEAA","","40772bcb-b4ea-4ecd-8c60-35c02fb5d709","","","a4N4x0000017jP7EAI","","64.0","fb83951b-2bda-45c0-bb5b-70b8bd9c0aba",""
"a4L4x0000019nitEAA","","42983320407180865","","","a4N4x0000017jP8EAI","","45.0","fbe405ef-07ed-43d6-9310-ae7a6761c100",""
"a4L4x0000019nbuEAA","","42949572094020220","","","a4N4x0000017jP9EAI","","18.0","fbf19c41-1345-400a-85ff-a53671e20b69",""
"a4L4x0000019nhVEAQ","","42275710443048503","","","a4N4x0000017jP8EAI","","101.0","fcc6106a-bc2a-44b6-b9b1-98533581ba37",""
"a4L4x0000019ngkEAA","","d6b2ed9e-52e6-4b07-a510-9705f1a9c915","","","a4N4x0000017jP7EAI","","70.0","fd0a499e-9601-4c00-a7f0-077d2dec65fe",""
"a4L4x0000019niREAQ","","42740006071139194","","","a4N4x0000017jP8EAI","","139.0","fe6104db-29c1-4ecf-a9c1-77e537d1406b",""
"a4L4x0000019nckEAA","","42253608284597170","","","a4N4x0000017jP9EAI","","7.0","fed06ece-198f-47d8-97c0-5e08deb791bc",""
"a4L4x0000019ndFEAQ","","4293081758392705","","","a4N4x0000017jP9EAI","","147.0","ff217458-1f13-455f-b706-64dce461c06a",""
"a4L4x0000019nfAEAQ","","42606351205461766","","","a4N4x0000017jP7EAI","","41.0","ff28136b-aee1-4b20-9393-e32dbe22104d",""
