"Id","OwnerId","IsDeleted","Name","nFORMS__Description__c","nFORMS__Enable_FLS__c","nFORMS__Enforce_Masking__c","nFORMS__Filter__c","nFORMS__Form_Purpose__c","nFORMS__Is_Active__c","nFORMS__Output_Type__c","nFORMS__Page_Dimension_Unit__c","nFORMS__Page_Width__c","nFORMS__Primary_Object__c","nFORMS__Save_To_Docman__c","nFORMS__Template_Input_Type__c","nFORMS__lookupKey__c","nFORMS__Document_Output_Type__c"
"a5rWD000000C7grYAC","005al00000RVcKvAAL","false","Test-QA-FormTemplate","Test","true","true","","General","true","pdf","Inches","","Form","false","HTML","123456796123","PDF"
"a5rWD000000C7gsYAC","005al00000RVcKvAAL","false","QA-Lightning-FormsTemplate002-Name","","true","true","","General","true","Test","Inches","","Account","true","HTML","123875271856312","PDF"
"a5rWD000000C7gtYAC","005al00000RVcKvAAL","false","QA-Lightning-FormsManager-002","","true","true","","General","true","DocumentType_Output","Inches","","Account","true","HTML","127652138712836","HTML"
"a5rWD000000C7guYAC","005al00000RVcKvAAL","false","Standard Commercial Form","Standard Commercial Form","true","true","","Credit Memo","true","HTML","Inches","","LLC_BI__Product_Package__c","false","HTML","4.2081E+16","HTML"
"a5rWD000000C7gvYAC","005al00000RVcKvAAL","false","FM032 Short Form Review","","true","true","","General","false","Word","Inches","","Account","false","Word","4.2391E+16","Word"
"a5rWD000000C7gwYAC","005al00000RVcKvAAL","false","FM065 DS1 Form","","true","true","","General","false","Word","Inches","","LLC_BI__Loan__c","false","Word","4.24733E+16","Word"
"a5rWD000000C7gxYAC","005al00000RVcKvAAL","false","FM036 Borrowers Application Form","","true","true","","General","false","Word","Inches","","LLC_BI__Loan__c","false","Word","4.25126E+16","Word"
"a5rWD000000C7gyYAC","005al00000RVcKvAAL","false","Standard Commercial Short Form","Use this credit template for standard commercial loans.","true","true","","Credit Memo","true","HTML","Inches","","LLC_BI__Product_Package__c","false","HTML","4.27392E+16","HTML"
"a5rWD000000C7gzYAC","005al00000RVcKvAAL","false","MSA SCH A Change Service Form","","true","true","","General","false","Word","Inches","","LLC_BI__Treasury_Service__c","false","Word","4.27849E+16","Word"
"a5rWD000000C7h0YAC","005al00000RVcKvAAL","false","Test-QA-Forms","Test-QA-Forms","true","true","","Credit Memo","true","HTML","Inches","","LLC_BI__Loan__c","true","HTML","42038829409225603","HTML"
"a5rWD000000C7h1YAC","005al00000RVcKvAAL","false","FM032 Short Form Review","","true","true","","General","false","Word","Inches","","Account","false","Word","42391045522310857","Word"
"a5rWD000000C7h2YAC","005al00000RVcKvAAL","false","FM065 DS1 Form","","true","true","","General","false","Word","Inches","","LLC_BI__Loan__c","false","Word","42473251223102654","Word"
"a5rWD000000C7h3YAC","005al00000RVcKvAAL","false","FM036 Borrowers Application Form","","true","true","","General","false","Word","Inches","","LLC_BI__Loan__c","false","Word","42512632526657158","Word"
"a5rWD000000C7h4YAC","005al00000RVcKvAAL","false","MSA SCH A Change Service Form","","true","true","","General","false","Word","Inches","","LLC_BI__Treasury_Service__c","false","Word","42784911129475881","Word"
"a5rWD000000C7h5YAC","005al00000RVcKvAAL","false","MSA SCH A Change Service Form","Use this form to remove Treasury Services","false","false","","General","true","Word","Inches","","LLC_BI__Treasury_Service__c","false","Word","a1s5f000000mhq5AAA","Word"
"a5rWD000000C7h6YAC","005al00000RVcKvAAL","false","MSA SCH A Change Service Form","Use this form to remove Treasury Services","false","false","","General","true","Word","Inches","","LLC_BI__Treasury_Service__c","false","Word","a1s5f000000tCO9AAM","PDF"
"a5rWD000000C7h7YAC","005al00000RVcKvAAL","false","MSA SCH A Change Service Form","Use this form to remove Treasury Services","false","false","","General","true","Word","Inches","","LLC_BI__Treasury_Service__c","false","Word","a1s8c000007f8yFAAQ","Word"
"a5rWD000000C7h8YAC","005al00000RVcKvAAL","false","MSA SCH A Change Service Form","Use this form to remove Treasury Services","false","false","","General","true","Word","Inches","","LLC_BI__Treasury_Service__c","false","Word","a1sHo00000cSqpFIAS","Word"
"a5rWD000000C7h9YAC","005al00000RVcKvAAL","false","MSA SCH A Change Service Form","Use this form to remove Treasury Services","false","false","","General","true","Word","Inches","","LLC_BI__Treasury_Service__c","false","Word","a1sHu0000076r1mIAA","Word"
"a5rWD000000C7hAYAS","005al00000RVcKvAAL","false","FM045 Personal Profile","","true","true","","General","false","Word","Inches","","Account","false","Word","4.20206E+16","Word"
"a5rWD000000C7hBYAS","005al00000RVcKvAAL","false","FM055 Prec Joint & Several Personal Guarantee","","true","true","","General","false","Word","Inches","","LLC_BI__Loan__c","false","Word","4.20424E+16","Word"
"a5rWD000000C7hCYAS","005al00000RVcKvAAL","false","LT018 Removal of Financial Covenant","","true","true","","General","false","Word","Inches","","LLC_BI__Loan__c","false","Word","4.20559E+16","Word"
"a5rWD000000C7hDYAS","005al00000RVcKvAAL","false","FM075 Trust Terms","","true","true","","General","false","Word","Inches","","LLC_BI__Loan__c","false","Word","4.20719E+16","Word"
"a5rWD000000C7hEYAS","005al00000RVcKvAAL","false","LT014 Consent to Lease","","true","true","","General","false","Word","Inches","","LLC_BI__Loan__c","false","Word","4.2071E+16","Word"
"a5rWD000000C7hFYAS","005al00000RVcKvAAL","false","FM072 Loan Document","","true","true","","General","false","Word","Inches","","LLC_BI__Loan__c","false","Word","4.20774E+16","Word"
"a5rWD000000C7hGYAS","005al00000RVcKvAAL","false","FM051 Prec Cross Guarantee","","true","true","","General","false","Word","Inches","","LLC_BI__Loan__c","false","Word","4.20821E+16","Word"
"a5rWD000000C7hHYAS","005al00000RVcKvAAL","false","FM027 Indicative Offer","","true","true","","General","false","Word","Inches","","LLC_BI__Loan__c","false","Word","4.20938E+16","Word"
"a5rWD000000C7hIYAS","005al00000RVcKvAAL","false","LT019 Undertaking/Covenant Breach - BANK WAIVER","","true","true","","General","false","Word","Inches","","LLC_BI__Loan__c","false","Word","4.2098E+16","Word"
"a5rWD000000C7hJYAS","005al00000RVcKvAAL","false","LT004 Redemption Statement","","true","true","","General","false","Word","Inches","","LLC_BI__Loan__c","false","Word","4.21035E+16","Word"
"a5rWD000000C7hKYAS","005al00000RVcKvAAL","false","FM074 Trust Loan Document","","true","true","","General","false","Word","Inches","","LLC_BI__Loan__c","false","Word","4.21088E+16","Word"
"a5rWD000000C7hLYAS","005al00000RVcKvAAL","false","Third Party Report","","true","true","","General","false","Word","Inches","","LLC_BI__third_party_report__c","false","Word","4.21301E+16","Word"
"a5rWD000000C7hMYAS","005al00000RVcKvAAL","false","FM071 Precedent CP Schedule","","true","true","","General","false","Word","Inches","","LLC_BI__Loan__c","false","Word","4.21815E+16","Word"
"a5rWD000000C7hNYAS","005al00000RVcKvAAL","false","LT015 Fin Covenant Breach - NON WAIVER","","true","true","","General","false","Word","Inches","","LLC_BI__Loan__c","false","Word","4.21909E+16","Word"
"a5rWD000000C7hOYAS","005al00000RVcKvAAL","false","LT021 Consent to Security","","true","true","","General","false","Word","Inches","","Account","false","Word","4.2198E+16","Word"
"a5rWD000000C7hPYAS","005al00000RVcKvAAL","false","Small Business Credit Memo - TEST","","true","true","","Credit Memo","false","HTML","Inches","","LLC_BI__Loan__c","false","HTML","4.22163E+16","HTML"
"a5rWD000000C7hQYAS","005al00000RVcKvAAL","false","FM013 Third Party report Request","","true","true","","General","false","Word","Inches","","LLC_BI__Loan__c","false","Word","4.22676E+16","Word"
"a5rWD000000C7hRYAS","005al00000RVcKvAAL","false","Modification Request","Modification Template","true","true","","Credit Memo","true","HTML","Inches","","LLC_BI__Product_Package__c","true","HTML","4.22876E+16","HTML"
"a5rWD000000C7hSYAS","005al00000RVcKvAAL","false","FM052 Prec Debenture","","true","true","","General","false","Word","Inches","","LLC_BI__Loan__c","false","Word","4.23218E+16","Word"
"a5rWD000000C7hTYAS","005al00000RVcKvAAL","false","FM070 B2L Loan Terms","","true","true","","General","false","Word","Inches","","LLC_BI__Loan__c","false","Word","4.23228E+16","Word"
"a5rWD000000C7hUYAS","005al00000RVcKvAAL","false","Jay Test","","true","true","","Credit Memo","true","HTML","Inches","","LLC_BI__Loan__c","false","HTML","4.23431E+16","HTML"
"a5rWD000000C7hVYAS","005al00000RVcKvAAL","false","FM076 Business Profile Additional info","","true","true","","General","false","Word","Inches","","Account","false","Word","4.24092E+16","Word"
"a5rWD000000C7hWYAS","005al00000RVcKvAAL","false","LT020 Undertaking/Covenant Breach - NON WAIVER","","true","true","","General","false","Word","Inches","","LLC_BI__Loan__c","false","Word","4.24464E+16","Word"
"a5rWD000000C7hXYAS","005al00000RVcKvAAL","false","LT022 Consent to Security follow up","","true","true","","General","false","Word","Inches","","Account","false","Word","4.24643E+16","Word"
"a5rWD000000C7hYYAS","005al00000RVcKvAAL","false","FM061 Board Minutes","","true","true","","General","false","Word","Inches","","LLC_BI__Loan__c","false","Word","4.24795E+16","Word"
"a5rWD000000C7hZYAS","005al00000RVcKvAAL","false","LT023 Cert of Covenant Compliance","","true","true","","General","false","Word","Inches","","LLC_BI__Loan__c","false","Word","4.24897E+16","Word"
"a5rWD000000C7haYAC","005al00000RVcKvAAL","false","LT017 Letter of Non Crystalisation","","true","true","","General","false","Word","Inches","","LLC_BI__Loan__c","false","Word","4.24958E+16","Word"
"a5rWD000000C7hbYAC","005al00000RVcKvAAL","false","FM056 Prec Legal Charge B2L","","true","true","","General","false","Word","Inches","","LLC_BI__Loan__c","false","Word","4.25084E+16","Word"
"a5rWD000000C7hcYAC","005al00000RVcKvAAL","false","FM068 Sole Director Resolution","","true","true","","General","false","Word","Inches","","LLC_BI__Loan__c","false","Word","4.25171E+16","Word"
"a5rWD000000C7hdYAC","005al00000RVcKvAAL","false","FM069 B2L Loan Document","","true","true","","General","false","Word","Inches","","LLC_BI__Loan__c","false","Word","4.25281E+16","Word"
"a5rWD000000C7heYAC","005al00000RVcKvAAL","false","FM066 Report on Title","","true","true","","General","false","Word","Inches","","LLC_BI__Loan__c","false","Word","4.25508E+16","Word"
"a5rWD000000C7hfYAC","005al00000RVcKvAAL","false","LT005 Decline Letter","","true","true","","General","false","Word","Inches","","LLC_BI__Loan__c","false","Word","4.2569E+16","Word"
"a5rWD000000C7hgYAC","005al00000RVcKvAAL","false","FM058 Prec Personal Guarantee","","true","true","","General","false","Word","Inches","","LLC_BI__Loan__c","false","Word","4.259E+16","Word"
"a5rWD000000C7hhYAC","005al00000RVcKvAAL","false","FM067 Board Resolution","","true","true","","General","false","Word","Inches","","LLC_BI__Loan__c","false","Word","4.26561E+16","Word"
"a5rWD000000C7hiYAC","005al00000RVcKvAAL","false","IN009 Watchlist 2a Action Plan","","true","true","","General","false","Word","Inches","","Account","false","Word","4.26612E+16","Word"
"a5rWD000000C7hjYAC","005al00000RVcKvAAL","false","FM073 Loan Terms","","true","true","","General","false","Word","Inches","","LLC_BI__Loan__c","false","Word","4.26889E+16","Word"
"a5rWD000000C7hkYAC","005al00000RVcKvAAL","false","Boarding Data Sheet","Loan Boarding Data Sheet","true","true","","General","true","Word","Inches","","LLC_BI__Loan__c","false","Word","4.27204E+16","Word"
"a5rWD000000C7hlYAC","005al00000RVcKvAAL","false","FM059 Prec Sub Deed Multiple Loans","","true","true","","General","false","Word","Inches","","LLC_BI__Loan__c","false","Word","4.27434E+16","Word"
"a5rWD000000C7hmYAC","005al00000RVcKvAAL","false","LT013 Valuation Instruction","","true","true","","General","false","Word","Inches","","LLC_BI__Loan__c","false","Word","4.27494E+16","Word"
"a5rWD000000C7hnYAC","005al00000RVcKvAAL","false","Consumer Adverse Action- Co-Borrowers","","true","true","","General","true","Word","Inches","","LLC_BI__Loan__c","false","Word","4.27658E+16","PDF"
"a5rWD000000C7hoYAC","005al00000RVcKvAAL","false","FM053 Prec Deed of Priority: Legal Mortgage","","true","true","","General","false","Word","Inches","","LLC_BI__Loan__c","false","Word","4.27804E+16","Word"
"a5rWD000000C7hpYAC","005al00000RVcKvAAL","false","Small Business Credit Memo","Credit Memo for all Small Business loans","true","true","","Credit Memo","true","HTML","Inches","","LLC_BI__Loan__c","true","HTML","4.27824E+16","HTML"
"a5rWD000000C7hqYAC","005al00000RVcKvAAL","false","FM049 Prec Intercreditor Deed","","true","true","","General","false","Word","Inches","","LLC_BI__Loan__c","false","Word","4.27946E+16","Word"
"a5rWD000000C7hrYAC","005al00000RVcKvAAL","false","LT016 Fin Covenant Breach - BANK WAIVER","","true","true","","General","false","Word","Inches","","LLC_BI__Loan__c","false","Word","4.28262E+16","Word"
"a5rWD000000C7hsYAC","005al00000RVcKvAAL","false","Executive Pricing Summary","","true","true","","General","false","Word","Inches","","LLC_BI__Scenario__c","false","Word","4.28337E+16","Word"
"a5rWD000000C7htYAC","005al00000RVcKvAAL","false","FM060 Prec Sub Deed Single Loan","","true","true","","General","false","Word","Inches","","LLC_BI__Loan__c","false","Word","4.28577E+16","Word"
"a5rWD000000C7huYAC","005al00000RVcKvAAL","false","FM044 Business Profile","","true","true","","General","false","Word","Inches","","Account","false","Word","4.28597E+16","Word"
"a5rWD000000C7hvYAC","005al00000RVcKvAAL","false","Consumer - Counter Offer- Amount/Term","","true","true","","General","true","Word","Inches","","LLC_BI__Loan__c","true","Word","4.28723E+16","PDF"
"a5rWD000000C7hwYAC","005al00000RVcKvAAL","false","FM011 Drawdown Instructions","","true","true","","General","false","Word","Inches","","LLC_BI__Loan__c","false","Word","4.28764E+16","Word"
"a5rWD000000C7hxYAC","005al00000RVcKvAAL","false","LT007 Fixed Rate Letter","","true","true","","General","false","Word","Inches","","LLC_BI__Loan__c","false","Word","4.2906E+16","Word"
"a5rWD000000C7hyYAC","005al00000RVcKvAAL","false","Review Credit Memo","Review Credit Memo","true","true","","Credit Memo","true","HTML","Inches","","LLC_BI__Review__c","false","HTML","4.29398E+16","HTML"
"a5rWD000000C7hzYAC","005al00000RVcKvAAL","false","FM054 Prec Deed of Priority Mortgage Debenture","","true","true","","General","false","Word","Inches","","LLC_BI__Loan__c","false","Word","4.29415E+16","Word"
"a5rWD000000C7i0YAC","005al00000RVcKvAAL","false","FM062 Business Monitoring Checklist","","true","true","","General","false","Word","Inches","","LLC_BI__Loan__c","false","Word","4.29445E+16","Word"
"a5rWD000000C7i1YAC","005al00000RVcKvAAL","false","Adverse Action Letter-01","Loan Description-01","true","true","","General","true","HTML","Inches","","LLC_BI__Loan__c","true","HTML","4.29458E+16","HTML"
"a5rWD000000C7i2YAC","005al00000RVcKvAAL","false","FM050 Prec Corporate Guarantee","","true","true","","General","false","Word","Inches","","LLC_BI__Loan__c","false","Word","4.29478E+16","Word"
"a5rWD000000C7i3YAC","005al00000RVcKvAAL","false","Consumer Adverse Action- Borrower","","true","true","","General","true","Word","Inches","","LLC_BI__Loan__c","false","Word","4.29629E+16","PDF"
"a5rWD000000C7i4YAC","005al00000RVcKvAAL","false","FM057 Prec Legal Charge","","true","true","","General","false","Word","Inches","","LLC_BI__Loan__c","false","Word","4.29677E+16","Word"
"a5rWD000000C7i5YAC","005al00000RVcKvAAL","false","FM030 How We Work with you","","true","true","","General","false","Word","Inches","","LLC_BI__Loan__c","false","Word","4.29687E+16","Word"
"a5rWD000000C7i6YAC","005al00000RVcKvAAL","false","Commitment Letter / Term Sheet","Generic Term Sheet","true","true","","General","true","PDF","Inches","","LLC_BI__Loan__c","false","Word","4.29721E+16","PDF"
"a5rWD000000C7i7YAC","005al00000RVcKvAAL","false","Test TISA Silver Checking","","true","true","{{IF=""A""}} {{COND=""A"" FIELD=""LLC_BI__Deposit__c.LLC_BI__Product__c"" IS=""Silver Checking""}} {{ENDIF}}","General","true","Word","Inches","","LLC_BI__Deposit__c","false","Word","4.29742E+16","PDF"
"a5rWD000000C7i8YAC","005al00000RVcKvAAL","false","newData Added for Fee Template -1","","true","true","","General","false","","Inches","","Account","false","Word","42009267194574885","Word"
"a5rWD000000C7i9YAC","005al00000RVcKvAAL","false","FM045 Personal Profile","","true","true","","General","false","Word","Inches","","Account","false","Word","42020628188281799","Word"
"a5rWD000000C7iAYAS","005al00000RVcKvAAL","false","newData Added for Fee Template -1","","true","true","","General","false","","Inches","","Account","false","Word","42023401456451523","Word"
"a5rWD000000C7iBYAS","005al00000RVcKvAAL","false","newData Added for Fee Template -1","","true","true","","General","false","","Inches","","Account","false","Word","42028197850756603","Word"
"a5rWD000000C7iCYAS","005al00000RVcKvAAL","false","newData Added for Fee Template - 2","","true","true","","General","false","","Inches","","LLC_BI__Treasury_Service__c","false","HTML","42037817115829531","PDF"
"a5rWD000000C7iDYAS","005al00000RVcKvAAL","false","FM055 Prec Joint & Several Personal Guarantee","","true","true","","General","false","Word","Inches","","LLC_BI__Loan__c","false","Word","42042411914089768","Word"
"a5rWD000000C7iEYAS","005al00000RVcKvAAL","false","newData Added for Fee Template - 2","","true","true","","General","false","","Inches","","LLC_BI__Treasury_Service__c","false","HTML","42051313016927790","PDF"
"a5rWD000000C7iFYAS","005al00000RVcKvAAL","false","LT018 Removal of Financial Covenant","","true","true","","General","false","Word","Inches","","LLC_BI__Loan__c","false","Word","42055857134633902","Word"
"a5rWD000000C7iGYAS","005al00000RVcKvAAL","false","newData Added for Fee Template - 2","","true","true","","General","false","","Inches","","LLC_BI__Treasury_Service__c","false","HTML","42059793144361469","PDF"
"a5rWD000000C7iHYAS","005al00000RVcKvAAL","false","newData Added for Fee Template - 2","","true","true","","General","false","","Inches","","LLC_BI__Treasury_Service__c","false","HTML","42068779779325290","PDF"
"a5rWD000000C7iIYAS","005al00000RVcKvAAL","false","newData Added for Fee Template -1","","true","true","","General","false","","Inches","","Account","false","Word","42069997663150289","Word"
"a5rWD000000C7iJYAS","005al00000RVcKvAAL","false","LT014 Consent to Lease","","true","true","","General","false","Word","Inches","","LLC_BI__Loan__c","false","Word","42071020276903292","Word"
"a5rWD000000C7iKYAS","005al00000RVcKvAAL","false","FM075 Trust Terms","","true","true","","General","false","Word","Inches","","LLC_BI__Loan__c","false","Word","42071893641479859","Word"
"a5rWD000000C7iLYAS","005al00000RVcKvAAL","false","FM072 Loan Document","","true","true","","General","false","Word","Inches","","LLC_BI__Loan__c","false","Word","42077403542149912","Word"
"a5rWD000000C7iMYAS","005al00000RVcKvAAL","false","FM051 Prec Cross Guarantee","","true","true","","General","false","Word","Inches","","LLC_BI__Loan__c","false","Word","42082116380538887","Word"
"a5rWD000000C7iNYAS","005al00000RVcKvAAL","false","FM027 Indicative Offer","","true","true","","General","false","Word","Inches","","LLC_BI__Loan__c","false","Word","42093767436381363","Word"
"a5rWD000000C7iOYAS","005al00000RVcKvAAL","false","LT019 Undertaking/Covenant Breach - BANK WAIVER","","true","true","","General","false","Word","Inches","","LLC_BI__Loan__c","false","Word","42097967735116771","Word"
"a5rWD000000C7iPYAS","005al00000RVcKvAAL","false","LT004 Redemption Statement","","true","true","","General","false","Word","Inches","","LLC_BI__Loan__c","false","Word","42103547441834510","Word"
"a5rWD000000C7iQYAS","005al00000RVcKvAAL","false","FM074 Trust Loan Document","","true","true","","General","false","Word","Inches","","LLC_BI__Loan__c","false","Word","42108760346767185","Word"
"a5rWD000000C7iRYAS","005al00000RVcKvAAL","false","newData Added for Fee Template - 2","","true","true","","General","false","","Inches","","LLC_BI__Treasury_Service__c","false","HTML","42113823555409253","PDF"
"a5rWD000000C7iSYAS","005al00000RVcKvAAL","false","newData Added for Fee Template - 2","","true","true","","General","false","","Inches","","LLC_BI__Treasury_Service__c","false","HTML","42115568668126769","PDF"
"a5rWD000000C7iTYAS","005al00000RVcKvAAL","false","newData Added for Fee Template - 2","","true","true","","General","false","","Inches","","LLC_BI__Treasury_Service__c","false","HTML","42118287649184613","PDF"
"a5rWD000000C7iUYAS","005al00000RVcKvAAL","false","newData Added for Fee Template - 2","","true","true","","General","false","","Inches","","LLC_BI__Treasury_Service__c","false","HTML","42127356873804917","PDF"
"a5rWD000000C7iVYAS","005al00000RVcKvAAL","false","Third Party Report","","true","true","","General","false","Word","Inches","","LLC_BI__third_party_report__c","false","Word","42130136388507743","Word"
"a5rWD000000C7iWYAS","005al00000RVcKvAAL","false","newData Added for Fee Template -1","","true","true","","General","false","","Inches","","Account","false","Word","42134830026472621","Word"
"a5rWD000000C7iXYAS","005al00000RVcKvAAL","false","newData Added for Fee Template -1","","true","true","","General","false","","Inches","","Account","false","Word","42135828847051017","Word"
"a5rWD000000C7iYYAS","005al00000RVcKvAAL","false","newData Added for Fee Template -1","","true","true","","General","false","","Inches","","Account","false","Word","42139620352851587","Word"
"a5rWD000000C7iZYAS","005al00000RVcKvAAL","false","newData Added for Fee Template - 2","","true","true","","General","false","","Inches","","LLC_BI__Treasury_Service__c","false","HTML","42151487232476024","PDF"
"a5rWD000000C7iaYAC","005al00000RVcKvAAL","false","newData Added for Fee Template - 2","","true","true","","General","false","","Inches","","LLC_BI__Treasury_Service__c","false","HTML","42157652323073427","PDF"
"a5rWD000000C7ibYAC","005al00000RVcKvAAL","false","FM071 Precedent CP Schedule","","true","true","","General","false","Word","Inches","","LLC_BI__Loan__c","false","Word","42181529788565016","Word"
"a5rWD000000C7icYAC","005al00000RVcKvAAL","false","newData Added for Fee Template -1","","true","true","","General","false","","Inches","","Account","false","Word","42181710548380104","Word"
"a5rWD000000C7idYAC","005al00000RVcKvAAL","false","LT015 Fin Covenant Breach - NON WAIVER","","true","true","","General","false","Word","Inches","","LLC_BI__Loan__c","false","Word","42190913319781664","Word"
"a5rWD000000C7ieYAC","005al00000RVcKvAAL","false","LT021 Consent to Security","","true","true","","General","false","Word","Inches","","Account","false","Word","42197989400103839","Word"
"a5rWD000000C7ifYAC","005al00000RVcKvAAL","false","newData Added for Fee Template - 2","","true","true","","General","false","","Inches","","LLC_BI__Treasury_Service__c","false","HTML","42206927051761099","PDF"
"a5rWD000000C7igYAC","005al00000RVcKvAAL","false","newData Added for Fee Template - 2","","true","true","","General","false","","Inches","","LLC_BI__Treasury_Service__c","false","HTML","42209145353409151","PDF"
"a5rWD000000C7ihYAC","005al00000RVcKvAAL","false","Small Business Credit Memo - TEST","","true","true","","Credit Memo","false","HTML","Inches","","LLC_BI__Loan__c","false","HTML","42216324035716241","HTML"
"a5rWD000000C7iiYAC","005al00000RVcKvAAL","false","newData Added for Fee Template - 2","","true","true","","General","false","","Inches","","LLC_BI__Treasury_Service__c","false","HTML","42224305617909243","PDF"
"a5rWD000000C7ijYAC","005al00000RVcKvAAL","false","doc 3","","true","true","","General","false","Word","Inches","","LLC_BI__Loan__c","false","Word","42225473580310248","Word"
"a5rWD000000C7ikYAC","005al00000RVcKvAAL","false","newData Added for Fee Template -1","","true","true","","General","false","","Inches","","Account","false","Word","42231596150847946","Word"
"a5rWD000000C7ilYAC","005al00000RVcKvAAL","false","doc 1","","true","true","","General","false","Word","Inches","","LLC_BI__Loan__c","false","Word","42237058375246407","Word"
"a5rWD000000C7imYAC","005al00000RVcKvAAL","false","newData Added for Fee Template -1","","true","true","","General","false","","Inches","","Account","false","Word","42239323176056773","Word"
"a5rWD000000C7inYAC","005al00000RVcKvAAL","false","newData Added for Fee Template - 2","","true","true","","General","false","","Inches","","LLC_BI__Treasury_Service__c","false","HTML","42248545062272022","PDF"
"a5rWD000000C7ioYAC","005al00000RVcKvAAL","false","newData Added for Fee Template -1","","true","true","","General","false","","Inches","","Account","false","Word","42265404896089035","Word"
"a5rWD000000C7ipYAC","005al00000RVcKvAAL","false","FM013 Third Party report Request","","true","true","","General","false","Word","Inches","","LLC_BI__Loan__c","false","Word","42267610599491672","Word"
"a5rWD000000C7iqYAC","005al00000RVcKvAAL","false","newData Added for Fee Template -1","","true","true","","General","false","","Inches","","Account","false","Word","42281111182235479","Word"
"a5rWD000000C7irYAC","005al00000RVcKvAAL","false","newData Added for Fee Template - 2","","true","true","","General","false","","Inches","","LLC_BI__Treasury_Service__c","false","HTML","42288055684314503","PDF"
"a5rWD000000C7isYAC","005al00000RVcKvAAL","false","FM052 Prec Debenture","","true","true","","General","false","Word","Inches","","LLC_BI__Loan__c","false","Word","42321789492070522","Word"
"a5rWD000000C7itYAC","005al00000RVcKvAAL","false","FM070 B2L Loan Terms","","true","true","","General","false","Word","Inches","","LLC_BI__Loan__c","false","Word","42322802940776608","Word"
"a5rWD000000C7iuYAC","005al00000RVcKvAAL","false","newData Added for Fee Template -1","","true","true","","General","false","","Inches","","Account","false","Word","42334059232320862","Word"
"a5rWD000000C7ivYAC","005al00000RVcKvAAL","false","newData Added for Fee Template -1","","true","true","","General","false","","Inches","","Account","false","Word","42335066631517234","Word"
"a5rWD000000C7iwYAC","005al00000RVcKvAAL","false","newData Added for Fee Template - 2","","true","true","","General","false","","Inches","","LLC_BI__Treasury_Service__c","false","HTML","42342873546406331","PDF"
"a5rWD000000C7ixYAC","005al00000RVcKvAAL","false","Jay Test","","true","true","","Credit Memo","true","HTML","Inches","","LLC_BI__Loan__c","false","HTML","42343088485857355","HTML"
"a5rWD000000C7iyYAC","005al00000RVcKvAAL","false","newData Added for Fee Template - 2","","true","true","","General","false","","Inches","","LLC_BI__Treasury_Service__c","false","HTML","42345326140802431","PDF"
"a5rWD000000C7izYAC","005al00000RVcKvAAL","false","newData Added for Fee Template - 2","","true","true","","General","false","","Inches","","LLC_BI__Treasury_Service__c","false","HTML","42354726315294788","PDF"
"a5rWD000000C7j0YAC","005al00000RVcKvAAL","false","newData Added for Fee Template -1","","true","true","","General","false","","Inches","","Account","false","Word","42373254164061622","Word"
"a5rWD000000C7j1YAC","005al00000RVcKvAAL","false","newData Added for Fee Template - 2","","true","true","","General","false","","Inches","","LLC_BI__Treasury_Service__c","false","HTML","42390898097665817","PDF"
"a5rWD000000C7j2YAC","005al00000RVcKvAAL","false","newData Added for Fee Template -1","","true","true","","General","false","","Inches","","Account","false","Word","42392736851943544","Word"
"a5rWD000000C7j3YAC","005al00000RVcKvAAL","false","newData Added for Fee Template -1","","true","true","","General","false","","Inches","","Account","false","Word","42395953023796829","Word"
"a5rWD000000C7j4YAC","005al00000RVcKvAAL","false","newData Added for Fee Template -1","","true","true","","General","false","","Inches","","Account","false","Word","42406448913287983","Word"
"a5rWD000000C7j5YAC","005al00000RVcKvAAL","false","FM076 Business Profile Additional info","","true","true","","General","false","Word","Inches","","Account","false","Word","42409231045934953","Word"
"a5rWD000000C7j6YAC","005al00000RVcKvAAL","false","newData Added for Fee Template - 2","","true","true","","General","false","","Inches","","LLC_BI__Treasury_Service__c","false","HTML","42420003835689863","PDF"
"a5rWD000000C7j7YAC","005al00000RVcKvAAL","false","newData Added for Fee Template -1","","true","true","","General","false","","Inches","","Account","false","Word","42420711345390332","Word"
"a5rWD000000C7j8YAC","005al00000RVcKvAAL","false","doc 2","","true","true","","General","false","Word","Inches","","LLC_BI__Loan__c","false","Word","42426631184484603","Word"
"a5rWD000000C7j9YAC","005al00000RVcKvAAL","false","newData Added for Fee Template -1","","true","true","","General","false","","Inches","","Account","false","Word","42437531963680910","Word"
"a5rWD000000C7jAYAS","005al00000RVcKvAAL","false","LT020 Undertaking/Covenant Breach - NON WAIVER","","true","true","","General","false","Word","Inches","","LLC_BI__Loan__c","false","Word","42446392565420356","Word"
"a5rWD000000C7jBYAS","005al00000RVcKvAAL","false","LT022 Consent to Security follow up","","true","true","","General","false","Word","Inches","","Account","false","Word","42464282472576933","Word"
"a5rWD000000C7jCYAS","005al00000RVcKvAAL","false","newData Added for Fee Template -1","","true","true","","General","false","","Inches","","Account","false","Word","42464814546014306","Word"
"a5rWD000000C7jDYAS","005al00000RVcKvAAL","false","Davillers","","true","true","","General","false","","Inches","","Account","false","Word","42476371003946995","PDF"
"a5rWD000000C7jEYAS","005al00000RVcKvAAL","false","FM061 Board Minutes","","true","true","","General","false","Word","Inches","","LLC_BI__Loan__c","false","Word","42479517625721157","Word"
"a5rWD000000C7jFYAS","005al00000RVcKvAAL","false","newData Added for Fee Template -1","","true","true","","General","false","","Inches","","Account","false","Word","42482854589402857","Word"
"a5rWD000000C7jGYAS","005al00000RVcKvAAL","false","LT023 Cert of Covenant Compliance","","true","true","","General","false","Word","Inches","","LLC_BI__Loan__c","false","Word","42489746529217129","Word"
"a5rWD000000C7jHYAS","005al00000RVcKvAAL","false","LT017 Letter of Non Crystalisation","","true","true","","General","false","Word","Inches","","LLC_BI__Loan__c","false","Word","42495846955860457","Word"
"a5rWD000000C7jIYAS","005al00000RVcKvAAL","false","newData Added for Fee Template - 2","","true","true","","General","false","","Inches","","LLC_BI__Treasury_Service__c","false","HTML","42496339935561344","PDF"
"a5rWD000000C7jJYAS","005al00000RVcKvAAL","false","newData Added for Fee Template - 2","","true","true","","General","false","","Inches","","LLC_BI__Treasury_Service__c","false","HTML","42499001784455243","PDF"
"a5rWD000000C7jKYAS","005al00000RVcKvAAL","false","newData Added for Fee Template - 2","","true","true","","General","false","","Inches","","LLC_BI__Treasury_Service__c","false","HTML","42499705792907061","PDF"
"a5rWD000000C7jLYAS","005al00000RVcKvAAL","false","newData Added for Fee Template - 2","","true","true","","General","false","","Inches","","LLC_BI__Treasury_Service__c","false","HTML","42505301679036687","PDF"
"a5rWD000000C7jMYAS","005al00000RVcKvAAL","false","FM056 Prec Legal Charge B2L","","true","true","","General","false","Word","Inches","","LLC_BI__Loan__c","false","Word","42508424923831415","Word"
"a5rWD000000C7jNYAS","005al00000RVcKvAAL","false","FM068 Sole Director Resolution","","true","true","","General","false","Word","Inches","","LLC_BI__Loan__c","false","Word","42517083755987363","Word"
"a5rWD000000C7jOYAS","005al00000RVcKvAAL","false","newData Added for Fee Template - 2","","true","true","","General","false","","Inches","","LLC_BI__Treasury_Service__c","false","HTML","42519191995555028","PDF"
"a5rWD000000C7jPYAS","005al00000RVcKvAAL","false","newData Added for Fee Template - 2","","true","true","","General","false","","Inches","","LLC_BI__Treasury_Service__c","false","HTML","42520254424175130","PDF"
"a5rWD000000C7jQYAS","005al00000RVcKvAAL","false","newData Added for Fee Template -1","","true","true","","General","false","","Inches","","Account","false","Word","42520563138866991","Word"
"a5rWD000000C7jRYAS","005al00000RVcKvAAL","false","QA_Platinum_Plan","QA_Platinum_Plan","true","true","","General","true","PDF","Inches","","LLC_BI__Deposit__c","true","HTML","42523371758461804","PDF"
"a5rWD000000C7jSYAS","005al00000RVcKvAAL","false","FM069 B2L Loan Document","","true","true","","General","false","Word","Inches","","LLC_BI__Loan__c","false","Word","42528093168152052","Word"
"a5rWD000000C7jTYAS","005al00000RVcKvAAL","false","newData Added for Fee Template - 2","","true","true","","General","false","","Inches","","LLC_BI__Treasury_Service__c","false","HTML","42529325491195898","PDF"
"a5rWD000000C7jUYAS","005al00000RVcKvAAL","false","FM066 Report on Title","","true","true","","General","false","Word","Inches","","LLC_BI__Loan__c","false","Word","42550750111686789","Word"
"a5rWD000000C7jVYAS","005al00000RVcKvAAL","false","LT005 Decline Letter","","true","true","","General","false","Word","Inches","","LLC_BI__Loan__c","false","Word","42569009729648879","Word"
"a5rWD000000C7jWYAS","005al00000RVcKvAAL","false","FM058 Prec Personal Guarantee","","true","true","","General","false","Word","Inches","","LLC_BI__Loan__c","false","Word","42589989960229561","Word"
"a5rWD000000C7jXYAS","005al00000RVcKvAAL","false","newData Added for Fee Template - 2","","true","true","","General","false","","Inches","","LLC_BI__Treasury_Service__c","false","HTML","42590651150431931","PDF"
"a5rWD000000C7jYYAS","005al00000RVcKvAAL","false","newData Added for Fee Template - 2","","true","true","","General","false","","Inches","","LLC_BI__Treasury_Service__c","false","HTML","42600744416221244","PDF"
"a5rWD000000C7jZYAS","005al00000RVcKvAAL","false","newData Added for Fee Template -1","","true","true","","General","false","","Inches","","Account","false","Word","42639638689274992","Word"
"a5rWD000000C7jaYAC","005al00000RVcKvAAL","false","newData Added for Fee Template -1","","true","true","","General","false","","Inches","","Account","false","Word","42647420735903299","Word"
"a5rWD000000C7jbYAC","005al00000RVcKvAAL","false","FM067 Board Resolution","","true","true","","General","false","Word","Inches","","LLC_BI__Loan__c","false","Word","42656086107590941","Word"
"a5rWD000000C7jcYAC","005al00000RVcKvAAL","false","IN009 Watchlist 2a Action Plan","","true","true","","General","false","Word","Inches","","Account","false","Word","42661154748624296","Word"
"a5rWD000000C7jdYAC","005al00000RVcKvAAL","false","newData Added for Fee Template -1","","true","true","","General","false","","Inches","","Account","false","Word","42666674609906711","Word"
"a5rWD000000C7jeYAC","005al00000RVcKvAAL","false","newData Added for Fee Template -1","","true","true","","General","false","","Inches","","Account","false","Word","42683498406498423","Word"
"a5rWD000000C7jfYAC","005al00000RVcKvAAL","false","newData Added for Fee Template -1","","true","true","","General","false","","Inches","","Account","false","Word","42686975318374620","Word"
"a5rWD000000C7jgYAC","005al00000RVcKvAAL","false","newData Added for Fee Template - 2","","true","true","","General","false","","Inches","","LLC_BI__Treasury_Service__c","false","HTML","42688585687192319","PDF"
"a5rWD000000C7jhYAC","005al00000RVcKvAAL","false","FM073 Loan Terms","","true","true","","General","false","Word","Inches","","LLC_BI__Loan__c","false","Word","42688922101438027","Word"
"a5rWD000000C7jiYAC","005al00000RVcKvAAL","false","newData Added for Fee Template - 2","","true","true","","General","false","","Inches","","LLC_BI__Treasury_Service__c","false","HTML","42705021422282251","PDF"
"a5rWD000000C7jjYAC","005al00000RVcKvAAL","false","newData Added for Fee Template - 2","","true","true","","General","false","","Inches","","LLC_BI__Treasury_Service__c","false","HTML","42713233946392110","PDF"
"a5rWD000000C7jkYAC","005al00000RVcKvAAL","false","newData Added for Fee Template -1","","true","true","","General","false","","Inches","","Account","false","Word","42718296566022471","Word"
"a5rWD000000C7jlYAC","005al00000RVcKvAAL","false","newData Added for Fee Template -1","","true","true","","General","false","","Inches","","Account","false","Word","42719090075374135","Word"
"a5rWD000000C7jmYAC","005al00000RVcKvAAL","false","newData Added for Fee Template -1","","true","true","","General","false","","Inches","","Account","false","Word","42729419967494398","Word"
"a5rWD000000C7jnYAC","005al00000RVcKvAAL","false","FM064 Directors Certificate","","true","true","","General","false","Word","Inches","","LLC_BI__Loan__c","false","Word","42739179341774532","Word"
"a5rWD000000C7joYAC","005al00000RVcKvAAL","false","FM059 Prec Sub Deed Multiple Loans","","true","true","","General","false","Word","Inches","","LLC_BI__Loan__c","false","Word","42743388778983018","Word"
"a5rWD000000C7jpYAC","005al00000RVcKvAAL","false","Williams","","true","true","","General","false","","Inches","","Account_Security","false","Word","42744599073187020","Words"
"a5rWD000000C7jqYAC","005al00000RVcKvAAL","false","newData Added for Fee Template -1","","true","true","","General","false","","Inches","","Account","false","Word","42747224206627082","Word"
"a5rWD000000C7jrYAC","005al00000RVcKvAAL","false","LT013 Valuation Instruction","","true","true","","General","false","Word","Inches","","LLC_BI__Loan__c","false","Word","42749439188203254","Word"
"a5rWD000000C7jsYAC","005al00000RVcKvAAL","false","newData Added for Fee Template - 2","","true","true","","General","false","","Inches","","LLC_BI__Treasury_Service__c","false","HTML","42752346008744725","PDF"
"a5rWD000000C7jtYAC","005al00000RVcKvAAL","false","newData Added for Fee Template - 2","","true","true","","General","false","","Inches","","LLC_BI__Treasury_Service__c","false","HTML","42755324254290338","PDF"
"a5rWD000000C7juYAC","005al00000RVcKvAAL","false","Consumer Adverse Action- Co-Borrowers","","true","true","","General","true","Word","Inches","","LLC_BI__Loan__c","false","Word","42765844656996028","PDF"
"a5rWD000000C7jvYAC","005al00000RVcKvAAL","false","newData Added for Fee Template - 2","","true","true","","General","false","","Inches","","LLC_BI__Treasury_Service__c","false","HTML","42766683487094494","PDF"
"a5rWD000000C7jwYAC","005al00000RVcKvAAL","false","newData Added for Fee Template -1","","true","true","","General","false","","Inches","","Account","false","Word","42770222600560503","Word"
"a5rWD000000C7jxYAC","005al00000RVcKvAAL","false","newData Added for Fee Template -1","","true","true","","General","false","","Inches","","Account","false","Word","42775563965014235","Word"
"a5rWD000000C7jyYAC","005al00000RVcKvAAL","false","newData Added for Fee Template -1","","true","true","","General","false","","Inches","","Account","false","Word","42776710443578221","Word"
"a5rWD000000C7jzYAC","005al00000RVcKvAAL","false","FM053 Prec Deed of Priority: Legal Mortgage","","true","true","","General","false","Word","Inches","","LLC_BI__Loan__c","false","Word","42780394263470950","Word"
"a5rWD000000C7k0YAC","005al00000RVcKvAAL","false","newData Added for Fee Template -1","","true","true","","General","false","","Inches","","Account","false","Word","42781337298015145","Word"
"a5rWD000000C7k1YAC","005al00000RVcKvAAL","false","Small Business Credit Memo","Credit Memo for all Small Business loans","true","true","","Credit Memo","true","HTML","Inches","","LLC_BI__Loan__c","true","HTML","42782395031682678","HTML"
"a5rWD000000C7k2YAC","005al00000RVcKvAAL","false","newData Added for Fee Template -1","","true","true","","General","false","","Inches","","Account","false","Word","42786559811169500","Word"
"a5rWD000000C7k3YAC","005al00000RVcKvAAL","false","newData Added for Fee Template -1","","true","true","","General","false","","Inches","","Account","false","Word","42792679674956710","Word"
"a5rWD000000C7k4YAC","005al00000RVcKvAAL","false","FM049 Prec Intercreditor Deed","","true","true","","General","false","Word","Inches","","LLC_BI__Loan__c","false","Word","42794611406026551","Word"
"a5rWD000000C7k5YAC","005al00000RVcKvAAL","false","newData Added for Fee Template - 2","","true","true","","General","false","","Inches","","LLC_BI__Treasury_Service__c","false","HTML","42797465637806721","PDF"
"a5rWD000000C7k6YAC","005al00000RVcKvAAL","false","newData Added for Fee Template - 2","","true","true","","General","false","","Inches","","LLC_BI__Treasury_Service__c","false","HTML","42801569345642506","PDF"
"a5rWD000000C7k7YAC","005al00000RVcKvAAL","false","newData Added for Fee Template - 2","","true","true","","General","false","","Inches","","LLC_BI__Treasury_Service__c","false","HTML","42815140349724218","PDF"
"a5rWD000000C7k8YAC","005al00000RVcKvAAL","false","newData Added for Fee Template -1","","true","true","","General","false","","Inches","","Account","false","Word","4282239835854169","Word"
"a5rWD000000C7k9YAC","005al00000RVcKvAAL","false","LT016 Fin Covenant Breach - BANK WAIVER","","true","true","","General","false","Word","Inches","","LLC_BI__Loan__c","false","Word","42826236230424836","Word"
"a5rWD000000C7kAYAS","005al00000RVcKvAAL","false","newData Added for Fee Template - 2","","true","true","","General","false","","Inches","","LLC_BI__Treasury_Service__c","false","HTML","42833702357404981","PDF"
"a5rWD000000C7kBYAS","005al00000RVcKvAAL","false","Executive Pricing Summary","","true","true","","General","false","Word","Inches","","LLC_BI__Scenario__c","false","Word","42833743782922224","Word"
"a5rWD000000C7kCYAS","005al00000RVcKvAAL","false","newData Added for Fee Template -1","","true","true","","General","false","","Inches","","Account","false","Word","42836992482810393","Word"
"a5rWD000000C7kDYAS","005al00000RVcKvAAL","false","newData Added for Fee Template -1","","true","true","","General","false","","Inches","","Account","false","Word","42840011381153742","Word"
"a5rWD000000C7kEYAS","005al00000RVcKvAAL","false","FM060 Prec Sub Deed Single Loan","","true","true","","General","false","Word","Inches","","LLC_BI__Loan__c","false","Word","42857667448911251","Word"
"a5rWD000000C7kFYAS","005al00000RVcKvAAL","false","FM044 Business Profile","","true","true","","General","false","Word","Inches","","Account","false","Word","42859665221572707","Word"
"a5rWD000000C7kGYAS","005al00000RVcKvAAL","false","Consumer - Counter Offer- Amount/Term","","true","true","","General","true","Word","Inches","","LLC_BI__Loan__c","true","Word","42872282314590968","PDF"
"a5rWD000000C7kHYAS","005al00000RVcKvAAL","false","FM011 Drawdown Instructions","","true","true","","General","false","Word","Inches","","LLC_BI__Loan__c","false","Word","42876360670694595","Word"
"a5rWD000000C7kIYAS","005al00000RVcKvAAL","false","newData Added for Fee Template - 2","","true","true","","General","false","","Inches","","LLC_BI__Treasury_Service__c","false","HTML","42884235966763107","PDF"
"a5rWD000000C7kJYAS","005al00000RVcKvAAL","false","newData Added for Fee Template - 2","","true","true","","General","false","","Inches","","LLC_BI__Treasury_Service__c","false","HTML","42896128511848576","PDF"
"a5rWD000000C7kKYAS","005al00000RVcKvAAL","false","newData Added for Fee Template -1","","true","true","","General","false","","Inches","","Account","false","Word","42897626544140930","Word"
"a5rWD000000C7kLYAS","005al00000RVcKvAAL","false","newData Added for Fee Template - 2","","true","true","","General","false","","Inches","","LLC_BI__Treasury_Service__c","false","HTML","42899850695901360","PDF"
"a5rWD000000C7kMYAS","005al00000RVcKvAAL","false","LT007 Fixed Rate Letter","","true","true","","General","false","Word","Inches","","LLC_BI__Loan__c","false","Word","42906042755499468","Word"
"a5rWD000000C7kNYAS","005al00000RVcKvAAL","false","newData Added for Fee Template -1","","true","true","","General","false","","Inches","","Account","false","Word","42919401140357783","Word"
"a5rWD000000C7kOYAS","005al00000RVcKvAAL","false","newData Added for Fee Template -1","","true","true","","General","false","","Inches","","Account","false","Word","42931877594241519","Word"
"a5rWD000000C7kPYAS","005al00000RVcKvAAL","false","newData Added for Fee Template - 2","","true","true","","General","false","","Inches","","LLC_BI__Treasury_Service__c","false","HTML","42932392930504146","PDF"
"a5rWD000000C7kQYAS","005al00000RVcKvAAL","false","newData Added for Fee Template -1","","true","true","","General","false","","Inches","","Account","false","Word","42937141512701291","Word"
"a5rWD000000C7kRYAS","005al00000RVcKvAAL","false","FM054 Prec Deed of Priority Mortgage Debenture","","true","true","","General","false","Word","Inches","","LLC_BI__Loan__c","false","Word","42941539308165819","Word"
"a5rWD000000C7kSYAS","005al00000RVcKvAAL","false","newData Added for Fee Template - 2","","true","true","","General","false","","Inches","","LLC_BI__Treasury_Service__c","false","HTML","42943349214354889","PDF"
"a5rWD000000C7kTYAS","005al00000RVcKvAAL","false","FM062 Business Monitoring Checklist","","true","true","","General","false","Word","Inches","","LLC_BI__Loan__c","false","Word","42944460708163324","Word"
"a5rWD000000C7kUYAS","005al00000RVcKvAAL","false","Adverse Action Letter-01","Loan Description-01","true","true","","General","true","HTML","Inches","","LLC_BI__Loan__c","true","HTML","42945817499168956","HTML"
"a5rWD000000C7kVYAS","005al00000RVcKvAAL","false","FM050 Prec Corporate Guarantee","","true","true","","General","false","Word","Inches","","LLC_BI__Loan__c","false","Word","42947779617735569","Word"
"a5rWD000000C7kWYAS","005al00000RVcKvAAL","false","newData Added for Fee Template - 2","","true","true","","General","false","","Inches","","LLC_BI__Treasury_Service__c","false","HTML","42957591322306856","PDF"
"a5rWD000000C7kXYAS","005al00000RVcKvAAL","false","newData Added for Fee Template -1","","true","true","","General","false","","Inches","","Account","false","Word","42959761280088420","Word"
"a5rWD000000C7kYYAS","005al00000RVcKvAAL","false","Consumer Adverse Action- Borrower","","true","true","","General","true","Word","Inches","","LLC_BI__Loan__c","false","Word","42962943840510108","PDF"
"a5rWD000000C7kZYAS","005al00000RVcKvAAL","false","FM057 Prec Legal Charge","","true","true","","General","false","Word","Inches","","LLC_BI__Loan__c","false","Word","42967669743457356","Word"
"a5rWD000000C7kaYAC","005al00000RVcKvAAL","false","FM030 How We Work with you","","true","true","","General","false","Word","Inches","","LLC_BI__Loan__c","false","Word","42968709495035317","Word"
"a5rWD000000C7kbYAC","005al00000RVcKvAAL","false","Test TISA Silver Checking","","true","true","{{IF=""A""}} {{COND=""A"" FIELD=""LLC_BI__Deposit__c.LLC_BI__Product__c"" IS=""Silver Checking""}} {{ENDIF}}","General","true","Word","Inches","","LLC_BI__Deposit__c","false","Word","42974249022515160","PDF"
"a5rWD000000C7kcYAC","005al00000RVcKvAAL","false","newData Added for Fee Template - 2","","true","true","","General","false","","Inches","","LLC_BI__Treasury_Service__c","false","HTML","42978236178149775","PDF"
"a5rWD000000C7kdYAC","005al00000RVcKvAAL","false","newData Added for Fee Template - 2","","true","true","","General","false","","Inches","","LLC_BI__Treasury_Service__c","false","HTML","42978835586809112","PDF"
"a5rWD000000C7keYAC","005al00000RVcKvAAL","false","newData Added for Fee Template -1","","true","true","","General","false","","Inches","","Account","false","Word","42979508681157988","Word"
"a5rWD000000C7kfYAC","005al00000RVcKvAAL","false","newData Added for Fee Template -1","","true","true","","General","false","","Inches","","Account","false","Word","42980543091346688","Word"
"a5rWD000000C7kgYAC","005al00000RVcKvAAL","false","Authorization to Pull Credit","Use this form to collect a customer signature to pull credit score","false","false","","General","true","Word","Inches","","Account","false","Word","a1s5f000000mhpvAAA","Word"
"a5rWD000000C7khYAC","005al00000RVcKvAAL","false","Document Checklist","","false","true","","Credit Memo","false","Word","Inches","","LLC_BI__Loan__c","false","Word","a1s5f000000mhq1AAA","Word"
"a5rWD000000C7kiYAC","005al00000RVcKvAAL","false","Adverse Action Letter","nCino Gold Standard Adverse Action Letter.","false","false","","General","true","Word","Inches","","LLC_BI__Loan__c","false","Word","a1s5f000000mhq2AAA","Word"
"a5rWD000000C7kjYAC","005al00000RVcKvAAL","false","Fees Checklist for Closing","Fee Summary Document to help the bank closers prepare GL tickets.","false","false","{{IF=""A""}}{{COND=""A"" FIELD=""LLC_BI__Loan__c.LLC_BI__Product_Line__c"" NOT=""Card""}}{{ENDIF}}","Credit Memo","false","Word","Inches","","LLC_BI__Loan__c","false","Word","a1s5f000000mhq3AAA","Word"
"a5rWD000000C7kkYAC","005al00000RVcKvAAL","false","General Ledger Tickets","General Ledger Ticket that can used to process the Banks loan fees.","false","false","","Credit Memo","false","Word","Inches","","LLC_BI__Loan__c","false","Word","a1s5f000000mhq4AAA","Word"
"a5rWD000000C7klYAC","005al00000RVcKvAAL","false","Covenant Letter","Form letter used to notify my relationship accounts of when covenants are coming due","false","false","","General","true","Word","Inches","","Account","false","Word","a1s5f000000mhq6AAA","Word"
"a5rWD000000C7kmYAC","005al00000RVcKvAAL","false","Master Services Agreement","Master Services Agreement for nCino Financial Treasury Services","false","false","","General","true","Word","Inches","","LLC_BI__Treasury_Service__c","false","Word","a1s5f000000mhq7AAA","Word"
"a5rWD000000C7knYAC","005al00000RVcKvAAL","false","Executive Pricing Summary","Treasury Service- Executive Pricing Summary for nCino Financial Treasury Services","false","false","","General","true","Word","Inches","","LLC_BI__Scenario__c","false","Word","a1s5f000000mhq8AAA","Word"
"a5rWD000000C7koYAC","005al00000RVcKvAAL","false","Proposal Letter","nCino Gold Standard Proposal Letter.","false","false","","General","true","Word","Inches","","LLC_BI__Loan__c","false","Word","a1s5f000000mhqAAAQ","Word"
"a5rWD000000C7kpYAC","005al00000RVcKvAAL","false","Authorization to Pull Credit","Use this form to collect a customer signature to pull credit score","false","false","","General","true","Word","Inches","","Account","false","Word","a1s5f000000tCO4AAM","PDF"
"a5rWD000000C7kqYAC","005al00000RVcKvAAL","false","Document Checklist","","false","true","","General","true","Word","Inches","","LLC_BI__Loan__c","false","Word","a1s5f000000tCO5AAM","PDF"
"a5rWD000000C7krYAC","005al00000RVcKvAAL","false","Adverse Action Letter","nCino Gold Standard Adverse Action Letter.","false","false","","General","false","Word","Inches","","LLC_BI__Loan__c","false","Word","a1s5f000000tCO6AAM","PDF"
"a5rWD000000C7ksYAC","005al00000RVcKvAAL","false","Fees Checklist for Closing","Fee Summary Document to help the bank closers prepare GL tickets.","false","false","{{IF=""A""}}{{COND=""A"" FIELD=""LLC_BI__Loan__c.LLC_BI__Product_Line__c"" NOT=""Card""}}{{ENDIF}}","General","true","Word","Inches","","LLC_BI__Loan__c","false","Word","a1s5f000000tCO7AAM","PDF"
"a5rWD000000C7ktYAC","005al00000RVcKvAAL","false","General Ledger Tickets","General Ledger Ticket that can used to process the Banks loan fees.","false","false","","General","true","Word","Inches","","LLC_BI__Loan__c","false","Word","a1s5f000000tCO8AAM","PDF"
"a5rWD000000C7kuYAC","005al00000RVcKvAAL","false","Covenant Letter","Form letter used to notify my relationship accounts of when covenants are coming due","false","false","","General","true","Word","Inches","","Account","false","Word","a1s5f000000tCOAAA2","PDF"
"a5rWD000000C7kvYAC","005al00000RVcKvAAL","false","Master Services Agreement","Master Services Agreement for nCino Financial Treasury Services","false","false","","General","true","Word","Inches","","LLC_BI__Treasury_Service__c","false","Word","a1s5f000000tCOBAA2","PDF"
"a5rWD000000C7kwYAC","005al00000RVcKvAAL","false","Executive Pricing Summary","Treasury Service- Executive Pricing Summary for nCino Financial Treasury Services","false","false","","General","true","Word","Inches","","LLC_BI__Scenario__c","false","Word","a1s5f000000tCOCAA2","PDF"
"a5rWD000000C7kxYAC","005al00000RVcKvAAL","false","Proposal Letter","nCino Gold Standard Proposal Letter.","false","false","","General","true","Word","Inches","","LLC_BI__Loan__c","false","Word","a1s5f000000tCOHAA2","PDF"
"a5rWD000000C7kyYAC","005al00000RVcKvAAL","false","Authorization to Pull Credit","Use this form to collect a customer signature to pull credit score","false","false","","General","true","Word","Inches","","Account","false","Word","a1s8c000007f8y5AAA","Word"
"a5rWD000000C7kzYAC","005al00000RVcKvAAL","false","Document Checklist","","false","true","","Credit Memo","false","Word","Inches","","LLC_BI__Loan__c","false","Word","a1s8c000007f8yBAAQ","Word"
"a5rWD000000C7l0YAC","005al00000RVcKvAAL","false","Adverse Action Letter","nCino Gold Standard Adverse Action Letter.","false","false","No filter Updated","Credit Memo","true","HTML","Inches","","LLC_BI__Loan__c","true","HTML","a1s8c000007f8yCAAQ","HTML"
"a5rWD000000C7l1YAC","005al00000RVcKvAAL","false","Fees Checklist for Closing","Fee Summary Document to help the bank closers prepare GL tickets.","false","false","{{IF=""A""}}{{COND=""A"" FIELD=""LLC_BI__Loan__c.LLC_BI__Product_Line__c"" NOT=""Card""}}{{ENDIF}}","Credit Memo","false","PDF","Inches","","LLC_BI__Loan__c","false","Word","a1s8c000007f8yDAAQ","PDF"
"a5rWD000000C7l2YAC","005al00000RVcKvAAL","false","General Ledger Tickets","General Ledger Ticket that can used to process the Banks loan fees.","false","false","","Credit Memo","false","PDF","Inches","","LLC_BI__Loan__c","false","Word","a1s8c000007f8yEAAQ","PDF"
"a5rWD000000C7l3YAC","005al00000RVcKvAAL","false","Covenant Letter","Form letter used to notify my relationship accounts of when covenants are coming due","false","false","","General","true","Word","Inches","","Account","false","Word","a1s8c000007f8yGAAQ","Word"
"a5rWD000000C7l4YAC","005al00000RVcKvAAL","false","Master Services Agreement","Master Services Agreement for nCino Financial Treasury Services","false","false","","General","true","Word","Inches","","LLC_BI__Treasury_Service__c","false","Word","a1s8c000007f8yHAAQ","Word"
"a5rWD000000C7l5YAC","005al00000RVcKvAAL","false","Executive Pricing Summary","Treasury Service- Executive Pricing Summary for nCino Financial Treasury Services","false","false","","General","true","Word","Inches","","LLC_BI__Scenario__c","false","Word","a1s8c000007f8yIAAQ","Word"
"a5rWD000000C7l6YAC","005al00000RVcKvAAL","false","Proposal Letter","nCino Gold Standard Proposal Letter.","false","false","","General","true","Word","Inches","","LLC_BI__Loan__c","false","Word","a1s8c000007f8yKAAQ","Word"
"a5rWD000000C7l7YAC","005al00000RVcKvAAL","false","Authorization to Pull Credit","Use this form to collect a customer signature to pull credit score","false","false","","General","true","Word","Inches","","Account","false","Word","a1sHo00000cSqp5IAC","Word"
"a5rWD000000C7l8YAC","005al00000RVcKvAAL","false","Document Checklist","","false","true","","Credit Memo","false","Word","Inches","","LLC_BI__Loan__c","false","Word","a1sHo00000cSqpBIAS","Word"
"a5rWD000000C7l9YAC","005al00000RVcKvAAL","false","Adverse Action Letter","nCino Gold Standard Adverse Action Letter.","false","false","","General","true","Word","Inches","","LLC_BI__Loan__c","false","Word","a1sHo00000cSqpCIAS","Word"
"a5rWD000000C7lAYAS","005al00000RVcKvAAL","false","Fees Checklist for Closing","Fee Summary Document to help the bank closers prepare GL tickets.","false","false","{{IF=""A""}}{{COND=""A"" FIELD=""LLC_BI__Loan__c.LLC_BI__Product_Line__c"" NOT=""Card""}}{{ENDIF}}","Credit Memo","false","Word","Inches","","LLC_BI__Loan__c","false","Word","a1sHo00000cSqpDIAS","Word"
"a5rWD000000C7lBYAS","005al00000RVcKvAAL","false","General Ledger Tickets","General Ledger Ticket that can used to process the Banks loan fees.","false","false","","Credit Memo","false","Word","Inches","","LLC_BI__Loan__c","false","Word","a1sHo00000cSqpEIAS","Word"
"a5rWD000000C7lCYAS","005al00000RVcKvAAL","false","Covenant Letter","Form letter used to notify my relationship accounts of when covenants are coming due","false","false","","General","true","Word","Inches","","Account","false","Word","a1sHo00000cSqpGIAS","Word"
"a5rWD000000C7lDYAS","005al00000RVcKvAAL","false","Master Services Agreement","Master Services Agreement for nCino Financial Treasury Services","false","false","","General","true","Word","Inches","","LLC_BI__Treasury_Service__c","false","Word","a1sHo00000cSqpHIAS","Word"
"a5rWD000000C7lEYAS","005al00000RVcKvAAL","false","Executive Pricing Summary","Treasury Service- Executive Pricing Summary for nCino Financial Treasury Services","false","false","","General","true","Word","Inches","","LLC_BI__Scenario__c","false","Word","a1sHo00000cSqpIIAS","Word"
"a5rWD000000C7lFYAS","005al00000RVcKvAAL","false","Proposal Letter","nCino Gold Standard Proposal Letter.","false","false","","General","true","Word","Inches","","LLC_BI__Loan__c","false","Word","a1sHo00000cSqpKIAS","Word"
"a5rWD000000C7lGYAS","005al00000RVcKvAAL","false","Authorization to Pull Credit","Use this form to collect a customer signature to pull credit score","false","false","","General","true","Word","Inches","","Account","false","Word","a1sHu0000076r1cIAA","Word"
"a5rWD000000C7lHYAS","005al00000RVcKvAAL","false","Document Checklist","","false","true","","Credit Memo","false","Word","Inches","","LLC_BI__Loan__c","false","Word","a1sHu0000076r1iIAA","Word"
"a5rWD000000C7lIYAS","005al00000RVcKvAAL","false","Adverse Action Letter","nCino Gold Standard Adverse Action Letter. Updated file Name 1","false","false","","General","true","Word","Inches","","LLC_BI__Loan__c","false","Word","a1sHu0000076r1jIAA","Word"
"a5rWD000000C7lJYAS","005al00000RVcKvAAL","false","Fees Checklist for Closing","Fee Summary Document to help the bank closers prepare GL tickets.","false","false","{{IF=""A""}}{{COND=""A"" FIELD=""LLC_BI__Loan__c.LLC_BI__Product_Line__c"" NOT=""Card""}}{{ENDIF}}","Credit Memo","false","Word","Inches","","LLC_BI__Loan__c","false","Word","a1sHu0000076r1kIAA","Word"
"a5rWD000000C7lKYAS","005al00000RVcKvAAL","false","General Ledger Tickets","General Ledger Ticket that can used to process the Banks loan fees.","false","false","","Credit Memo","false","Word","Inches","","LLC_BI__Loan__c","false","Word","a1sHu0000076r1lIAA","Word"
"a5rWD000000C7lLYAS","005al00000RVcKvAAL","false","Covenant Letter","Form letter used to notify my relationship accounts of when covenants are coming due","false","false","","General","true","Word","Inches","","Account","false","Word","a1sHu0000076r1nIAA","Word"
"a5rWD000000C7lMYAS","005al00000RVcKvAAL","false","Master Services Agreement","Master Services Agreement for nCino Financial Treasury Services","false","false","","General","true","Word","Inches","","LLC_BI__Treasury_Service__c","false","Word","a1sHu0000076r1oIAA","Word"
"a5rWD000000C7lNYAS","005al00000RVcKvAAL","false","Executive Pricing Summary","Treasury Service- Executive Pricing Summary for nCino Financial Treasury Services","false","false","","General","true","Word","Inches","","LLC_BI__Scenario__c","false","Word","a1sHu0000076r1pIAA","Word"
"a5rWD000000C7lOYAS","005al00000RVcKvAAL","false","Proposal Letter","nCino Gold Standard Proposal Letter.","false","false","","General","true","Word","Inches","","LLC_BI__Loan__c","false","Word","a1sHu0000076r1rIAA","Word"
"a5rWD000000C7lPYAS","005al00000RVcKvAAL","false","Authorization to Pull Credit","Use this form to collect a customer signature to pull credit score","false","false","","General","true","Word","Inches","","Account","false","Word","a1sbn0000010aXZAAY","Word"
"a5rWD000000C7lQYAS","005al00000RVcKvAAL","false","Document Checklist","","false","true","","Credit Memo","false","Word","Inches","","LLC_BI__Loan__c","false","Word","a1sbn0000010aXfAAI","Word"
"a5rWD000000C7lRYAS","005al00000RVcKvAAL","false","Adverse Action Letter","nCino Gold Standard Adverse Action Letter.","false","false","","General","true","Word","Inches","","LLC_BI__Loan__c","false","Word","a1sbn0000010aXgAAI","Word"
"a5rWD000000C7lSYAS","005al00000RVcKvAAL","false","Fees Checklist for Closing","Fee Summary Document to help the bank closers prepare GL tickets.","false","false","{{IF=""A""}}{{COND=""A"" FIELD=""LLC_BI__Loan__c.LLC_BI__Product_Line__c"" NOT=""Card""}}{{ENDIF}}","Credit Memo","false","Word","Inches","","LLC_BI__Loan__c","false","Word","a1sbn0000010aXhAAI","Word"
"a5rWD000000C7lTYAS","005al00000RVcKvAAL","false","General Ledger Tickets","General Ledger Ticket that can used to process the Banks loan fees.","false","false","","Credit Memo","false","Word","Inches","","LLC_BI__Loan__c","false","Word","a1sbn0000010aXiAAI","Word"
"a5rWD000000C7lUYAS","005al00000RVcKvAAL","false","MSA SCH A Change Service Form","Use this form to remove Treasury Services","false","false","","General","true","Word","Inches","","LLC_BI__Treasury_Service__c","false","Word","a1sbn0000010aXjAAI","Word"
"a5rWD000000C7lVYAS","005al00000RVcKvAAL","false","Covenant Letter","Form letter used to notify my relationship accounts of when covenants are coming due","false","false","","General","true","Word","Inches","","Account","false","Word","a1sbn0000010aXkAAI","Word"
"a5rWD000000C7lWYAS","005al00000RVcKvAAL","false","Master Services Agreement","Master Services Agreement for nCino Financial Treasury Services","false","false","","General","true","Word","Inches","","LLC_BI__Treasury_Service__c","false","Word","a1sbn0000010aXlAAI","Word"
"a5rWD000000C7lXYAS","005al00000RVcKvAAL","false","Executive Pricing Summary","Treasury Service- Executive Pricing Summary for nCino Financial Treasury Services","false","false","","General","true","Word","Inches","","LLC_BI__Scenario__c","false","Word","a1sbn0000010aXmAAI","Word"
"a5rWD000000C7lYYAS","005al00000RVcKvAAL","false","Proposal Letter","nCino Gold Standard Proposal Letter.","false","false","","General","true","Word","Inches","","LLC_BI__Loan__c","false","Word","a1sbn0000010aXpAAI","Word"
"a5rWD000000C7lZYAS","005al00000RVcKvAAL","false","Test-Form-Template-0217","Test-Form-Template-0217","true","true","","General","true","html","Inches","","Credit Memo","false","HTML","42597856920563564","HTML"
"a5rWD000000C7laYAC","005al00000RVcKvAAL","false","Test Form Template","","true","true","","General","true","Temp","Inches","","Obj","false","Word","42697729493964772","PDF"
"a5rWD000000C7lbYAC","005al00000RVcKvAAL","false","New Doc Rec","","true","true","","General","false","Word","Inches","","LLC_BI__Loan__c","false","Word","42718390428484522","Word"
"a5rWD000000C7lcYAC","005al00000RVcKvAAL","false","Test-FormsTemplate","Test for nCino","true","true","","General","true","pdf","Inches","","nFORCE__Group__c","false","Word","42753393510574758","PDF"
"a5rWD000000C7ldYAC","005al00000RVcKvAAL","false","NewFormTemp-1023","Test Word Document Type","true","true","","General","true","Word","Inches","","Credit Memo","true","Word","42803150083971388","Word"
"a5rWD000000C7leYAC","005al00000RVcKvAAL","false","Adverse Action Letter - Borrower","Adverse Action Letter for the Borrower","false","false","","General","true","PDF","Inches","","LLC_BI__Loan__c","false","HTML","a1sal000003kGsvAAE","PDF"
"a5rWD000000C7lfYAC","005al00000RVcKvAAL","false","Adverse Action Letter - Co-Borrower","Adverse Action Letter for the Co-Borrower","true","true","","General","true","PDF","Inches","","LLC_BI__Loan__c","false","HTML","42391397655616539","PDF"
"a5rWD000000C7lgYAC","005al00000RVcKvAAL","false","Beneficial Ownership","","true","true","{{IF=""A""}}{{COND=""A""FIELD=""LLC_BI__Loan__c.LLC_BI__Account__r.Type""NOT=""Individual""}}{{ENDIF}}","General","true","Word","Inches","","LLC_BI__Loan__c","false","Word","42676895586993173","Word"
"a5rWD000000C7lhYAC","005al00000RVcKvAAL","false","Authorization to Pull Credit","Use this form to collect a customer signature to pull credit score","false","false","","General","true","Word","Inches","","Account","false","Word","a1sal000003kGswAAE","Word"
"a5rWD000000C7liYAC","005al00000RVcKvAAL","false","MSA SCH A Change Service Form","Use this form to remove Treasury Services","false","false","","General","true","Word","Inches","","LLC_BI__Treasury_Service__c","false","Word","a1sal000003kGsrAAE","Word"
"a5rWD000000C7ljYAC","005al00000RVcKvAAL","false","Standard Commercial Short Form","Use this credit template for standard commercial loans.","true","true","","Credit Memo","true","HTML","Inches","","LLC_BI__Product_Package__c","false","HTML","42739175983591357","HTML"
"a5rWD000000C7lkYAC","005al00000RVcKvAAL","false","Modification Request","Modification Template","true","true","","Credit Memo","true","HTML","Inches","","LLC_BI__Product_Package__c","true","HTML","42287555452295220","HTML"
"a5rWD000000C7llYAC","005al00000RVcKvAAL","false","Boarding Data Sheet","Loan Boarding Data Sheet","true","true","","General","true","Word","Inches","","LLC_BI__Loan__c","false","Word","42720351860149510","Word"
"a5rWD000000C7lmYAC","005al00000RVcKvAAL","false","Executive Pricing Summary","Treasury Service- Executive Pricing Summary for nCino Financial Treasury Services","false","false","","General","true","Word","Inches","","LLC_BI__Scenario__c","false","Word","a1sal000003kGsuAAE","Word"
"a5rWD000000C7lnYAC","005al00000RVcKvAAL","false","Appraisal Request Letter","Template to begin an Appraisal Request Letter","true","true","","General","true","Word","Inches","","LLC_BI__Loan__c","false","Word","42225895354932322","Word"
"a5rWD000000C7loYAC","005al00000RVcKvAAL","false","Standard Commercial Form","Standard Commercial Form","true","true","","Credit Memo","true","HTML","Inches","","LLC_BI__Product_Package__c","false","HTML","42081037088623546","HTML"
"a5rWD000000C7lpYAC","005al00000RVcKvAAL","false","Commerial Credit Memo","Use this template to generate a Credit Memo for commercial deal presentations and credit committee review","true","true","","Credit Memo","true","HTML","Inches","","LLC_BI__Product_Package__c","false","HTML","42966989010402205","HTML"
"a5rWD000000C7lqYAC","005al00000RVcKvAAL","false","Master Services Agreement","Master Services Agreement for nCino Financial Treasury Services","false","false","","General","true","Word","Inches","","LLC_BI__Treasury_Service__c","false","Word","a1sal000003kGstAAE","Word"
"a5rWD000000C7lrYAC","005al00000RVcKvAAL","false","Covenant Letter","Form letter used to notify my relationship accounts of when covenants are coming due","false","false","","General","true","PDF","Inches","","Account","false","HTML","a1sal000003kGssAAE","PDF"
"a5rWD000000C7lsYAC","005al00000RVcKvAAL","false","Review Credit Memo","Review Credit Memo","true","true","","Credit Memo","true","HTML","Inches","","LLC_BI__Review__c","false","HTML","42939755381098155","HTML"
"a5rWD000000C7ltYAC","005al00000RVcKvAAL","false","Commitment Letter / Term Sheet","Generic Term Sheet","true","true","","General","true","PDF","Inches","","LLC_BI__Loan__c","false","Word","42972107535279122","PDF"
"a5rWD000000C7luYAC","005al00000RVcKvAAL","false","Commitment Letter","Commercial Baseline - Commitment Letter Template","false","false","","General","true","Word","Inches","","LLC_BI__Loan__c","false","Word","42464591334310949","Word"
"a5rWD000000C7lvYAC","005al00000RVcKvAAL","false","Agricultural Owner/Operator Balance Sheet","Use this form to generate a Balance Sheet for the latest financial period in Spreads. This form is based on the Ag Owner/Operator spreads template.","true","false","","General","true","HTML","Inches","","Account","true","HTML","comm-bl-42299982558212129","HTML"
"a5rWD000000EobFYAS","005al00000RVvFOAA1","false","YM_Test","","true","true","","General","false","HTML","Inches","","LLC_BI__Deposit__c","false","HTML","42171232094674109","HTML"
