"Id","OwnerId","IsDeleted","Name","nFORCE__Answer_Context__c","nFORCE__App__c","nFORCE__Category__c","nFORCE__Default_Collapse_Parent_Navigation__c","nFORCE__Description__c","nFORCE__Is_Archived__c","nFORCE__Is_Questionnaire__c","nFORCE__Parent_Group__c","nFORCE__Taxonomy_Id__c","nFORCE__lookupKey__c","Description_Custom__c","CreatedDate","CreatedById","LastModifiedDate","LastModifiedById","SystemModstamp","LastViewedDate","LastReferencedDate","AutorabitExtId__c"
"a0XWE000002gDPV2A2","005al00000RVcKvAAL","false","HMDA Questionnaire","","","","false","","false","true","","","010B70686B5547768D54530668190A55","","","","","","","","",""
"a0XWE000002gDPW2A2","005al00000RVcKvAAL","false","LOB Review","","lobreview","","false","","false","false","","","027C217E211F4778B3496A6F0D4C1F55","","","","","","","","",""
"a0XWE000002gDPX2A2","005al00000RVcKvAAL","false","LOB-SBA-Loan-Pre","","lobsba-loanpre","","false","","false","false","","","065E653D6D58421AB67438107A243B22","Live Oak Bank SBA Pre-Approval Loan UI","","","","","","","",""
"a0XWE000002gDPY2A2","005al00000RVcKvAAL","false","LOB-SBA-Loan-Post","","lobsba-loanpost","","false","","false","false","","","073479326E0F4E3A8C0F713F3B240932","Live Oak SBA Post Approval UI","","","","","","","",""
"a0XWE000002gDPZ2A2","005al00000RVcKvAAL","false","Loan - Residential Mortgage Refinance - APAC","","apac-res-mtg-refinance","","false","","false","false","","","096E450C3B0C4F4284601C447D765211","","","","","","","","",""
"a0XWE000002gDPa2AM","005al00000RVcKvAAL","false","First Draw Loan","","first-draw-loan","","false","","false","false","","","09921610326271972","","","","","","","","",""
"a0XWE000002gDPb2AM","005al00000RVcKvAAL","false","Commercial Accelerate Loan","","comm-accel-loan","","false","","false","false","","comm-accel-loan","12091615577844223","","","","","","","","",""
"a0XWE000002gDPc2AM","005al00000RVcKvAAL","false","Small Business Forgiveness","","sba-forgiv","","false","","false","false","","","194987166415","","","","","","","","",""
"a0XWE000002gDPd2AM","005al00000RVcKvAAL","false","Loan - Residential Mortgage APAC - Primary UI","","apac-res-mtg-defaultui","","false","","false","false","","","1D71277579024345943759185B486D66","","","","","","","","",""
"a0XWE000002gDPe2AM","005al00000RVcKvAAL","false","clone","","clone","Online Application","false","","false","false","","clone","21671598553323537","","","","","","","","",""
"a0XWE000002lTjm2AE","005al00000RVcKvAAL","false","atbk_Loan.Retail","","core-specific-info","","false","","false","true","","core-specific-info","23452345236546435","","","","","","","","",""
"a0XWE000002gDPf2AM","005al00000RVcKvAAL","false","Individual KYC","","","","false","","false","true","","","257E6F756B4A425095602C163A0F4E31","","","","","","","","",""
"a0XWE000002gDPg2AM","005al00000RVcKvAAL","false","Second Draw Loan","","second-draw-loan","","false","","false","false","","","31321610041032562","","","","","","","","",""
"a0XWE000002gDPh2AM","005al00000RVcKvAAL","false","CRA","","","","false","","false","true","","","406D671A185344659B422A6E1E790811","","","","","","","","",""
"a0XWE000002gDPi2AM","005al00000RVvFOAA1","false","Small Business Loan Online Application","","small-business-loan-online-application","Online Application","false","","false","false","","portal-sbloan","41241666029060795","","","","","","","","",""
"a0XWE000002lTjv2AE","005al00000RVcKvAAL","false","CP Group_M_03","","CP_UIConfig_M_03","","false","","false","false","a0XWE000002lTjt2AE","","42006593820447392","","","","","","","","",""
"a0XWE000002gDPj2AM","005al00000RVcKvAAL","false","OB Security Services","","tmmg-OBSecurityServices00-00","","false","","false","false","","","42013006377047603","","","","","","","","",""
"a0XWE000002gDPk2AM","005al00000RVcKvAAL","false","Deposit Ancillary Services","","tm-deposit-a-74","","false","","false","false","","","42015437848862616","","","","","","","","",""
"a0XWE000002lTkM2AU","005al00000RVcKvAAL","false","New PP Group","","new pp-group","","false","","false","false","","","42016060607857011","","","","","","","","",""
"a0XWE000002gDPl2AM","005al00000RVcKvAAL","false","CD-Rom","","tmmg-CDRom00-00","","false","","false","false","","","42024555182888674","","","","","","","","",""
"a0XWE000002gDPm2AM","005al00000RVcKvAAL","false","Wire Incoming","","tmmg-WireIncoming00-00","","false","","false","false","","","42027612952237912","","","","","","","","",""
"a0XWE000002gDPn2AM","005al00000RVcKvAAL","false","OB Book Transfer","","tmmg-OBBookTransfer00-00","","false","","false","false","","","42028332044179256","","","","","","","","",""
"a0XWE000002lTk92AE","005al00000RVcKvAAL","false","Loan Main","","loan-main","","false","","false","false","","loan-main","42028527396766642","","","","","","","","",""
"a0XWE000002gDPo2AM","005al00000RVcKvAAL","false","Overdraft","","tmmg-Overdraft00-00","","false","","false","false","","","42039719763403573","","","","","","","","",""
"a0XWE000002gDPp2AM","005al00000RVcKvAAL","false","Online Banking","","tmmg-OnlineBanking01-00","","false","","false","false","","","42043961427872817","","","","","","","","",""
"a0XWE000002gDSb2AM","005al00000RVcKvAAL","false","MASTER-Loan","","m-loan","","false","","false","false","","m-loan","42044771180104939","Used in the Loan object's Commercial Workspace flexipage. Displays during Loan Stages before Approval.","","","","","","","",""
"a0XWE000002lTkE2AU","005al00000RVcKvAAL","false","Remote Deposit Capture","","tmmg-RemoteDepositCapture00-00","","false","","false","false","","tmmg-RemoteDepositCapture00-00","42045189276028424","","","","","","","","",""
"a0XWE000002gDPq2AM","005al00000RVcKvAAL","false","Retail Loan Application","","portal-rl","Online Application","false","","false","false","","","42063034156622212","","","","","","","","",""
"a0XWE000002gDSc2AM","005al00000RVcKvAAL","false","Memo","","memo","","false","","false","false","","memo","42064981524503220","","","","","","","","",""
"a0XWE000002gDPr2AM","005al00000RVcKvAAL","false","Relationship - Individual","","relationship-individual","","false","","false","false","","relationship-individual","42074912432256224","","","","","","","","",""
"a0XWE000002gDSd2AM","005al00000RVcKvAAL","false","Deposit Product Details Maintenance","","dep-pm-details","","false","","false","false","","dep-pm-details","42075960643920713","","","","","","","","",""
"a0XWE000002gDPs2AM","005al00000RVcKvAAL","false","Pre-Encoded Rejects","","tmmg-PreEncodedRejects00-00","","false","","false","false","","","42081221226117977","","","","","","","","",""
"a0XWE000002gDTI2A2","005al00000RVcKvAAL","false","autoTest1","","automation","","false","","false","false","","","42084424313188949","","","","","","","","",""
"a0XWE000002gDSe2AM","005al00000RVcKvAAL","false","HVCRE","","HVCRE","","false","","false","true","","","42088290342052409","Used in the Compliance Route in the Loan UI","","","","","","","",""
"a0XWE000002lTk82AE","005al00000RVcKvAAL","false","Relationship","","relationship-training","","false","","false","false","","relationship-training","42095159114228228","","","","","","","","",""
"a0XWE000002lTkA2AU","005al00000RVcKvAAL","false","Product Package Details","","pp-details-training","","false","","false","false","","pp-details-training","42095990631305697","","","","","","","","",""
"a0XWE000002lTjx2AE","005al00000RVcKvAAL","false","CP Group_PC_T","","CP_UIConfig_PC_T","","false","","false","false","","","42096073558072814","","","","","","","","",""
"a0XWE000002gDSf2AM","005al00000RVcKvAAL","false","Deposit Product Creation","","dep-pc","","false","","false","false","","dep-pc","42103181906180590","","","","","","","","",""
"a0XWE000002gDPt2AM","005al00000RVcKvAAL","false","Wholesale Lockbox","","tmmg-WholesaleLockbox00-00","","false","","false","false","","","42108932046797350","","","","","","","","",""
"a0XWE000002gDPu2AM","005al00000RVcKvAAL","false","DAO-Individual-KYC","Individual Account","dao-ind-kyc","null","false","null","false","true","","dao-ind-kyc","42109377760315962","null","","","","","","","",""
"a0XWE000002gDPv2AM","005al00000RVcKvAAL","false","ARP Setup","","tmmg-ARPSetup00-00","","false","","false","false","","","42109442789852318","","","","","","","","",""
"a0XWE000002lTjo2AE","005al00000RVcKvAAL","false","Business KYC - Loan Onboarding","","","","false","","false","true","","","42122695786840271","","","","","","","","",""
"a0XWE000002gDPw2AM","005al00000RVcKvAAL","false","BtestG","",".","","false","","false","false","","","42123057899593081","","","","","","","","",""
"a0XWE000002gDPx2AM","005al00000RVcKvAAL","false","Deposit Product Questionnaire","Business Account","","","false","","false","true","","","42124102390932389","","","","","","","","",""
"a0XWE000002gDPy2AM","005al00000RVcKvAAL","false","Small Business Retail Lending","","","","false","","false","true","","","42128895100604846","","","","","","","","",""
"a0XWE000002gDPz2AM","005al00000RVcKvAAL","false","Return Deposited Item","","tmmg-ReturnDepositedItem01-00","","false","","false","false","","","42133411758186930","","","","","","","","",""
"a0XWE000002gDQ02AM","005al00000RVcKvAAL","false","Treasury Configuration","","treasury-config","","false","","false","false","","","42143513379842577","","","","","","","","",""
"a0XWE000002gDQ12AM","005al00000RVcKvAAL","false","Secured Small Business Loan Application","","portal-sbl-secured","","false","","false","false","","portal-sbl-secured","42144815564389495","","","","","","","","",""
"a0XWE000002gDSg2AM","005al00000RVcKvAAL","false","Deposit Ancillary Services Maintenance","","dep-pm-ancillary-services","","false","","false","false","","dep-pm-ancillary-services","42154253801321945","","","","","","","","",""
"a0XWE000002gDQ22AM","005al00000RVcKvAAL","false","OB Information Reporting","","tmmg-OBInformationReporting00-00","","false","","false","false","","","42161487210648280","","","","","","","","",""
"a0XWE000002gDTJ2A2","005al00000RVcKvAAL","false","Retail Loan ADD","","","","false","","false","true","","","42161599347242956","","","","","","","","",""
"a0XWE000002lTk02AE","005al00000RVcKvAAL","false","CP Group_PO_F","","CP_UIConfig_F","","false","","false","false","","","42170311110272447","","","","","","","","",""
"a0XWE000002gDQ32AM","005al00000RVcKvAAL","false","Session Redirect","","session-redirect","","false","","false","false","","session-redirect","42175376029357054","Used to redirect the user that started the loan session to the actual loan record. (WILL BE REMOVED ONCE FALL RELEASE IS INSTALLED)","","","","","","","",""
"a0XWE000002gDQ42AM","005al00000RVcKvAAL","false","ACH Direct Send","","tmmg-ACHDirectSend00-00","","false","","false","false","","","42176513421434370","","","","","","","","",""
"a0XWE000002gDQ52AM","005al00000RVcKvAAL","false","Overdraft Protection","","tmmg-OverdraftProtection01-00","","false","","false","false","","","42178474390866250","","","","","","","","",""
"a0XWE000002gDTV2A2","005al00000RVcKvAAL","false","a2B79000000trJi","","","","false","","false","false","","","42180675330014550","","","","","","","","",""
"a0XWE000002gDQ62AM","005al00000RVcKvAAL","false","ACH Debit","","tmmg-ACHDebit00-00","","false","","false","false","","","42182351739442362","","","","","","","","",""
"a0XWE000002gDQ72AM","005al00000RVcKvAAL","false","Check Printing","","tmmg-CheckPrinting00-00","","false","","false","false","","","42182936697621246","","","","","","","","",""
"a0XWE000002lTkN2AU","005al00000RVcKvAAL","false","New Surya Group","","new-surya-group","","false","","false","false","","","42195386599368002","","","","","","","","",""
"a0XWE000002gDSh2AM","005al00000RVcKvAAL","false","HMDA Questionnaire","","HMDA-questionnaire","","false","","false","true","","","42198546854157256","Used in the Compliance Route in the Loan UI","","","","","","","",""
"a0XWE000002lTk62AE","005al00000RVcKvAAL","false","CP UIConfig_QP_Post_Save_RSP","","CP_UIConfig_QP_Post_Save_RSP","","false","","false","false","a0XWE000002lTkI2AU","","42202065405923511","","","","","","","","",""
"a0XWE000002gDQ82AM","005al00000RVcKvAAL","false","Loan - Card","","card","","false","","false","false","","","42203562917068294","","","","","","","","",""
"a0XWE000002gDQ92AM","005al00000RVcKvAAL","false","HMDA Questionnaire","","","","false","","false","true","","","42204668606398303","","","","","","","","",""
"a0XWE000002gDTW2A2","005al00000RVcKvAAL","false","a2B79000000trJg","","","","false","","false","false","","","42206089969663694","","","","","","","","",""
"a0XWE000002gDTK2A2","005al00000RVcKvAAL","false","Relationship","","relationship1","","false","","false","false","","","42209304130978970","","","","","","","","",""
"a0XWE000002gDQA2A2","005al00000RVcKvAAL","false","Small Business Loan Application","","portal-sbl","Online Application","false","","false","false","","","42211622555729637","","","","","","","","",""
"a0XWE000002gDTL2A2","005al00000RVcKvAAL","false","AML/KYC Questionnaire - Personal","Individual Account","","Online Application","false","","false","true","a0XWE000002gDQ62AM","","42215833207150863","","","","","","","","",""
"a0XWE000002gDQB2A2","005al00000RVcKvAAL","false","Debit Card","","tmmg-DebitCard00-00","","false","","false","false","","","42217321655329735","","","","","","","","",""
"a0XWE000002gDQC2A2","005al00000RVcKvAAL","false","Treasury - Wire Transfer","","Wire-Transfer","","false","","false","false","","","42224713564485414","","","","","","","","",""
"a0XWE000002gDQD2A2","005al00000RVcKvAAL","false","FDIC Insurance","","tmmg-FDICInsurance00-00","","false","","false","false","","","42225321829566048","","","","","","","","",""
"a0XWE000002gDSi2AM","005al00000RVcKvAAL","false","Deposit Product Maintenance","","dep-pm","","false","","false","false","","dep-pm","42226489752753856","","","","","","","","",""
"a0XWE000002gDQE2A2","005al00000RVcKvAAL","false","Serv ACH","","tmmg-ServACH00-00","","false","","false","false","","","42226785150003184","","","","","","","","",""
"a0XWE000002gDQF2A2","005al00000RVcKvAAL","false","Account Receivables Conversion","","tmmg-AccountReceivablesConversion00-00","","false","","false","false","","","42231351442612663","","","","","","","","",""
"a0XWE000002gDQG2A2","005al00000RVcKvAAL","false","Online Banking","","tmmg-OnlineBanking00-00","","false","","false","false","","","42243914754947719","","","","","","","","",""
"a0XWE000002gDQH2A2","005al00000RVcKvAAL","false","Relationship - Business","","relationship-business","","false","","false","false","","relationship-business","42245014383349897","","","","","","","","",""
"a0XWE000002gDQI2A2","005al00000RVcKvAAL","false","ODAO- Business KYC","Business Account","odao-bus-kyc","null","false","null","false","true","","odao-bus-kyc","42245829912861432","null","","","","","","","",""
"a0XWE000002gDSj2AM","005al00000RVcKvAAL","false","Individual KYC","","","","false","","false","true","","","42245838511199639","","","","","","","","",""
"a0XWE000002gDQJ2A2","005al00000RVcKvAAL","false","Stop Payment Manual","","tmmg-StopPaymentManual00-00","","false","","false","false","","","42249119661942913","","","","","","","","",""
"a0XWE000002gDQK2A2","005al00000RVcKvAAL","false","zzzSession (Not Used) - Unsecured Line of Credit","","loc","","false","","false","false","","loc","42260030052001085","Packaged - Do not use as this is not maintained (Summer 19)","","","","","","","",""
"a0XWE000002gDSk2AM","005al00000RVcKvAAL","false","MASTER-Relationship","","master-relationship","","false","","false","false","","master-relationship","42261562008922327","Used in the ""Products and Services"" tab in the Relationship Layout Flexipage","","","","","","","",""
"a0XWE000002gDQL2A2","005al00000RVcKvAAL","false","Deposit Online Application (Individual)","Deposit","portal-dep-odao","Online Application","false","","false","false","","portal-dep-odao","42263871326145242","","","","","","","","",""
"a0XWE000002gDQM2A2","005al00000RVcKvAAL","false","Deposit Application (Individual)","","portal-dep","Online Application","false","","false","false","","","42266423918684600","","","","","","","","",""
"a0XWE000002gDQN2A2","005al00000RVcKvAAL","false","ACH Origination","","tmmg-Treasury00-00","","false","","false","false","","tmmg-Treasury00-00","42266445183227207","","","","","","","","",""
"a0XWE000002gDQO2A2","005al00000RVcKvAAL","false","ARP Deposit Recon","","tmmg-ARPDepositRecon00-00","","false","","false","false","","","42276659584280900","","","","","","","","",""
"a0XWE000002gDQP2A2","005al00000RVcKvAAL","false","Small Business Loan Workflow","","sbl-group1","","false","","false","false","","","42288239929686644","","","","","","","","",""
"a0XWE000002gDQQ2A2","005al00000RVcKvAAL","false","Residential Mortgage Landing Page","","res-mtg-landingpage","","false","","false","false","","","42288881414167317","","","","","","","","",""
"a0XWE000002gDQR2A2","005al00000RVcKvAAL","false","zzzMASTER-Loan - SBA","","m-sba","","false","","false","false","","m-sba","42298379943381721","PSO Clone - Not Used","","","","","","","",""
"a0XWE000002gDQS2A2","005al00000RVcKvAAL","false","Retail Loan Application (Individual Other Involved)","","portal-rl-other","Online Application","false","","false","false","a0XWE000002gDPq2AM","","42300357238387223","","","","","","","","",""
"a0XWE000002gDQT2A2","005al00000RVcKvAAL","false","ACH Bundle","","tmmg-ACHBundle00-00","","false","","false","false","","","42303144944602719","","","","","","","","",""
"a0XWE000002gDQU2A2","005al00000RVcKvAAL","false","Debit Card","","tmmg-DebitCard01-00","","false","","false","false","","","42318132447466575","","","","","","","","",""
"a0XWE000002gDQV2A2","005al00000RVcKvAAL","false","Returned Deposited Item","","tmmg-ReturnedDepositedItem00-00","","false","","false","false","","","42318858712087126","","","","","","","","",""
"a0XWE000002gDQW2A2","005al00000RVcKvAAL","false","zzzMASTER-Loan - Construction","","m-construction","","false","","false","false","","m-construction","42321562673586733","PSO Clone - Not Used","","","","","","","",""
"a0XWE000002gDQX2A2","005al00000RVcKvAAL","false","Business Debit Card","","tmmg-BusinessDebitCard00-00","","false","","false","false","","","42321998555010096","","","","","","","","",""
"a0XWE000002gDQY2A2","005al00000RVcKvAAL","false","ATM Card","","tmmg-ATMCard01-00","","false","","false","false","","","42323543305942213","","","","","","","","",""
"a0XWE000002gDQZ2A2","005al00000RVcKvAAL","false","Treasury - Retail Lockbox","","Retail-Lockbox","","false","","false","false","","","42324689728766729","","","","","","","","",""
"a0XWE000002gDTc2AM","005al00000RVcKvAAL","false","Treasury Service Maintenance","","treasury-service-maintenance","","false","","false","false","","treasury-service-maintenance","42328704188845287","","","","","","","","",""
"a0XWE000002gDTd2AM","005al00000RVcKvAAL","false","DMW Deposit Income Group","","DMW_Ancillary_Revenue_Modal_Parent","","false","","false","false","","","42342387996332449","","","","","","","","",""
"a0XWE000002gDSl2AM","005al00000RVcKvAAL","false","Deposit Customer Creation Business","","dep-cc-bus","","false","","false","false","","dep-cc-bus","42346516231822941","","","","","","","","",""
"a0XWE000002gDTX2A2","005al00000RVcKvAAL","false","a2B79000000trJj","","","","false","","false","false","","","42355229293120169","","","","","","","","",""
"a0XWE000002lTk12AE","005al00000RVcKvAAL","false","CP Group_QPH","","CP_UIConfig_QPH","","false","","false","false","","","42362501444638974","","","","","","","","",""
"a0XWE000002gDSm2AM","005al00000RVcKvAAL","false","Customer Creation: Product Line Selection","","cc-product-line","","false","","false","false","","cc-product-line","42365870589859264","","","","","","","","",""
"a0XWE000002lTkD2AU","005al00000RVcKvAAL","false","Online Banking General","","tmmg-OnlineBankingGeneral00-00","","false","","false","false","","tmmg-OnlineBankingGeneral00-00","42368030182145365","","","","","","","","",""
"a0XWE000002gDQa2AM","005al00000RVcKvAAL","false","Vehicle Loan","","veh-loan-grp1","","false","","false","false","","","42373269594001328","","","","","","","","",""
"a0XWE000002gDQb2AM","005al00000RVcKvAAL","false","Bill Pay","","tmmg-BillPay01-00","","false","","false","false","","","42378672051535648","","","","","","","","",""
"a0XWE000002gDTY2A2","005al00000RVcKvAAL","false","a2B79000000trJa","","","","false","","false","false","","","42380467908020381","","","","","","","","",""
"a0XWE000002gDQc2AM","005al00000RVcKvAAL","false","Loan - AIP","","loanaip","","false","","false","false","","","42398283041360706","","","","","","","","",""
"a0XWE000002gDQd2AM","005al00000RVcKvAAL","false","Direct File Transfer","","tmmg-DirectFileTransfer00-00","","false","","false","false","","","42399496430100930","","","","","","","","",""
"a0XWE000002gDQe2AM","005al00000RVcKvAAL","false","ARP Transmission","","tmmg-ARPTransmission00-00","","false","","false","false","","","42399751678976428","","","","","","","","",""
"a0XWE000002gDQf2AM","005al00000RVcKvAAL","false","HVCRE","","","","false","","false","true","","","42401373803190352","","","","","","","","",""
"a0XWE000002gDQg2AM","005al00000RVcKvAAL","false","Residential Mortgage Application","","res-mtg-app","","false","","false","false","","","42402157446193753","","","","","","","","",""
"a0XWE000002gDSn2AM","005al00000RVcKvAAL","false","Reg O Loan Questionnaire","","Reg-O-Loan-Questionnaire","","false","","false","true","","","42403246748782453","Used in the Compliance Route in the Loan UI","","","","","","","",""
"a0XWE000002gDQh2AM","005al00000RVcKvAAL","false","zzzMASTER-Loan - Consumer","","m-consumer","","false","","false","false","","m-consumer","42410464651584665","PSO Clone - Not Used","","","","","","","",""
"a0XWE000002gDQi2AM","005al00000RVcKvAAL","false","Portal Individual KYC","Individual Account","","","false","","false","true","","","42425994517788887","","","","","","","","",""
"a0XWE000002lTjz2AE","005al00000RVcKvAAL","false","CP Group_S","","CP_UIConfig_S","","false","","false","false","","","42426248425203683","","","","","","","","",""
"a0XWE000002gDQj2AM","005al00000RVcKvAAL","false","Loan - Collections","","loancollections","","false","","false","false","","","42427172045709198","","","","","","","","",""
"a0XWE000002gDQk2AM","005al00000RVcKvAAL","false","Pre-Encoded Checks","","tmmg-PreEncodedChecks00-00","","false","","false","false","","","42431184923650199","","","","","","","","",""
"a0XWE000002gDQl2AM","005al00000RVcKvAAL","false","PPP Internal UI MIgration Group","","ppp-internal-ui-migration","","false","","false","false","","","42433473118660760","","","","","","","","",""
"a0XWE000002gDQm2AM","005al00000RVcKvAAL","false","zzzMASTER-Loan - Default","","m-loan-default","","false","","false","false","","m-loan-default","42437678991602102","PSO Clone - Not Used","","","","","","","",""
"a0XWE000002gDSY2A2","005al00000RVcKvAAL","false","Account Covenant","","COV_Account","","false","","false","false","","","42441109320717903","","","","","","","","",""
"a0XWE000002lTjy2AE","005al00000RVcKvAAL","false","CP Group_PC_B","","CP_UIConfig_PC_B","","false","","false","false","a0XWE000002lTjx2AE","","42441637495453175","","","","","","","","",""
"a0XWE000002gDQn2AM","005al00000RVcKvAAL","false","MASTER-Loan - Commercial","","m-commercial","","false","","false","false","","m-commercial","42444854997057659","","","","","","","","",""
"a0XWE000002lTkB2AU","005al00000RVcKvAAL","false","Incoming DomesticMaintenance","","tmmg-incomingdomestic-00","","false","","false","false","","tmmg-incomingdomestic-00","424503142081752871","","","","","","","","",""
"a0XWE000002gDQo2AM","005al00000RVcKvAAL","false","zzzMASTER-Loan - Card","","m-card","","false","","false","false","","m-card","42454587536386082","PSO Clone - Not Used","","","","","","","",""
"a0XWE000002gDQp2AM","005al00000RVcKvAAL","false","Modifications","","mod-ques","","false","","false","true","","","42458316506614920","","","","","","","","",""
"a0XWE000002lTjt2AE","005al00000RVcKvAAL","false","CP Group_M_01","","CP_UIConfig_M_01","","false","","false","false","","","42464756623077839","","","","","","","","",""
"a0XWE000002gDTe2AM","005al00000RVcKvAAL","false","DMW Comments Group","","DMW_Ancillary_Revenue_Modal_2","","false","","false","false","a0XWE000002gDTd2AM","","42481350694044625","","","","","","","","",""
"a0XWE000002lTjp2AE","005al00000RVcKvAAL","false","DT1 - Group","Business Account","DT1 - App","Online Application","false","","false","false","a0XWE000002gDR52AM","","42489519205494621","DT1-Descirption","","","","","","","",""
"a0XWE000002gDQq2AM","005al00000RVcKvAAL","false","Overdraft Protection","","tmmg-OverdraftProtection00-00","","false","","false","false","","","42489799916656404","","","","","","","","",""
"a0XWE000002gDSo2AM","005al00000RVcKvAAL","false","DocuSign","","docusign","","false","","false","false","","docusign","42493559830866569","","","","","","","","",""
"a0XWE000002gDTM2A2","005al00000RVcKvAAL","false","Test","","tmmg-Test00-00","","false","","false","false","","tmmg-Test00-00","42511983079847080","","","","","","","","",""
"a0XWE000002gDQr2AM","005al00000RVcKvAAL","false","Consumer Loan Application","","Portal-Consumerloan","Online Application","false","","false","false","","","42514900743257265","","","","","","","","",""
"a0XWE000002gDQs2AM","005al00000RVcKvAAL","false","Loan - Leasing Finance","","loan-leasing1","","false","","false","false","","","42515921512498608","","","","","","","","",""
"a0XWE000002gDQt2AM","005al00000RVcKvAAL","false","zzzSession (Not Used) - Unsecured Term Loan","","term","","false","","false","false","","term","42522017816930892","Packaged - Do not use as this is not maintained (Summer 19)","","","","","","","",""
"a0XWE000002gDQu2AM","005al00000RVcKvAAL","false","Residential Mortgage Refinance","","res-mtg-refi","","false","","false","false","","","42523876387995300","","","","","","","","",""
"a0XWE000002gDQv2AM","005al00000RVcKvAAL","false","OB Security Tokens","","tmmg-OBSecurityTokens00-00","","false","","false","false","","","42529052326675346","","","","","","","","",""
"a0XWE000002gDSa2AM","005al00000Q6IbCAAV","false","Priority Manager","","pm-baseline-tabs","Priority Manager","false","","false","false","","","42542049377261120","","","","","","","","",""
"a0XWE000002gDSp2AM","005al00000RVcKvAAL","false","Product Package Details","","pp-details","","false","","false","false","","pp-details","42543592196307027","","","","","","","","",""
"a0XWE000002gDSq2AM","005al00000RVcKvAAL","false","nCino UI Builder","","uiconfig","","false","","false","false","","uiconfig","42557072293211678","Supports the UI Builder in nCino Administration","","","","","","","",""
"a0XWE000002gDSr2AM","005al00000RVcKvAAL","false","Deposit Beneficiary Maintenance","","dep-pm-beneficiary","","false","","false","false","","dep-pm-beneficiary","42557821139915648","","","","","","","","",""
"a0XWE000002gDQw2AM","005al00000RVcKvAAL","false","ATM Card","","tmmg-ATMCard00-00","","false","","false","false","","","42566272836805749","","","","","","","","",""
"a0XWE000002lTju2AE","005al00000RVcKvAAL","false","CP Group_M_02","","CP_UIConfig_M_02","","false","","false","false","a0XWE000002lTjt2AE","","4257359111357276","","","","","","","","",""
"a0XWE000002gDQx2AM","005al00000RVcKvAAL","false","OB Account Analysis","","tmmg-OBAccountAnalysis00-00","","false","","false","false","","","42578665056335882","","","","","","","","",""
"a0XWE000002gDQy2AM","005al00000RVcKvAAL","false","LOE-Loan-Post-SBA-Conventional","","loe-loanpost","","false","","false","false","","","42579924154253314","","","","","","","","",""
"a0XWE000002gDQz2AM","005al00000RVcKvAAL","false","Loan - SBA","","sba","","false","","false","false","","","42582460515911323","","","","","","","","",""
"a0XWE000002gDR02AM","005al00000RVcKvAAL","false","CRA","","","","false","","false","true","","","42587259055558994","","","","","","","","",""
"a0XWE000002gDR12AM","005al00000RVcKvAAL","false","Loan - Consumer","","consumer","","false","","false","false","","","42588531478698473","","","","","","","","",""
"a0XWE000002gDR22AM","005al00000RVcKvAAL","false","Bill Pay","","tmmg-BillPay00-00","","false","","false","false","","","42591881211107573","","","","","","","","",""
"a0XWE000002gDR32AM","005al00000RVcKvAAL","false","Treasury - Remote Deposit","","Remote-Deposit","","false","","false","false","","","42593960257694441","","","","","","","","",""
"a0XWE000002gDR42AM","005al00000RVcKvAAL","false","Checks Deposited","","tmmg-ChecksDeposited00-00","","false","","false","false","","","42595872270071168","","","","","","","","",""
"a0XWE000002lTk42AE","005al00000RVcKvAAL","false","CP UIConfig_QP_Prod_Select","","CP_UIConfig_QP_Prod_Select","","false","","false","false","","","42597781057786087","","","","","","","","",""
"a0XWE000002gDR52AM","005al00000RVcKvAAL","false","1st group","","1st group","","false","","false","false","","","42597968508959939","","","","","","","","",""
"a0XWE000002lTkH2AU","005al00000RVcKvAAL","false","CP Group_PI","","CP_Group_PI","","false","","false","false","a0XWE000002lTkI2AU","","42598429762521614","","","","","","","","",""
"a0XWE000002gDR62AM","005al00000RVcKvAAL","false","Wire Outgoing ManualMaintenance","","tmmg-wireoutgoingmanual-00","","false","","false","false","","","426034127026778311","","","","","","","","",""
"a0XWE000002gDR72AM","005al00000RVcKvAAL","false","Retail LockboxMaintenance","","tmmg-retaillockbox-00","","false","","false","false","","","4260341270267783111","","","","","","","","",""
"a0XWE000002gDR82AM","005al00000RVcKvAAL","false","Remote DepositMaintenance","","tmmg-remotedeposit-00","","false","","false","false","","","4260341270267783121","","","","","","","","",""
"a0XWE000002gDR92AM","005al00000RVcKvAAL","false","Zero Balance AccountMaintenance","","tmmg-zerobalanceaccount-00","","false","","false","false","","","4260341270267783131","","","","","","","","",""
"a0XWE000002gDSs2AM","005al00000RVcKvAAL","false","Counterparty Report","","counterparty-report","","false","","false","false","","counterparty-report","42604168176930459","","","","","","","","",""
"a0XWE000002gDSt2AM","005al00000RVcKvAAL","false","Loan Customer Creation Business","","loan-cc-bus","","false","","false","false","","loan-cc-bus","42604178718324788","","","","","","","","",""
"a0XWE000002gDSu2AM","005al00000RVcKvAAL","false","Reg W","","Reg-W","","false","","false","true","","","42609568878702857","Used in the Compliance Route in the Loan UI","","","","","","","",""
"a0XWE000002gDTZ2A2","005al00000RVcKvAAL","false","a2B79000000trJf","","","","false","","false","false","","","42610199779082994","","","","","","","","",""
"a0XWE000002gDRA2A2","005al00000RVcKvAAL","false","ACH Block and Filter","","tmmg-ACHBlockandFilter00-00","","false","","false","false","","","42616403597651882","","","","","","","","",""
"a0XWE000002gDRB2A2","005al00000RVcKvAAL","false","Customer Portal","","customer-portal","Customer Dashboard","false","","false","false","","customer-portal","42618985083488670","","","","","","","","",""
"a0XWE000002gDRC2A2","005al00000RVcKvAAL","false","Reg O Loan Questionnaire","","","","false","","false","true","","","42619981783916507","","","","","","","","",""
"a0XWE000002gDRD2A2","005al00000RVcKvAAL","false","Deposit Adjustment","","tmmg-DepositAdjustment00-00","","false","","false","false","","","42620712357920306","","","","","","","","",""
"a0XWE000002gDSv2AM","005al00000RVcKvAAL","false","CRA","","CRA","","false","","false","true","","","42628075973481801","Used in the Compliance Route in the Loan UI","","","","","","","",""
"a0XWE000002gDRE2A2","005al00000RVcKvAAL","false","OB Loan Module","","tmmg-OBLoanModule00-00","","false","","false","false","","","42629436023108108","","","","","","","","",""
"a0XWE000002gDSw2AM","005al00000RVcKvAAL","false","Treasury Proforma","","treasury-proforma","","false","","false","false","","treasury-proforma","42632675207231296","","","","","","","","",""
"a0XWE000002gDRF2A2","005al00000RVcKvAAL","false","zzzSession (Not Used) - Vehicle Loan","","veh-loan-grp","","false","","false","false","","veh-loan-grp","42633052120866545","Packaged - Do not use as this is not maintained (Summer 19)","","","","","","","",""
"a0XWE000002gDSx2AM","005al00000RVcKvAAL","false","Relationship","","relationship","","false","","false","false","","relationship","42635757875411396","","","","","","","","",""
"a0XWE000002gDSy2AM","005al00000RVcKvAAL","false","Treasury Services","","treasury-default","","false","","false","false","","treasury-default","42641407286729576","","","","","","","","",""
"a0XWE000002gDRG2A2","005al00000RVcKvAAL","false","Pa1test","","test","","false","","false","false","a0XWE000002gDR52AM","","42649082600446183","","","","","","","","",""
"a0XWE000002gDRH2A2","005al00000RVcKvAAL","false","Reg W","","","","false","","false","true","","","42653793309322418","","","","","","","","",""
"a0XWE000002gDRI2A2","005al00000RVcKvAAL","false","Secured Retail Loan Application","","portal-rl-secured","","false","","false","false","","portal-rl-secured","42655019862816908","","","","","","","","",""
"a0XWE000002gDTf2AM","005al00000RVcKvAAL","false","DMW Additional Income Group","","DMW_Ancillary_Revenue_Modal_1","","false","","false","false","a0XWE000002gDTd2AM","","42658409791791901","","","","","","","","",""
"a0XWE000002gDRJ2A2","005al00000RVcKvAAL","false","Secured Small Business Loan Application (Individual Other Involved)","","portal-sbl-secured-other","","false","","false","false","a0XWE000002gDQ12AM","portal-sbl-secured-other","42658790117959030","","","","","","","","",""
"a0XWE000002gDRK2A2","005al00000RVcKvAAL","false","Checks","","tmmg-Checks00-00","","false","","false","false","","","42659953253932440","","","","","","","","",""
"a0XWE000002gDRL2A2","005al00000RVcKvAAL","false","Residential Mortgage Purchase","","res-mtg-purchs","","false","","false","false","","","42660392346979059","","","","","","","","",""
"a0XWE000002gDRM2A2","005al00000RVcKvAAL","false","Loan Gold Questions","","","","false","","false","true","","","42662481910622078","","","","","","","","",""
"a0XWE000002gDRN2A2","005al00000RVcKvAAL","false","Deposit Application (Individual) - Additional Owner","","portal-perdep-owner-odao","Online Application","false","","false","false","a0XWE000002gDQL2A2","portal-perdep-owner-odao","42668082779579811","","","","","","","","",""
"a0XWE000002lTkL2AU","005al00000RVcKvAAL","false","CP Group_A","","CP_UIConfig_A","","false","","false","false","a0XWE000002lTkI2AU","","42668987580423819","","","","","","","","",""
"a0XWE000002lTkJ2AU","005al00000RVcKvAAL","false","CP Group_LT","","CP_Group_LT","","false","","false","false","a0XWE000002lTkI2AU","","42673131332051536","","","","","","","","",""
"a0XWE000002gDRO2A2","005al00000RVcKvAAL","false","DAO- Individual-Account Due Diligence","Deposit","dao-ind-add","null","false","null","false","true","","dao-ind-add","42677444022408553","null","","","","","","","",""
"a0XWE000002gDRP2A2","005al00000RVcKvAAL","false","Unsecured Line of Credit","","loc1","","false","","false","false","","","42679299595156119","","","","","","","","",""
"a0XWE000002gDTN2A2","005al00000RVcKvAAL","false","Add Product Verification","","","","false","","false","true","","","42679652685732093","","","","","","","","",""
"a0XWE000002lTjw2AE","005al00000RVcKvAAL","false","CP Group_M_04","","CP_UIConfig_M_04","","false","","false","false","a0XWE000002lTjt2AE","","42683608751546278","","","","","","","","",""
"a0XWE000002gDRQ2A2","005al00000RVcKvAAL","false","LOE-Loan-Booked-SBA-Conventional","","loe-loanbooked","","false","","false","false","","","42691508030600874","","","","","","","","",""
"a0XWE000002gDRR2A2","005al00000RVcKvAAL","false","Deposit Application (Business)","","portal-dep-bus","Online Application","false","","false","false","","portal-dep-bus","42693416628638679","","","","","","","","",""
"a0XWE000002lTk32AE","005al00000RVcKvAAL","false","CP UIConfig_QP_Post_Save","","CP_UIConfig_QP_Post_Save","","false","","false","false","a0XWE000002lTk22AE","","42696566775936216","","","","","","","","",""
"a0XWE000002gDRS2A2","005al00000RVcKvAAL","false","Account Analysis Statement","","tmmg-AccountAnalysisStatement01-00","","false","","false","false","","","42715393892623243","","","","","","","","",""
"a0XWE000002gDTO2A2","005al00000RVcKvAAL","false","Q1","","","","false","","false","true","","","42718787324244555","","","","","","","","",""
"a0XWE000002lTk52AE","005al00000RVcKvAAL","false","Priority Manager Sample View","","pm-sample-tabs","Priority Manager","false","","false","false","","","42733846488970299","","","","","","","","",""
"a0XWE000002lTkF2AU","005al00000RVcKvAAL","false","Wire Transfer Bundle","","tmmg-WireTransferBundle00-00","","false","","false","false","","tmmg-WireTransferBundle00-00","42738613727112277","","","","","","","","",""
"a0XWE000002gDRT2A2","005al00000RVcKvAAL","false","Forced Wire Transfer Wd","","tmmg-ForcedWireTransferWd00-00","","false","","false","false","","","42739838105768423","","","","","","","","",""
"a0XWE000002gDTa2AM","005al00000RVcKvAAL","false","Credit Card Online Application","Loan","credit-card-application-online-app","Online Application","false","","false","false","","","42743914440976539","","","","","","","","",""
"a0XWE000002gDRU2A2","005al00000RVcKvAAL","false","Deposit Application (Individual) - Additional Owner","","portal-perdep-owner","Online Application","false","","false","false","a0XWE000002gDQM2A2","","42747180529059436","","","","","","","","",""
"a0XWE000002gDSz2AM","005al00000RVcKvAAL","false","Deposit Customer Creation Individual","","dep-cc-ind","","false","","false","false","","dep-cc-ind","42753016822525984","","","","","","","","",""
"a0XWE000002lTjq2AE","005al00000RVcKvAAL","false","DT2-Group","Loan","DT2-App","Customer Dashboard","false","","false","false","a0XWE000002gDR52AM","","42754425689368252","","","","","","","","",""
"a0XWE000002gDT02AM","005al00000RVcKvAAL","false","MASTER-Product Package Details","","m-pp-details","","false","","false","false","","m-pp-details","42754447670500511","Used in the Product Package's Commercial Workspace flexipage.","","","","","","","",""
"a0XWE000002gDRV2A2","005al00000RVcKvAAL","false","Coin and Currency","","tmmg-CoinandCurrency00-00","","false","","false","false","","","42764696581352067","","","","","","","","",""
"a0XWE000002gDRW2A2","005al00000RVcKvAAL","false","Deposit Wall","","deposit-wall","","false","","false","false","","","42769676550390565","","","","","","","","",""
"a0XWE000002gDRX2A2","005al00000RVcKvAAL","false","OB Stop Payment","","tmmg-OBStopPayment00-00","","false","","false","false","","","42776404962862342","","","","","","","","",""
"a0XWE000002gDRY2A2","005al00000RVcKvAAL","false","HELOC Loan","","heloc-loan-grp1","","false","","false","false","","","42784148414399005","","","","","","","","",""
"a0XWE000002gDTP2A2","005al00000RVcKvAAL","false","QuesMeeta","","","","false","","false","true","","","42787560250831539","","","","","","","","",""
"a0XWE000002gDRZ2A2","005al00000RVcKvAAL","false","Deposit Booking UI","","deposit-booking","","false","","false","false","","deposit-booking","42788024293596456","","","","","","","","",""
"a0XWE000002gDRa2AM","005al00000RVcKvAAL","false","ARP Full","","tmmg-ARPFull00-00","","false","","false","false","","","42788061816231401","","","","","","","","",""
"a0XWE000002lTkI2AU","005al00000RVcKvAAL","false","CP Group_LO","","CP_Group_LO","","false","","false","false","","","42792010306096565","","","","","","","","",""
"a0XWE000002gDT12AM","005al00000RVcKvAAL","false","Deposit Ownership and Roles Maintenance","","dep-pm-structure-and-roles","","false","","false","false","","dep-pm-structure-and-roles","42792102819560802","","","","","","","","",""
"a0XWE000002gDRb2AM","005al00000RVcKvAAL","false","SNC","","","","false","","false","true","","","42799096368321312","","","","","","","","",""
"a0XWE000002gDTb2AM","005al00000RVcKvAAL","false","a2B79000000trJe","","","","false","","false","false","","","42799308258248044","","","","","","","","",""
"a0XWE000002gDRc2AM","005al00000RVcKvAAL","false","Covenant Mgmt","","llc-bi--covenant2","","false","","false","false","","","42800643343195458","","","","","","","","",""
"a0XWE000002gDRd2AM","005al00000RVcKvAAL","false","Small Business Loan Workflow","","sbl-group","","false","","false","false","","sbl-group","42806046586701337","","","","","","","","",""
"a0XWE000002gDRe2AM","005al00000RVcKvAAL","false","Return Deposited Item","","tmmg-ReturnDepositedItem00-00","","false","","false","false","","","42808642688529097","","","","","","","","",""
"a0XWE000002gDRf2AM","005al00000RVcKvAAL","false","Direct Deposit","","tmmg-DirectDeposit00-00","","false","","false","false","","","42814953076653538","","","","","","","","",""
"a0XWE000002gDRg2AM","005al00000RVcKvAAL","false","Wire Notification","","tmmg-WireNotification00-00","","false","","false","false","","","42815272644690869","","","","","","","","",""
"a0XWE000002lTkK2AU","005al00000RVcKvAAL","false","CP Group_IR","","CP_Group_IR","","false","","false","false","a0XWE000002lTkI2AU","","42821210396974891","","","","","","","","",""
"a0XWE000002gDRh2AM","005al00000RVcKvAAL","false","Account Analysis Statement","","tmmg-AccountAnalysisStatement00-00","","false","","false","false","","","42837017047787376","","","","","","","","",""
"a0XWE000002gDT22AM","005al00000RVcKvAAL","false","CD Renewal","","dep-pm-renew-cd","","false","","false","false","","dep-pm-renew-cd","42837111203817960","","","","","","","","",""
"a0XWE000002gDTg2AM","005al00000RVcKvAAL","false","DMW Treasury Income Group","","DMW_Ancillary_Revenue_Modal_0","","false","","false","false","a0XWE000002gDTd2AM","","42839940097258523","","","","","","","","",""
"a0XWE000002gDRi2AM","005al00000RVcKvAAL","false","Leasing Group","","Leasing-retail1","","false","","false","false","","","42843662834659469","","","","","","","","",""
"a0XWE000002gDRj2AM","005al00000RVcKvAAL","false","Unsecured Term Loan","","term1","","false","","false","false","","","42844470492818289","","","","","","","","",""
"a0XWE000002gDRk2AM","005al00000RVcKvAAL","false","Productized Retail Lending","","productized-retail-lending","","false","The productized route group includes the retail route templates required for a faster configuration and implementation  experience. Users must clone this group as needed for each loan product type as this specific route group is template-only.","false","false","","productized-retail-lending","42845150078169205","","","","","","","","",""
"a0XWE000002gDRl2AM","005al00000RVcKvAAL","false","Application","","llc-bi--application","","false","","false","false","","","42848229011907454","","","","","","","","",""
"a0XWE000002lTkC2AU","005al00000RVcKvAAL","false","ACH Origination","","tmmg-ACHOrigination00-00","","false","","false","false","","tmmg-ACHOrigination00-00","42857492652523047","","","","","","","","",""
"a0XWE000002gDRm2AM","005al00000RVcKvAAL","false","Sweep","","tmmg-Sweep00-00","","false","","false","false","","","42859800291646632","","","","","","","","",""
"a0XWE000002gDT32AM","005al00000RVcKvAAL","false","Loan","","loan","","false","","false","false","","loan","42873438710069149","","","","","","","","",""
"a0XWE000002gDT42AM","005al00000RVcKvAAL","false","Loan Customer Creation Individual","","loan-cc-ind","","false","","false","false","","loan-cc-ind","42874089776727817","","","","","","","","",""
"a0XWE000002gDRn2AM","005al00000RVcKvAAL","false","OB Bundle","","tmmg-OBBundle00-00","","false","","false","false","","","42876938326776748","","","","","","","","",""
"a0XWE000002gDRo2AM","005al00000RVcKvAAL","false","Small Business Loan Application","","portal-sbloan","Online Application","false","","false","false","","portal-sbloan","42877593676380574","","","","","","","","",""
"a0XWE000002gDTQ2A2","005al00000RVcKvAAL","false","Secured Retail Loan Application (Individual Other Involved)","","portal-rl-secured-other","","false","","false","false","a0XWE000002gDRI2A2","portal-rl-secured-other","42884066139848024","","","","","","","","",""
"a0XWE000002gDRp2AM","005al00000RVcKvAAL","false","Deposit Application (Business) Additional Owner","","portal-dep-owner","Online Application","false","","false","false","a0XWE000002gDRR2A2","portal-dep-owner","42884073905355528","","","","","","","","",""
"a0XWE000002gDSW2A2","005al00000RVcKvAAL","false","a2B780000001mvt","","","","false","","false","false","","","42886989060141023","","","","","","","","",""
"a0XWE000002gDRq2AM","005al00000RVcKvAAL","false","ARP Partial","","tmmg-ARPPartial00-00","","false","","false","false","","","42891193703210100","","","","","","","","",""
"a0XWE000002gDRr2AM","005al00000RVcKvAAL","false","Business Debit Card","","tmmg-BusinessDebitCard01-00","","false","","false","false","","","42899443307354903","","","","","","","","",""
"a0XWE000002lTjn2AE","005al00000RVcKvAAL","false","CRE Financing Questionnaire","","","","false","","false","true","","","42903181595034252","","","","","","","","",""
"a0XWE000002gDRs2AM","005al00000RVcKvAAL","false","Unsecured Small Business Loan Workflow","","sbl-unsec-group","","false","","false","false","","sbl-unsec-group","42903851954541033","","","","","","","","",""
"a0XWE000002lTk72AE","005al00000RVcKvAAL","false","Product Package Deal Proposal","","PPDealProp","","false","","false","false","","","42904795160609748","","","","","","","","",""
"a0XWE000002gDRt2AM","005al00000RVcKvAAL","false","Loan - Commercial","","loan1","","false","","false","false","","","42912109734307319","","","","","","","","",""
"a0XWE000002gDT52AM","005al00000RVcKvAAL","false","DocuSign - Default","","docusign-default","","false","","false","false","","docusign-default","42921740115752574","","","","","","","","",""
"a0XWE000002gDRu2AM","005al00000RVcKvAAL","false","Business Questionnaire (Button Group)","","business-questionnaire-button","","false","","false","false","","","42922192505793972","","","","","","","","",""
"a0XWE000002gDRv2AM","005al00000RVcKvAAL","false","Unsecured Small Business Loan Workflow","","sbl-unsec-group1","","false","","false","false","","","42926721888755667","","","","","","","","",""
"a0XWE000002gDTR2A2","005al00000RVcKvAAL","false","Test 2","","tmmg-Test200-00","","false","","false","false","","tmmg-Test200-00","42929089401890532","","","","","","","","",""
"a0XWE000002lTjr2AE","005al00000RVcKvAAL","false","San group","","test2","","false","","false","false","","","42932928528581350","","","","","","","","",""
"a0XWE000002gDRw2AM","005al00000RVcKvAAL","false","ACH Credit","","tmmg-ACHCredit00-00","","false","","false","false","","","42939241993680442","","","","","","","","",""
"a0XWE000002gDRx2AM","005al00000RVcKvAAL","false","Account Reconciliation Services","","tmmg-AccountReconciliationServices00-00","","false","","false","false","","","42939322020636023","","","","","","","","",""
"a0XWE000002gDT62AM","005al00000RVcKvAAL","false","Business KYC","","bus-kyc","","false","","false","true","","","42940369988812827","","","","","","","","",""
"a0XWE000002gDRy2AM","005al00000RVcKvAAL","false","Relationship - Default","","relationship-default","","false","","false","false","","relationship-default","42943134305184229","","","","","","","","",""
"a0XWE000002lTjl2AE","005al00000RVcKvAAL","false","Individual KYC","Individual Account","ind-questionnaire","","false","","false","true","","ind-questionnaire","42944583575018160","","","","","","","","",""
"a0XWE000002gDT72AM","005al00000RVcKvAAL","false","nCino Administration","","admin","","false","","false","false","","admin","42945668722646292","Drives the experience when accessing the ""nCino Administration"" app","","","","","","","",""
"a0XWE000002lTk22AE","005al00000RVcKvAAL","false","CP UIConfig_QP_01","","CP_UIConfig_QP_01","","false","","false","false","","","42947460186763433","","","","","","","","",""
"a0XWE000002gDRz2AM","005al00000RVcKvAAL","false","Research","","tmmg-Research00-00","","false","","false","false","","","42953266095278948","","","","","","","","",""
"a0XWE000002gDS02AM","005al00000RVcKvAAL","false","Small Business Loan Application (Individual Other Involved)","","portal-sbl-ind-other","","false","","false","false","a0XWE000002gDRo2AM","portal-sbl-ind-other","42963370448176169","","","","","","","","",""
"a0XWE000002gDT82AM","005al00000RVcKvAAL","false","New Loan Product","","new-loan","","false","","false","false","","new-loan","42964014987709751","","","","","","","","",""
"a0XWE000002gDS12AM","005al00000RVcKvAAL","false","Individual Questionnaire (Button Group)","","individual-questionnaire-button","","false","","false","false","","","42968451330376803","","","","","","","","",""
"a0XWE000002gDSZ2A2","005al00000RVcKvAAL","false","Loan Covenant","","COV_Loan","","false","","false","false","","","42974329455514665","","","","","","","","",""
"a0XWE000002gDS22AM","005al00000RVcKvAAL","false","Controlled Disbursement","","tmmg-ControlledDisbursement00-00","","false","","false","false","","","42994799597081279","","","","","","","","",""
"a0XWE000002gDTS2A2","005al00000RVcKvAAL","false","KYC Onboarding","","","","false","","true","true","","","42997644533406082","","","","","","","","",""
"a0XWE000002gDTT2A2","005al00000RVcKvAAL","false","AML/KYC Questionnaire - Business","Loan","","","false","","false","true","","","42999629887234975","","","","","","","","",""
"a0XWE000002gDT92AM","005al00000RVcKvAAL","false","Retail Loan","","retail-loan","","false","","false","false","","retail-loan","46461560278745196","","","","","","","","",""
"a0XWE000002gDS32AM","005al00000RVcKvAAL","false","Reg O Loan Questionnaire","","","","false","","false","true","","","495D11641D15481EAF65046837694C2D","","","","","","","","",""
"a0XWE000002gDS42AM","005al00000RVcKvAAL","false","MASTER Loan Booked","","m-loan-booked","","false","","false","false","","m-loan-booked","49741620937669910","test","","","","","","","",""
"a0XWE000002gDS52AM","005al00000RVcKvAAL","false","Business KYC","","","","false","","false","true","","","51174A2B04174F48BC4E7B383871201C","","","","","","","","",""
"a0XWE000002gDS62AM","005al00000RVcKvAAL","false","Unsecured Retail Loan Online Application (Individual Other Involved)","Loan","unsecured-retail-loan-online-application--individual-other-involved","Online Application","false","","false","false","a0XWE000002gDS82AM","unsecured-retail-loan-online-application--individual-other-involved","51611603130192527","","","","","","","","",""
"a0XWE000002gDS72AM","005al00000RVcKvAAL","false","Secured Retail Loan Online Application (Individual Other Involved)","Loan","secured-retail-loan-online-application--individual-other-involved","Online Application","false","","false","false","a0XWE000002gDSJ2A2","secured-retail-loan-online-application--individual-other-involved","56841602603006905","","","","","","","","",""
"a0XWE000002gDS82AM","005al00000RVcKvAAL","false","Unsecured Retail Loan Online Application","Loan","unsecured-retail-loan-online-application","Online Application","false","","false","false","","unsecured-retail-loan-online-application","60411603129896006","","","","","","","","",""
"a0XWE000002gDS92AM","005al00000RVcKvAAL","false","LOB-SBA-Paycheck","","lob-sba-paycheck","","false","","false","false","","","64182C3C563742558122286F3A310A51","","","","","","","","",""
"a0XWE000002lTkG2AU","005al00000RVcKvAAL","false","Custom Retail Loan","","custom-retail","","false","","false","false","","custom-retail","654654983652136549876251","","","","","","","","",""
"a0XWE000002gDSA2A2","005al00000RVcKvAAL","false","Loan - Residential Mortgage Purchase - APAC","","apac-res-mtg-purchase","","false","","false","false","","","661A5471073A49118B14037E561B610A","","","","","","","","",""
"a0XWE000002gDTA2A2","005al00000RVcKvAAL","false","MASTER Loan Post Approval","","m-loan-post-approval","","false","","false","false","","m-loan-post-approval","66341619447512452","Used in the Loan object's Commercial Workspace flexipage. Displays during Loan Stages during and after Approval.","","","","","","","",""
"a0XWE000002gDSX2A2","005al00000RVcKvAAL","false","Deposit Account Origination - Baseline","","deposit-account-origination---baseline","","false","","false","false","","deposit-account-origination_2023R1","73581701790660761","","","","","","","","",""
"a0XWE000002gDSB2A2","005al00000RVcKvAAL","false","Reg W","","","","false","","false","true","","","7459046C4536495BB95D35126F1E4F60","","","","","","","","",""
"a0XWE000002gDSC2A2","005al00000RVcKvAAL","false","HVCRE","","","","false","","false","true","","","794F2F0C57694D199104622D0E1F3033","","","","","","","","",""
"a0XWE000002gDSD2A2","005al00000RVcKvAAL","false","lobloanbooked","","lobloanbooked","","false","","false","false","","","7E560B786D584970AE52394141683224","","","","","","","","",""
"a0XWE000002gDSE2A2","005al00000RVcKvAAL","false","MASTER-Loan - Retail","","m-retail","","false","","false","false","","m-retail","80561560278865441","","","","","","","","",""
"a0XWE000002lTjs2AE","005al00000RVcKvAAL","false","TM ACH Origination","","tm-ach-origination","","false","","false","false","","tm-ach-origination","81401621360604189","","","","","","","","",""
"a0XWE000002gDSF2A2","005al00000RVcKvAAL","false","Small Business Loan Post Approval UI","","small-business-loan-post-approval-ui","","false","The productized route group includes the retail route templates required for a faster configuration and implementation  experience. Users must clone this group as needed for each loan product type as this specific route group is template-only.","false","false","","retail-loan-ui","88091663700612060","","","","","","","","",""
"a0XWE000002gDSG2A2","005al00000RVcKvAAL","false","Retail Loan- Post Approval UI","","retail-loan--post-approval-ui","","false","The productized route group includes the retail route templates required for a faster configuration and implementation  experience. Users must clone this group as needed for each loan product type as this specific route group is template-only.","false","false","","retail-loan--post-approval-ui","89621602764612697","","","","","","","","",""
"a0XWE000002gDTU2A2","005al00000RVcKvAAL","false","Small Business Loan UI","","small-business-loan-ui","","false","The productized route group includes the retail route templates required for a faster configuration and implementation  experience. Users must clone this group as needed for each loan product type as this specific route group is template-only.","false","false","","small-business-loan-ui","91991600720340913","","","","","","","","",""
"a0XWE000002gDSH2A2","005al00000RVcKvAAL","false","SBA-Paycheck","","sba-paycheck","","false","","false","false","","","92721585311454918","","","","","","","","",""
"a0XWE000002gDSI2A2","005al00000RVcKvAAL","false","Second Draw Forgiveness","","second-draw-forgiveness","","false","","false","false","","","95161613054558756","","","","","","","","",""
"a0XWE000002gDSJ2A2","005al00000RVcKvAAL","false","Secured Retail Loan Online Application","Loan","secured-retail-loan-online-application","Online Application","false","","false","false","","secured-retail-loan-online-application","95231602078250452","","","","","","","","",""
"a0XWE000002gDTB2A2","005al00000RVcKvAAL","false","MASTER-Treasury Services","","master-treasury-services","","false","","false","false","","master-treasury-services","95821567002558847","","","","","","","","",""
"a0XWE000002gDSK2A2","005al00000RVcKvAAL","false","Retail Loan UI","","retail-loan-ui","","false","The productized route group includes the retail route templates required for a faster configuration and implementation  experience. Users must clone this group as needed for each loan product type as this specific route group is template-only.","false","false","","retail-loan-ui","96991600720267323","","","","","","","","",""
"a0XWE000002gDTE2A2","005al00000Q6IbCAAV","false","Deal Proposal - Product Package","","deal-proposal-pp","","true","","false","false","","","DPPP42501614037730000","","","","","","","","",""
"a0XWE000002gDTG2A2","005al00000RVcKvAAL","false","Session (MASTER) - HELOC Loan","","heloc-loan-grp","","false","","false","false","","heloc-loan-grp","NotHelocSpecific-UseforAllRetail","Packaged - This is 1 of 4 packaged Groups used for Retail.  As a Gold Standard, this is the baseline to clone and begin configuration.  The other 3 Session Groups are not maintained at this time (Summer 19)","","","","","","","",""
"a0XWE000002gDSL2A2","005al00000RVcKvAAL","false","LOE-LoanPre-SBA-Conventional","","loe-loanpre","","false","","false","false","","","PreLOEConventional","","","","","","","","",""
"a0XWE000002gDSM2A2","005al00000RVcKvAAL","false","Reg O Loan Questionnaire_DL","","oan.questionnaire-rego","","false","","false","true","","","a2B3k000002eimBEAQ","","","","","","","","",""
"a0XWE000002gDSN2A2","005al00000RVcKvAAL","false","HVCRE_DL","","loan.questionnaire-hvcre","","false","","false","true","","","a2B3k000002eimDEAQ","","","","","","","","",""
"a0XWE000002gDSO2A2","005al00000RVcKvAAL","false","CRA_DL","","loan.questionnaire-cra","","false","","false","true","","","a2B3k000002eimEEAQ","","","","","","","","",""
"a0XWE000002gDSP2A2","005al00000RVcKvAAL","false","Product Package Details LOB PWC","","pp-details-lob-pwc","","false","","false","false","","","a2B3k000002eimFEAQ","","","","","","","","",""
"a0XWE000002gDSQ2A2","005al00000RVcKvAAL","false","SBA-Loan-Pre-LOB-PWC","","sba-loanpre-lob-pwc","","false","","false","false","","","a2B3k000002eimhEAA","","","","","","","","",""
"a0XWE000002gDSR2A2","005al00000RVcKvAAL","false","lobloanbooked-LOB-PWC","","lobloanbooked-lob-pwc","","false","","false","false","","","a2B3k000002eimxEAA","","","","","","","","",""
"a0XWE000002gDSS2A2","005al00000RVcKvAAL","false","SBA-Loan-Post-LOB-PWC","","sba-loanpost-lob-pwc","","false","","false","false","","","a2B3k000002eimyEAA","","","","","","","","",""
"a0XWE000002gDTC2A2","005al00000RVcKvAAL","false","Deal Management Workspace: Loan","","dmw-group-loan","","false","","false","false","","","dmwui-42926525468","","","","","","","","",""
"a0XWE000002gDTD2A2","005al00000RVcKvAAL","false","Deal Management Workspace: Treasury","","dmw-group-treasury","","false","","false","false","","","dmwui-42947458925","","","","","","","","",""
"a0XWE000002gDST2A2","005al00000RVcKvAAL","false","LOE-Loan-SBA-Conventional","","loe.loan","","false","","false","false","","","loeSBAandConventional","","","","","","","","",""
"a0XWE000002gDTF2A2","005al00000RVcKvAAL","false","New Relationship","","new-relationship","","false","","false","false","","new-relationship","new-relationship","","","","","","","","",""
"a0XWE000002gDTH2A2","005al00000RVcKvAAL","false","Relationship Loans Treegrid","","relationship-loans-treegrid","","false","","false","false","","relationship-loans-treegrid","rcaui-42318683902","","","","","","","","",""
"a0XWE000002gDSU2A2","005al00000RVcKvAAL","false","Small Business Loan - Business - KYC","Loan","small-business-loan-bus-kyc","Online Application","false","","false","true","","","small-business-loan-bus-kyc","","","","","","","","",""
"a0XWE000002gDSV2A2","005al00000RVcKvAAL","false","Small Business Loan Application (Individual Other Involved)","","small-business-loan-individual-online-application-other-involved","Online Application","false","","false","false","a0XWE000002gDRo2AM","portal-sbl-ind-other","small-business-loan-individual-online-application-other-involved","","","","","","","","",""
