"Id","OwnerId","IsDeleted","Name","nFORCE__Category__c","nFORCE__Generator_Class__c","nFORCE__Layout_Description__c","nFORCE__Layout_Preview_Image__c","nFORCE__Visualforce_Page__c","nFORCE__lookupKey__c"
"a0bWE000001bbInYAI","005al00000RVcKvAAL","false","TwoColumnGrid","","Html.Layouts.TwoColumnGrid","","","","01081666029078575"
"a0bWE000001bbHiYAI","005al00000RVcKvAAL","false","TableLayout","","Html.Layouts.TableLayout","","","","01681619447516419"
"a0bWE000001bbHpYAI","005al00000RVcKvAAL","false","TableLayout","","Html.Layouts.TableLayout","","","","04431620937673263"
"a0bWE000001bbHPYAY","005al00000RVcKvAAL","false","TwoColumnGrid","","Html.Layouts.TwoColumnGrid","","","","06041619447516421"
"a0bWE000001bbILYAY","005al00000RVcKvAAL","false","TwoColumnGrid","","Html.Layouts.TwoColumnGrid","","","","07351640791249090"
"a0bWE000001bbIbYAI","005al00000RVcKvAAL","false","TwoColumnGrid","","Html.Layouts.TwoColumnGrid","","","","11821663700626751"
"a0bWE000001bbHuYAI","005al00000RVcKvAAL","false","SingleColumnGrid","","Html.Layouts.SingleColumnGrid","","","","12551620937673259"
"a0bWE000001bbIPYAY","005al00000RVcKvAAL","false","TableLayout","","Html.Layouts.TableLayout","","","","13621640791249091"
"a0bWE000001bbIMYAY","005al00000RVcKvAAL","false","TwoColumnGrid","","Html.Layouts.TwoColumnGrid","","","","14301640791249090"
"a0bWE000001bbGTYAY","005al00000RVcKvAAL","false","TwoColumnGrid","","Html.Layouts.TwoColumnGrid","","","","14431560278867960"
"a0bWE000001bbIXYAY","005al00000RVcKvAAL","false","TwoColumnGrid","","Html.Layouts.TwoColumnGrid","","","","15531663700626749"
"a0bWE000001bbHLYAY","005al00000RVcKvAAL","false","TwoColumnGrid","","Html.Layouts.TwoColumnGrid","","","","16931619447516420"
"a0bWE000001bbGeYAI","005al00000RVcKvAAL","false","TableLayout","","Html.Layouts.TableLayout","","","","16941567002572494"
"a0bWE000001bbIlYAI","005al00000RVcKvAAL","false","TwoColumnGrid","","Html.Layouts.TwoColumnGrid","","","","17201666029078572"
"a0bWE000001bbIIYAY","005al00000RVcKvAAL","false","TableLayout","","Html.Layouts.TableLayout","","","","18171640791249089"
"a0bWE000001bbIdYAI","005al00000RVcKvAAL","false","TableLayout","","Html.Layouts.TableLayout","","","","18881663700626752"
"a0bWE000001bbHqYAI","005al00000RVcKvAAL","false","TableLayout","","Html.Layouts.TableLayout","","","","19081620937673264"
"a0bWE000001bbIgYAI","005al00000RVcKvAAL","false","NoLayout","","Html.Layouts.NoLayout","","","","19751663700626753"
"a0bWE000001bbIiYAI","005al00000RVcKvAAL","false","SingleColumnGrid","","Html.Layouts.SingleColumnGrid","","","","19811666029078570"
"a0bWE000001bbIqYAI","005al00000RVcKvAAL","false","TwoColumnGrid","","Html.Layouts.TwoColumnGrid","","","","20471666029078577"
"a0bWE000001bbKKYAY","005al00000RVcKvAAL","false","NoLayout","","Html.Layouts.NoLayout","","","","21931701790672164"
"a0bWE000001bbGVYAY","005al00000RVcKvAAL","false","NoLayout","","Html.Layouts.NoLayout","","","","23381560278867959"
"a0bWE000001bbIRYAY","005al00000RVcKvAAL","false","SingleColumnGrid","","Html.Layouts.SingleColumnGrid","","","","24071640791249091"
"a0bWE000001bbIeYAI","005al00000RVcKvAAL","false","NoLayout","","Html.Layouts.NoLayout","","","","26681663700626752"
"a0bWE000001bbIkYAI","005al00000RVcKvAAL","false","TwoColumnGrid","","Html.Layouts.TwoColumnGrid","","","","28431666029078571"
"a0bWE000001bbHmYAI","005al00000RVcKvAAL","false","NoLayout","","Html.Layouts.NoLayout","","","","32101620937673259"
"a0bWE000001bbHIYAY","005al00000RVcKvAAL","false","TwoColumnGrid","","Html.Layouts.TwoColumnGrid","","","","32291619447516420"
"a0bWE000001bbIGYAY","005al00000RVcKvAAL","false","TwoColumnGrid","","Html.Layouts.TwoColumnGrid","","","","33181640791249088"
"a0bWE000001bbHtYAI","005al00000RVcKvAAL","false","SingleColumnGrid","","Html.Layouts.SingleColumnGrid","","","","33721619447516419"
"a0bWE000001bbHXYAY","005al00000RVcKvAAL","false","TwoColumnGrid","","Html.Layouts.TwoColumnGrid","","","","36931620937673260"
"a0bWE000001bbHaYAI","005al00000RVcKvAAL","false","NoLayout","","Html.Layouts.NoLayout","","","","37061620937673260"
"a0bWE000001bbHJYAY","005al00000RVcKvAAL","false","NoLayout","","Html.Layouts.NoLayout","","","","37721619447516418"
"a0bWE000001bbIjYAI","005al00000RVcKvAAL","false","TwoColumnGrid","","Html.Layouts.TwoColumnGrid","","","","39161666029078571"
"a0bWE000001bbGlYAI","005al00000RVcKvAAL","false","TableLayout","","Html.Layouts.TableLayout","","","","42008310052836603"
"a0bWE000001bbHBYAY","005al00000RVcKvAAL","false","TableLayout","","Html.Layouts.TableLayout","","","","42013675635366865"
"a0bWE000001bbHvYAI","005al00000RVcKvAAL","false","TwoColumnGrid","","Html.Layouts.TwoColumnGrid","","","","42016067981473732"
"a0bWE000001bbHAYAY","005al00000RVcKvAAL","false","NoLayout","","Html.Layouts.NoLayout","","","","42017009139645992"
"a0bWE000001bbHSYAY","005al00000RVcKvAAL","false","SingleColumnGrid","","Html.Layouts.SingleColumnGrid","","","","42017786495228447"
"a0bWE000001bbHcYAI","005al00000RVcKvAAL","false","TwoColumnGrid","","Html.Layouts.TwoColumnGrid","","","","42021620937673261"
"a0bWE000001bbK3YAI","005al00000RVcKvAAL","false","TwoColumnGrid","","Html.Layouts.TwoColumnGrid","","","","42033228401313591"
"a0bWE000001bbGbYAI","005al00000RVcKvAAL","false","TwoColumnGrid","","Html.Layouts.TwoColumnGrid","","","","42036523911362091"
"a0bWE000001bbJnYAI","005al00000RVcKvAAL","false","TwoColumnGrid","","Html.Layouts.TwoColumnGrid","","","","42039572093539019"
"a0bWE000001bbJJYAY","005al00000RVcKvAAL","false","SingleColumnGrid","","Html.Layouts.SingleColumnGrid","","","","42049778531697351"
"a0bWE000001bbKTYAY","005al00000RVcKvAAL","false","NoLayout","","Html.Layouts.NoLayout","","","","42064818011116889"
"a0bWE000001bbKCYAY","005al00000RVcKvAAL","false","NoLayout","","Html.Layouts.NoLayout","","","","42067025052040486"
"a0bWE000001bbHlYAI","005al00000RVcKvAAL","false","TableLayout","","Html.Layouts.TableLayout","","","","42090202400194308"
"a0bWE000001bbI6YAI","005al00000RVcKvAAL","false","SingleColumnGrid","","Html.Layouts.SingleColumnGrid","","","","42101170605673483"
"a0bWE000001bbGHYAY","005al00000RVcKvAAL","false","TableLayout","","Html.Layouts.TableLayout","","","","42105134890155912"
"a0bWE000001bbIUYAY","005al00000RVcKvAAL","false","TableLayout","","Html.Layouts.TableLayout","","","","42108854549099994"
"a0bWE000001bbKAYAY","005al00000RVcKvAAL","false","NoLayout","","Html.Layouts.NoLayout","","","","42121105274579744"
"a0bWE000001bbJpYAI","005al00000RVcKvAAL","false","TwoColumnGrid","","Html.Layouts.TwoColumnGrid","","","","42122825360503074"
"a0bWE000001bbJzYAI","005al00000RVcKvAAL","false","TwoColumnGrid","","Html.Layouts.TwoColumnGrid","","","","42124524973539957"
"a0bWE000001bbI5YAI","005al00000RVcKvAAL","false","NoLayout","","Html.Layouts.NoLayout","","","","42128384429632577"
"a0bWE000001bbJxYAI","005al00000RVcKvAAL","false","TwoColumnGrid","","Html.Layouts.TwoColumnGrid","","","","42131145283009977"
"a0bWE000001bbIsYAI","005al00000RVcKvAAL","false","TwoColumnGrid","","Html.Layouts.TwoColumnGrid","","","","42132740410528679"
"a0bWE000001bbKSYAY","005al00000RVcKvAAL","false","TwoColumnGrid","","Html.Layouts.TwoColumnGrid","","","","42138412556312636"
"a0bWE000001bbKDYAY","005al00000RVcKvAAL","false","TwoColumnGrid","","Html.Layouts.TwoColumnGrid","","","","42142205537946280"
"a0bWE000001bbGxYAI","005al00000RVcKvAAL","false","TwoColumnGrid","","Html.Layouts.TwoColumnGrid","","","","42146492712301673"
"a0bWE000001bbJaYAI","005al00000RVcKvAAL","false","TwoColumnGrid","","Html.Layouts.TwoColumnGrid","","","","42154915137542190"
"a0bWE000001bbGIYAY","005al00000RVcKvAAL","false","NoLayout","","Html.Layouts.NoLayout","","","","42158968815928796"
"a0bWE000001bbJMYAY","005al00000RVcKvAAL","false","SingleColumnGrid","","Html.Layouts.SingleColumnGrid","","","","42167734081199139"
"a0bWE000001bbGMYAY","005al00000RVcKvAAL","false","TwoColumnGrid","","Html.Layouts.TwoColumnGrid","","","","42168663986795115"
"a0bWE000001bbJdYAI","005al00000RVcKvAAL","false","TwoColumnGrid","","Html.Layouts.TwoColumnGrid","","","","42168947653106517"
"a0bWE000001bbGyYAI","005al00000RVcKvAAL","false","NoLayout","","Html.Layouts.NoLayout","","","","42169342725117281"
"a0bWE000001bbJRYAY","005al00000RVcKvAAL","false","TwoColumnGrid","","Html.Layouts.TwoColumnGrid","","","","42187572563637373"
"a0bWE000001bbGJYAY","005al00000RVcKvAAL","false","TwoColumnGrid","","Html.Layouts.TwoColumnGrid","","","","42194119301197215"
"a0bWE000001bbK4YAI","005al00000RVcKvAAL","false","TwoColumnGrid","","Html.Layouts.TwoColumnGrid","","","","42202046283500101"
"a0bWE000001bbHwYAI","005al00000RVcKvAAL","false","TwoColumnGrid","","Html.Layouts.TwoColumnGrid","","","","42205369353959884"
"a0bWE000001bbGQYAY","005al00000RVcKvAAL","false","TwoColumnGrid","","Html.Layouts.TwoColumnGrid","","","","42207337910070284"
"a0bWE000001bbK7YAI","005al00000RVcKvAAL","false","TwoColumnGrid","","Html.Layouts.TwoColumnGrid","","","","42217380767340893"
"a0bWE000001bbIwYAI","005al00000RVcKvAAL","false","TwoColumnGrid","","Html.Layouts.TwoColumnGrid","","","","42217617873433254"
"a0bWE000001bbGtYAI","005al00000RVcKvAAL","false","TwoColumnGrid","","Html.Layouts.TwoColumnGrid","","","","42224690031248780"
"a0bWE000001bbG9YAI","005al00000RVcKvAAL","false","NoLayout","","Html.Layouts.NoLayout","","","","42231249819938106"
"a0bWE000001bbJPYAY","005al00000RVcKvAAL","false","SingleColumnGrid","","Html.Layouts.SingleColumnGrid","","","","42232075266317300"
"a0bWE000001bbJhYAI","005al00000RVcKvAAL","false","TwoColumnGrid","","Html.Layouts.TwoColumnGrid","","","","42233108867228155"
"a0bWE000001bbGrYAI","005al00000RVcKvAAL","false","TwoColumnGrid","","Html.Layouts.TwoColumnGrid","","","","42236575597281130"
"a0bWE000001bbJEYAY","005al00000RVcKvAAL","false","SingleColumnGrid","","Html.Layouts.SingleColumnGrid","","","","42261557979946626"
"a0bWE000001bbHEYAY","005al00000RVcKvAAL","false","TwoColumnGrid","","Html.Layouts.TwoColumnGrid","","","","42269911071702418"
"a0bWE000001bbHsYAI","005al00000RVcKvAAL","false","TableLayout","","Html.Layouts.TableLayout","","","","42274534996495520"
"a0bWE000001bbIzYAI","005al00000RVcKvAAL","false","TwoColumnGrid","","Html.Layouts.TwoColumnGrid","","","","42276018993413618"
"a0bWE000001bbI1YAI","005al00000RVcKvAAL","false","TwoColumnGrid","","Html.Layouts.TwoColumnGrid","","","","42276958628781221"
"a0bWE000001bbK8YAI","005al00000RVcKvAAL","false","NoLayout","","Html.Layouts.NoLayout","","","","42280856863127426"
"a0bWE000001bbGgYAI","005al00000RVcKvAAL","false","NoLayout","","Html.Layouts.NoLayout","","","","42281917907252354"
"a0bWE000001bbHGYAY","005al00000RVcKvAAL","false","TableLayout","","Html.Layouts.TableLayout","","","","42285658143238721"
"a0bWE000001bbJXYAY","005al00000RVcKvAAL","false","TwoColumnGrid","","Html.Layouts.TwoColumnGrid","","","","42290543950552369"
"a0bWE000001bbJ5YAI","005al00000RVcKvAAL","false","SingleColumnGrid","","Html.Layouts.SingleColumnGrid","","","","42303230852478295"
"a0bWE000001bbGvYAI","005al00000RVcKvAAL","false","TwoColumnGrid","","Html.Layouts.TwoColumnGrid","","","","42304620396920647"
"a0bWE000001bbGDYAY","005al00000RVcKvAAL","false","NoLayout","","Html.Layouts.NoLayout","","","","42307955451120790"
"a0bWE000001bbJkYAI","005al00000RVcKvAAL","false","TwoColumnGrid","","Html.Layouts.TwoColumnGrid","","","","42311778578269785"
"a0bWE000001bbKXYAY","005al00000RVcKvAAL","false","TwoColumnGrid","","Html.Layouts.TwoColumnGrid","","","","42317930155152342"
"a0bWE000001bbHWYAY","005al00000RVcKvAAL","false","NoLayout","","Html.Layouts.NoLayout","","","","42319607037458049"
"a0bWE000001bbGjYAI","005al00000RVcKvAAL","false","TwoColumnGrid","","Html.Layouts.TwoColumnGrid","","","","42320768730763850"
"a0bWE000001bbJ3YAI","005al00000RVcKvAAL","false","TwoColumnGrid","","Html.Layouts.TwoColumnGrid","","","","42326801912139728"
"a0bWE000001bbGwYAI","005al00000RVcKvAAL","false","TwoColumnGrid","","Html.Layouts.TwoColumnGrid","","","","42332310368014825"
"a0bWE000001bbK2YAI","005al00000RVcKvAAL","false","TwoColumnGrid","","Html.Layouts.TwoColumnGrid","","","","42341643331659004"
"a0bWE000001bbJLYAY","005al00000RVcKvAAL","false","SingleColumnGrid","","Html.Layouts.SingleColumnGrid","","","","42346647361388186"
"a0bWE000001bbGNYAY","005al00000RVcKvAAL","false","NoLayout","","Html.Layouts.NoLayout","","","","42352276582142462"
"a0bWE000001bbKFYAY","005al00000RVcKvAAL","false","TwoColumnGrid","","Html.Layouts.TwoColumnGrid","","","","42353644183254727"
"a0bWE000001bbI3YAI","005al00000RVcKvAAL","false","TwoColumnGrid","","Html.Layouts.TwoColumnGrid","","","","42359417897705299"
"a0bWE000001bbJlYAI","005al00000RVcKvAAL","false","TwoColumnGrid","","Html.Layouts.TwoColumnGrid","","","","42374570768381755"
"a0bWE000001bbGoYAI","005al00000RVcKvAAL","false","TableLayout","","Html.Layouts.TableLayout","","","","423805189214134860"
"a0bWE000001bbGpYAI","005al00000RVcKvAAL","false","TableLayout","","Html.Layouts.TableLayout","","","","423805189214134861"
"a0bWE000001bbGqYAI","005al00000RVcKvAAL","false","TableLayout","","Html.Layouts.TableLayout","","","","423805189214134862"
"a0bWE000001bbH4YAI","005al00000RVcKvAAL","false","NoLayout","","Html.Layouts.NoLayout","","","","42384311201975589"
"a0bWE000001bbH9YAI","005al00000RVcKvAAL","false","TwoColumnGrid","","Html.Layouts.TwoColumnGrid","","","","42386943597415043"
"a0bWE000001bbGCYAY","005al00000RVcKvAAL","false","TableLayout","","Html.Layouts.TableLayout","","","","42391876653704558"
"a0bWE000001bbHzYAI","005al00000RVcKvAAL","false","TableLayout","","Html.Layouts.TableLayout","","","","42391907862558094"
"a0bWE000001bbKHYAY","005al00000RVcKvAAL","false","TwoColumnGrid","","Html.Layouts.TwoColumnGrid","","","","42402976468674384"
"a0bWE000001bbJDYAY","005al00000RVcKvAAL","false","SingleColumnGrid","","Html.Layouts.SingleColumnGrid","","","","42407013721641977"
"a0bWE000001bbJfYAI","005al00000RVcKvAAL","false","TwoColumnGrid","","Html.Layouts.TwoColumnGrid","","","","42408560116007986"
"a0bWE000001bbKIYAY","005al00000RVcKvAAL","false","NoLayout","","Html.Layouts.NoLayout","","","","42414407031940912"
"a0bWE000001bbGKYAY","005al00000RVcKvAAL","false","NoLayout","","Html.Layouts.NoLayout","","","","42416670953550255"
"a0bWE000001bbHyYAI","005al00000RVcKvAAL","false","TableLayout","","Html.Layouts.TableLayout","","","","42416806897619469"
"a0bWE000001bbGhYAI","005al00000RVcKvAAL","false","TwoColumnGrid","","Html.Layouts.TwoColumnGrid","","","","42418177285209227"
"a0bWE000001bbHrYAI","005al00000RVcKvAAL","false","TableLayout","","Html.Layouts.TableLayout","","","","42421154402520859"
"a0bWE000001bbKRYAY","005al00000RVcKvAAL","false","TwoColumnGrid","","Html.Layouts.TwoColumnGrid","","","","42422138806714540"
"a0bWE000001bbI4YAI","005al00000RVcKvAAL","false","NoLayout","","Html.Layouts.NoLayout","","","","42424925070038460"
"a0bWE000001bbGPYAY","005al00000RVcKvAAL","false","TableLayout","","Html.Layouts.TableLayout","","","","42425443208536181"
"a0bWE000001bbKaYAI","005al00000RVcKvAAL","false","TwoColumnGrid","","Html.Layouts.TwoColumnGrid","","","","42428362451154329"
"a0bWE000001bbKWYAY","005al00000RVcKvAAL","false","TwoColumnGrid","","Html.Layouts.TwoColumnGrid","","","","42436113308655194"
"a0bWE000001bbJZYAY","005al00000RVcKvAAL","false","TwoColumnGrid","","Html.Layouts.TwoColumnGrid","","","","42436277802924076"
"a0bWE000001bbKUYAY","005al00000RVcKvAAL","false","NoLayout","","Html.Layouts.NoLayout","","","","42437946704131602"
"a0bWE000001bbI7YAI","005al00000RVcKvAAL","false","NoLayout","","Html.Layouts.NoLayout","","","","42442811039569291"
"a0bWE000001bbGfYAI","005al00000RVcKvAAL","false","NoLayout","","Html.Layouts.NoLayout","","","","42459547103480938"
"a0bWE000001bbGGYAY","005al00000RVcKvAAL","false","NoLayout","","Html.Layouts.NoLayout","","","","42462168007630294"
"a0bWE000001bbIuYAI","005al00000RVcKvAAL","false","TwoColumnGrid","","Html.Layouts.TwoColumnGrid","","","","42465461062155941"
"a0bWE000001bbJWYAY","005al00000RVcKvAAL","false","TwoColumnGrid","","Html.Layouts.TwoColumnGrid","","","","42468043041300460"
"a0bWE000001bbJ1YAI","005al00000RVcKvAAL","false","TwoColumnGrid","","Html.Layouts.TwoColumnGrid","","","","42472819914221310"
"a0bWE000001bbJbYAI","005al00000RVcKvAAL","false","TwoColumnGrid","","Html.Layouts.TwoColumnGrid","","","","42482496431766834"
"a0bWE000001bbJwYAI","005al00000RVcKvAAL","false","TwoColumnGrid","","Html.Layouts.TwoColumnGrid","","","","42490318649382039"
"a0bWE000001bbI9YAI","005al00000RVcKvAAL","false","NoLayout","","Html.Layouts.NoLayout","","","","42501922304293041"
"a0bWE000001bbJHYAY","005al00000RVcKvAAL","false","SingleColumnGrid","","Html.Layouts.SingleColumnGrid","","","","42506614757794195"
"a0bWE000001bbJeYAI","005al00000RVcKvAAL","false","TwoColumnGrid","","Html.Layouts.TwoColumnGrid","","","","42507315721002361"
"a0bWE000001bbHjYAI","005al00000RVcKvAAL","false","TableLayout","","Html.Layouts.TableLayout","","","","42514990913701727"
"a0bWE000001bbH0YAI","005al00000RVcKvAAL","false","TwoColumnGrid","","Html.Layouts.TwoColumnGrid","","","","42519078222946588"
"a0bWE000001bbIBYAY","005al00000RVcKvAAL","false","NoLayout","","Html.Layouts.NoLayout","","","","42520714547557457"
"a0bWE000001bbH5YAI","005al00000RVcKvAAL","false","TableLayout","","Html.Layouts.TableLayout","","","","42531362879136297"
"a0bWE000001bbIyYAI","005al00000RVcKvAAL","false","TwoColumnGrid","","Html.Layouts.TwoColumnGrid","","","","42539430516670390"
"a0bWE000001bbJoYAI","005al00000RVcKvAAL","false","TwoColumnGrid","","Html.Layouts.TwoColumnGrid","","","","42542679593771931"
"a0bWE000001bbKQYAY","005al00000RVcKvAAL","false","TwoColumnGrid","","Html.Layouts.TwoColumnGrid","","","","425459872416853"
"a0bWE000001bbJuYAI","005al00000RVcKvAAL","false","TwoColumnGrid","","Html.Layouts.TwoColumnGrid","","","","42548889964372615"
"a0bWE000001bbITYAY","005al00000RVcKvAAL","false","NoLayout","","Html.Layouts.NoLayout","","","","42548904280739571"
"a0bWE000001bbK9YAI","005al00000RVcKvAAL","false","TwoColumnGrid","","Html.Layouts.TwoColumnGrid","","","","42552149253986908"
"a0bWE000001bBqMYAU","005al00000RVvFOAA1","false","Topsail","Online Application","","<ul><li>Application Progress: Horizontal, at the top of screen</li><li>Tiles: At bottom of screen</li></ul>","/resource/1541694063000/nPortal__Global_Resources/images/layouts/Topsail.svg","NPORTAL__LayoutTopsail","42552733154006329"
"a0bWE000001bbH6YAI","005al00000RVcKvAAL","false","NoLayout","","Html.Layouts.NoLayout","","","","42565951438092068"
"a0bWE000001bbK6YAI","005al00000RVcKvAAL","false","NoLayout","","Html.Layouts.NoLayout","","","","42568467836080052"
"a0bWE000001bbIWYAY","005al00000RVcKvAAL","false","TableLayout","","Html.Layouts.TableLayout","","","","42590784533918500"
"a0bWE000001bbHUYAY","005al00000RVcKvAAL","false","NoLayout","","Html.Layouts.NoLayout","","","","42597361740996248"
"a0bWE000001bbGFYAY","005al00000RVcKvAAL","false","SingleColumnGrid","","Html.Layouts.SingleColumnGrid","","","","42604206855771905"
"a0bWE000001bbI0YAI","005al00000RVcKvAAL","false","TwoColumnGrid","","Html.Layouts.TwoColumnGrid","","","","42605437965407116"
"a0bWE000001bbJ0YAI","005al00000RVcKvAAL","false","TwoColumnGrid","","Html.Layouts.TwoColumnGrid","","","","42608010739447931"
"a0bWE000001bbK5YAI","005al00000RVcKvAAL","false","TwoColumnGrid","","Html.Layouts.TwoColumnGrid","","","","42608321707874655"
"a0bWE000001bbItYAI","005al00000RVcKvAAL","false","TwoColumnGrid","","Html.Layouts.TwoColumnGrid","","","","42612538704765350"
"a0bWE000001bbKGYAY","005al00000RVcKvAAL","false","NoLayout","","Html.Layouts.NoLayout","","","","42616491262436877"
"a0bWE000001bbJVYAY","005al00000RVcKvAAL","false","TwoColumnGrid","","Html.Layouts.TwoColumnGrid","","","","42616539581133116"
"a0bWE000001bbKBYAY","005al00000RVcKvAAL","false","TwoColumnGrid","","Html.Layouts.TwoColumnGrid","","","","42618841649010849"
"a0bWE000001bbGzYAI","005al00000RVcKvAAL","false","TableLayout","","Html.Layouts.TableLayout","","","","42620365532126681"
"a0bWE000001bbHCYAY","005al00000RVcKvAAL","false","TwoColumnGrid","","Html.Layouts.TwoColumnGrid","","","","42620587200040948"
"a0bWE000001bbGSYAY","005al00000RVcKvAAL","false","TwoColumnGrid","","Html.Layouts.TwoColumnGrid","","","","42623081306678578"
"a0bWE000001bbGAYAY","005al00000RVcKvAAL","false","TableLayout","","Html.Layouts.TableLayout","","","","42626138849107981"
"a0bWE000001bbI2YAI","005al00000RVcKvAAL","false","TwoColumnGrid","","Html.Layouts.TwoColumnGrid","","","","42632103587210708"
"a0bWE000001bbJKYAY","005al00000RVcKvAAL","false","SingleColumnGrid","","Html.Layouts.SingleColumnGrid","","","","42634280521843181"
"a0bWE000001bbGuYAI","005al00000RVcKvAAL","false","TwoColumnGrid","","Html.Layouts.TwoColumnGrid","","","","42635208571032064"
"a0bWE000001bbGRYAY","005al00000RVcKvAAL","false","TwoColumnGrid","","Html.Layouts.TwoColumnGrid","","","","42638527111102055"
"a0bWE000001bbJ4YAI","005al00000RVcKvAAL","false","TwoColumnGrid","","Html.Layouts.TwoColumnGrid","","","","42643631499523855"
"a0bWE000001bbHRYAY","005al00000RVcKvAAL","false","NoLayout","","Html.Layouts.NoLayout","","","","42650696547658405"
"a0bWE000001bbIxYAI","005al00000RVcKvAAL","false","TwoColumnGrid","","Html.Layouts.TwoColumnGrid","","","","42662037678474974"
"a0bWE000001bbGiYAI","005al00000RVcKvAAL","false","TwoColumnGrid","","Html.Layouts.TwoColumnGrid","","","","42666605161288911"
"a0bWE000001bbH3YAI","005al00000RVcKvAAL","false","TwoColumnGrid","","Html.Layouts.TwoColumnGrid","","","","42669823203539594"
"a0bWE000001bbHFYAY","005al00000RVcKvAAL","false","NoLayout","","Html.Layouts.NoLayout","","","","42673310533508381"
"a0bWE000001bbHQYAY","005al00000RVcKvAAL","false","NoLayout","","Html.Layouts.NoLayout","","","","42678061634688011"
"a0bWE000001bbJmYAI","005al00000RVcKvAAL","false","TwoColumnGrid","","Html.Layouts.TwoColumnGrid","","","","42679703050104280"
"a0bWE000001bbJtYAI","005al00000RVcKvAAL","false","TwoColumnGrid","","Html.Layouts.TwoColumnGrid","","","","42683306127303134"
"a0bWE000001bbJyYAI","005al00000RVcKvAAL","false","TwoColumnGrid","","Html.Layouts.TwoColumnGrid","","","","42689049596538731"
"a0bWE000001bbGsYAI","005al00000RVcKvAAL","false","TwoColumnGrid","","Html.Layouts.TwoColumnGrid","","","","42693364340854134"
"a0bWE000001bbKPYAY","005al00000RVcKvAAL","false","TwoColumnGrid","","Html.Layouts.TwoColumnGrid","","","","42696353869013453"
"a0bWE000001bbK0YAI","005al00000RVcKvAAL","false","TwoColumnGrid","","Html.Layouts.TwoColumnGrid","","","","42702157408793314"
"a0bWE000001bbHxYAI","005al00000RVcKvAAL","false","TwoColumnGrid","","Html.Layouts.TwoColumnGrid","","","","42707886346588949"
"a0bWE000001bbJgYAI","005al00000RVcKvAAL","false","TwoColumnGrid","","Html.Layouts.TwoColumnGrid","","","","42709257588867615"
"a0bWE000001bbJUYAY","005al00000RVcKvAAL","false","TwoColumnGrid","","Html.Layouts.TwoColumnGrid","","","","42710565503603451"
"a0bWE000001bbJ6YAI","005al00000RVcKvAAL","false","TwoColumnGrid","","Html.Layouts.TwoColumnGrid","","","","42712649228412072"
"a0bWE000001bbKEYAY","005al00000RVcKvAAL","false","NoLayout","","Html.Layouts.NoLayout","","","","42715468597152063"
"a0bWE000001bbKYYAY","005al00000RVcKvAAL","false","NoLayout","","Html.Layouts.NoLayout","","","","42717095303370827"
"a0bWE000001bbJNYAY","005al00000RVcKvAAL","false","SingleColumnGrid","","Html.Layouts.SingleColumnGrid","","","","42724904033443594"
"a0bWE000001bbJcYAI","005al00000RVcKvAAL","false","TwoColumnGrid","","Html.Layouts.TwoColumnGrid","","","","42729598355032236"
"a0bWE000001bbH8YAI","005al00000RVcKvAAL","false","NoLayout","","Html.Layouts.NoLayout","","","","42731267334142973"
"a0bWE000001bbHgYAI","005al00000RVcKvAAL","false","NoLayout","","Html.Layouts.NoLayout","","","","42732228977389745"
"a0bWE000001bbISYAY","005al00000RVcKvAAL","false","TwoColumnGrid","","Html.Layouts.TwoColumnGrid","","","","42737499863323418"
"a0bWE000001bbK1YAI","005al00000RVcKvAAL","false","TwoColumnGrid","","Html.Layouts.TwoColumnGrid","","","","42742394676791788"
"a0bWE000001bbGXYAY","005al00000RVcKvAAL","false","NoLayout","","Html.Layouts.NoLayout","","","","42750215167293706"
"a0bWE000001bbJCYAY","005al00000RVcKvAAL","false","SingleColumnGrid","","Html.Layouts.SingleColumnGrid","","","","42750473896774202"
"a0bWE000001bbJqYAI","005al00000RVcKvAAL","false","TwoColumnGrid","","Html.Layouts.TwoColumnGrid","","","","42750514561958062"
"a0bWE000001bbH7YAI","005al00000RVcKvAAL","false","TableLayout","","Html.Layouts.TableLayout","","","","42752971908378809"
"a0bWE000001bbI8YAI","005al00000RVcKvAAL","false","TwoColumnGrid","","Html.Layouts.TwoColumnGrid","","","","42762350616861522"
"a0bWE000001bbGmYAI","005al00000RVcKvAAL","false","TwoColumnGrid","","Html.Layouts.TwoColumnGrid","","","","42771303619685748"
"a0bWE000001bbJGYAY","005al00000RVcKvAAL","false","TwoColumnGrid","","Html.Layouts.TwoColumnGrid","","","","42773941180182647"
"a0bWE000001bbGYYAY","005al00000RVcKvAAL","false","NoLayout","","Html.Layouts.NoLayout","","","","42781659256906018"
"a0bWE000001bbIVYAY","005al00000RVcKvAAL","false","NoLayout","","Html.Layouts.NoLayout","","","","42784620194759671"
"a0bWE000001bbKJYAY","005al00000RVcKvAAL","false","TableLayout","","Html.Layouts.TableLayout","","","","42791164248946865"
"a0bWE000001bbJSYAY","005al00000RVcKvAAL","false","TwoColumnGrid","","Html.Layouts.TwoColumnGrid","","","","42795558359180652"
"a0bWE000001bbHkYAI","005al00000RVcKvAAL","false","TableLayout","","Html.Layouts.TableLayout","","","","42796358122225080"
"a0bWE000001bbJiYAI","005al00000RVcKvAAL","false","TwoColumnGrid","","Html.Layouts.TwoColumnGrid","","","","42802205744242393"
"a0bWE000001bbJQYAY","005al00000RVcKvAAL","false","SingleColumnGrid","","Html.Layouts.SingleColumnGrid","","","","42802860164968255"
"a0bWE000001bbIrYAI","005al00000RVcKvAAL","false","SingleColumnGrid","","Html.Layouts.SingleColumnGrid","","","","42805621380555865"
"a0bWE000001bbIDYAY","005al00000RVcKvAAL","false","NoLayout","","Html.Layouts.NoLayout","","","","42807463734572441"
"a0bWE000001bbJvYAI","005al00000RVcKvAAL","false","TwoColumnGrid","","Html.Layouts.TwoColumnGrid","","","","42820923488504421"
"a0bWE000001bbGEYAY","005al00000RVcKvAAL","false","NoLayout","","Html.Layouts.NoLayout","","","","42827050442053982"
"a0bWE000001bbJYYAY","005al00000RVcKvAAL","false","TwoColumnGrid","","Html.Layouts.TwoColumnGrid","","","","42836490899894914"
"a0bWE000001bbJTYAY","005al00000RVcKvAAL","false","TwoColumnGrid","","Html.Layouts.TwoColumnGrid","","","","42837585754635322"
"a0bWE000001bbIEYAY","005al00000RVcKvAAL","false","TableLayout","","Html.Layouts.TableLayout","","","","42837914562026077"
"a0bWE000001bbIAYAY","005al00000RVcKvAAL","false","TwoColumnGrid","","Html.Layouts.TwoColumnGrid","","","","42841921757524418"
"a0bWE000001bbH2YAI","005al00000RVcKvAAL","false","TwoColumnGrid","","Html.Layouts.TwoColumnGrid","","","","42847769287868252"
"a0bWE000001bbGBYAY","005al00000RVcKvAAL","false","TwoColumnGrid","","Html.Layouts.TwoColumnGrid","","","","42850165746207169"
"a0bWE000001bbJ2YAI","005al00000RVcKvAAL","false","TwoColumnGrid","","Html.Layouts.TwoColumnGrid","","","","42871331299078687"
"a0bWE000001bbJ7YAI","005al00000RVcKvAAL","false","TwoColumnGrid","","Html.Layouts.TwoColumnGrid","","","","42882313675641289"
"a0bWE000001bbHDYAY","005al00000RVcKvAAL","false","TwoColumnGrid","","Html.Layouts.TwoColumnGrid","","","","42883254986396194"
"a0bWE000001bbKZYAY","005al00000RVcKvAAL","false","NoLayout","","Html.Layouts.NoLayout","","","","42884541604776899"
"a0bWE000001bbGOYAY","005al00000RVcKvAAL","false","NoLayout","","Html.Layouts.NoLayout","","","","42892781429225809"
"a0bWE000001bbKVYAY","005al00000RVcKvAAL","false","NoLayout","","Html.Layouts.NoLayout","","","","428931051611627"
"a0bWE000001bbH1YAI","005al00000RVcKvAAL","false","TwoColumnGrid","","Html.Layouts.TwoColumnGrid","","","","42900817578682316"
"a0bWE000001bbJrYAI","005al00000RVcKvAAL","false","TwoColumnGrid","","Html.Layouts.TwoColumnGrid","","","","42906476896085874"
"a0bWE000001bbGnYAI","005al00000RVcKvAAL","false","NoLayout","","Html.Layouts.NoLayout","","","","42908910678340000"
"a0bWE000001bbJjYAI","005al00000RVcKvAAL","false","TwoColumnGrid","","Html.Layouts.TwoColumnGrid","","","","42909734946970802"
"a0bWE000001bbGkYAI","005al00000RVcKvAAL","false","TableLayout","","Html.Layouts.TableLayout","","","","42914029967103415"
"a0bWE000001bbGLYAY","005al00000RVcKvAAL","false","TableLayout","","Html.Layouts.TableLayout","","","","42924366715229851"
"a0bWE000001bbICYAY","005al00000RVcKvAAL","false","TableLayout","","Html.Layouts.TableLayout","","","","42944085438397929"
"a0bWE000001bbJsYAI","005al00000RVcKvAAL","false","TwoColumnGrid","","Html.Layouts.TwoColumnGrid","","","","42944970154505092"
"a0bWE000001bbJIYAY","005al00000RVcKvAAL","false","TwoColumnGrid","","Html.Layouts.TwoColumnGrid","","","","42953705509884091"
"a0bWE000001bbIFYAY","005al00000RVcKvAAL","false","TwoColumnGrid","","Html.Layouts.TwoColumnGrid","","","","42955881088623983"
"a0bWE000001bbJ9YAI","005al00000RVcKvAAL","false","SingleColumnGrid","","Html.Layouts.SingleColumnGrid","","","","42962397835796158"
"a0bWE000001bbJAYAY","005al00000RVcKvAAL","false","SingleColumnGrid","","Html.Layouts.SingleColumnGrid","","","","42966229249038918"
"a0bWE000001bbIvYAI","005al00000RVcKvAAL","false","TwoColumnGrid","","Html.Layouts.TwoColumnGrid","","","","42973111114595046"
"a0bWE000001bbJOYAY","005al00000RVcKvAAL","false","SingleColumnGrid","","Html.Layouts.SingleColumnGrid","","","","42994925524539932"
"a0bWE000001bbJ8YAI","005al00000RVcKvAAL","false","SingleColumnGrid","","Html.Layouts.SingleColumnGrid","","","","42997312723798389"
"a0bWE000001bbGWYAY","005al00000RVcKvAAL","false","SingleColumnGrid","","Html.Layouts.SingleColumnGrid","","","","43881560278867960"
"a0bWE000001bbHoYAI","005al00000RVcKvAAL","false","TableLayout","","Html.Layouts.TableLayout","","","","45681620937673260"
"a0bWE000001bbHHYAY","005al00000RVcKvAAL","false","TwoColumnGrid","","Html.Layouts.TwoColumnGrid","","","","46671615577847595"
"a0bWE000001bbIaYAI","005al00000RVcKvAAL","false","TwoColumnGrid","","Html.Layouts.TwoColumnGrid","","","","46701663700626751"
"a0bWE000001bbJBYAY","005al00000RVcKvAAL","false","TwoColumnGrid","","Html.Layouts.TwoColumnGrid","","","","47571598381728202"
"a0bWE000001bbIfYAI","005al00000RVcKvAAL","false","SingleColumnGrid","","Html.Layouts.SingleColumnGrid","","","","47641663700626752"
"a0bWE000001bbKMYAY","005al00000RVcKvAAL","false","NoLayout","","Html.Layouts.NoLayout","","","","48921701790672165"
"a0bWE000001bbHVYAY","005al00000RVcKvAAL","false","NoLayout","","Html.Layouts.NoLayout","","","","50541620937673259"
"a0bWE000001bbHZYAY","005al00000RVcKvAAL","false","TwoColumnGrid","","Html.Layouts.TwoColumnGrid","","","","51131620937673261"
"a0bWE000001bbIYYAY","005al00000RVcKvAAL","false","TwoColumnGrid","","Html.Layouts.TwoColumnGrid","","","","52611663700626750"
"a0bWE000001bbGaYAI","005al00000RVcKvAAL","false","TwoColumnGrid","","Html.Layouts.TwoColumnGrid","","","","53551562008947708"
"a0bWE000001bbIQYAY","005al00000RVcKvAAL","false","NoLayout","","Html.Layouts.NoLayout","","","","55571640791249091"
"a0bWE000001bbHdYAI","005al00000RVcKvAAL","false","TwoColumnGrid","","Html.Layouts.TwoColumnGrid","","","","56231620937673261"
"a0bWE000001bbJFYAY","005al00000RVcKvAAL","false","SingleColumnGrid","","Html.Layouts.SingleColumnGrid","","","","56751598553324419"
"a0bWE000001bbIpYAI","005al00000RVcKvAAL","false","SingleColumnGrid","","Html.Layouts.SingleColumnGrid","","","","57771666029078577"
"a0bWE000001bbIKYAY","005al00000RVcKvAAL","false","TwoColumnGrid","","Html.Layouts.TwoColumnGrid","","","","59271640791249090"
"a0bWE000001bbHbYAI","005al00000RVcKvAAL","false","TwoColumnGrid","","Html.Layouts.TwoColumnGrid","","","","60481620937673261"
"a0bWE000001bbIcYAI","005al00000RVcKvAAL","false","NoLayout","","Html.Layouts.NoLayout","","","","60531663700626751"
"a0bWE000001bbHOYAY","005al00000RVcKvAAL","false","TwoColumnGrid","","Html.Layouts.TwoColumnGrid","","","","60691619447516420"
"a0bWE000001bbIoYAI","005al00000RVcKvAAL","false","TwoColumnGrid","","Html.Layouts.TwoColumnGrid","","","","62191666029078576"
"a0bWE000001bbKOYAY","005al00000RVcKvAAL","false","TwoColumnGrid","","Html.Layouts.TwoColumnGrid","","","","62561701790672166"
"a0bWE000001bbIhYAI","005al00000RVcKvAAL","false","TableLayout","","Html.Layouts.TableLayout","","","","68261663700626753"
"a0bWE000001bbImYAI","005al00000RVcKvAAL","false","SingleColumnGrid","","Html.Layouts.SingleColumnGrid","","","","68961666029078574"
"a0bWE000001bbKNYAY","005al00000RVcKvAAL","false","TwoColumnGrid","","Html.Layouts.TwoColumnGrid","","","","70181701790672165"
"a0bWE000001bbHfYAI","005al00000RVcKvAAL","false","NoLayout","","Html.Layouts.NoLayout","","","","71571620937673264"
"a0bWE000001bbGZYAY","005al00000RVcKvAAL","false","NoLayout","","Html.Layouts.NoLayout","","","","72061562008947708"
"a0bWE000001bbHMYAY","005al00000RVcKvAAL","false","NoLayout","","Html.Layouts.NoLayout","","","","73031619447516419"
"a0bWE000001bbINYAY","005al00000RVcKvAAL","false","TwoColumnGrid","","Html.Layouts.TwoColumnGrid","","","","75851640791249090"
"a0bWE000001bbHhYAI","005al00000RVcKvAAL","false","NoLayout","","Html.Layouts.NoLayout","","","","76911619447516419"
"a0bWE000001bbHeYAI","005al00000RVcKvAAL","false","NoLayout","","Html.Layouts.NoLayout","","","","77701620937673263"
"a0bWE000001bbIJYAY","005al00000RVcKvAAL","false","TwoColumnGrid","","Html.Layouts.TwoColumnGrid","","","","79131640791249089"
"a0bWE000001bbGdYAI","005al00000RVcKvAAL","false","TableLayout","","Html.Layouts.TableLayout","","","","80081567002572493"
"a0bWE000001bbIHYAY","005al00000RVcKvAAL","false","NoLayout","","Html.Layouts.NoLayout","","","","80631640791249089"
"a0bWE000001bbHTYAY","005al00000RVcKvAAL","false","TwoColumnGrid","","Html.Layouts.TwoColumnGrid","","","","83621620937673260"
"a0bWE000001bbHnYAI","005al00000RVcKvAAL","false","TableLayout","","Html.Layouts.TableLayout","","","","85131620937673262"
"a0bWE000001bbGcYAI","005al00000RVcKvAAL","false","TableLayout","","Html.Layouts.TableLayout","","","","87851567002572493"
"a0bWE000001bbGUYAY","005al00000RVcKvAAL","false","NoLayout","","Html.Layouts.NoLayout","","","","88191560278867959"
"a0bWE000001bbHNYAY","005al00000RVcKvAAL","false","TwoColumnGrid","","Html.Layouts.TwoColumnGrid","","","","88281619447516420"
"a0bWE000001bbKLYAY","005al00000RVcKvAAL","false","TableLayout","","Html.Layouts.TableLayout","","","","89521701790672165"
"a0bWE000001bbIOYAY","005al00000RVcKvAAL","false","NoLayout","","Html.Layouts.NoLayout","","","","92071640791249091"
"a0bWE000001bbIZYAY","005al00000RVcKvAAL","false","TwoColumnGrid","","Html.Layouts.TwoColumnGrid","","","","92691663700626750"
"a0bWE000001bbHKYAY","005al00000RVcKvAAL","false","TwoColumnGrid","","Html.Layouts.TwoColumnGrid","","","","97211619447516420"
"a0bWE000001bbHYYAY","005al00000RVcKvAAL","false","NoLayout","","Html.Layouts.NoLayout","","","","98341620937673262"
