"Id","IsDeleted","Name","nFORCE__Screen_Section__c","nFORCE__Display_Order__c","nFORCE__Field_Set_Key__c","nFORCE__Filter_Criteria__c","nFORCE__Limit__c","nFORCE__Offset_By_Limit__c","nFORCE__Parent_Configuration__c","nFORCE__Parent_Relationship_Name__c","nFORCE__Section_Header__c","nFORCE__Sort_Criteria__c","nFORCE__Unique__c","nFORCE__lookupKey__c","nFORCE__sObject_Type__c"
"a0vWE00000FF7QLYA1","false","SC-000031434","a0qWE00000U6tVIYAZ","1.01","LLC_BI__Bulk_Pledge_Details","","","false","","","","","false","09867543548897","LLC_BI__Loan_Collateral2__c"
"a0vWD00000B9jIzYAJ","false","SC-000022857","a0qWD00000GSmiXYAT","1.01","Pledge_Collateral_Override","","","false","","","","","false","123471263486124956","LLC_BI__Loan_Collateral2__c"
"a0vWD00000B9jJ0YAJ","false","SC-000022858","a0qWD00000GSmiZYAT","1.01","LLC_BI__Collateral_Search_Results","","","false","","","Search Results","","false","128346834124926912","LLC_BI__Collateral__c"
"a0vWE00000FF7QMYA1","false","SC-000031435","a0qWE00000U6tVNYAZ","1.01","LLC_BI__Bulk_Pledge_Details","","","false","","","","","false","2134121214231243","LLC_BI__Loan_Collateral2__c"
"a0vWE00000FF7QNYA1","false","SC-000031436","a0qWE00000U6tVPYAZ","1.01","LLC_BI__Bulk_Pledge_Details","","","false","","","","","false","21344524214","LLC_BI__Loan_Collateral2__c"
"a0vWD00000B9kcXYAR","false","SC-000024123","a0qWD00000GTACfYAP","1.01","","","","false","","","","","false","2435764","test-object"
"a0vWE00000FF7QOYA1","false","SC-000031437","a0qWE00000U6tVDYAZ","1.01","LLC_BI__Bulk_Pledge_Details","","","false","","","","","false","312412341243","LLC_BI__Loan_Collateral2__c"
"a0vWE00000FF7QPYA1","false","SC-000031438","a0qWE00000U6tVRYAZ","1.01","LLC_BI__Bulk_Pledge_Details","","","false","","","","","false","31421234312412343214","LLC_BI__Loan_Collateral2__c"
"a0vWE00000FF7QQYA1","false","SC-000031439","a0qWE00000U6tVKYAZ","1.01","LLC_BI__Bulk_Pledge_Details","","","false","","","","","false","3215423314124","LLC_BI__Loan_Collateral2__c"
"a0vWE00000FF7QRYA1","false","SC-000031440","a0qWE00000U6tVLYAZ","1.01","LLC_BI__Bulk_Pledge_Details","","","false","","","","","false","324215421421341","LLC_BI__Loan_Collateral2__c"
"a0vWD00000B9jJ1YAJ","false","SC-000022859","a0qWD00000GSmivYAD","1.01","Pledge_Collateral_Override","","","false","","","","","false","345665435346723627545","LLC_BI__Loan_Collateral2__c"
"a0vWD00000B9jJ2YAJ","false","SC-000022860","a0qWD00000GSmiEYAT","1.01","LLC_BI__Collateral_Search_Results","","","false","","","Search Results","","false","34566786551456374667","LLC_BI__Collateral__c"
"a0vWD00000B9jJ3YAJ","false","SC-000022861","a0qWD00000GSmicYAD","1.01","LLC_BI__Collateral_Search_Results","","","false","","","Search Results","","false","34597864358734287569","LLC_BI__Collateral__c"
"a0vWD00000B9jJ4YAJ","false","SC-000022862","a0qWD00000GSmioYAD","1.01","Pledge_Collateral_Override","","","false","","","","","false","366562457038518356","LLC_BI__Loan_Collateral2__c"
"a0vWD00000B9jJ5YAJ","false","SC-000022863","a0qWD00000GSmi7YAD","1.01","Pledge_Collateral_Override","","","false","","","","","false","42001121331500796","LLC_BI__Loan_Collateral2__c"
"a0vWD00000B9jJ6YAJ","false","SC-000022864","a0qWD00000GSmiQYAT","1.01","UCC_Collateral_Valuation","","0.0","false","","","Collateral Valuation","","false","42001690159558524","LLC_BI__Collateral__c"
"a0vWD00000B9jJ7YAJ","false","SC-000022865","a0qWD00000GSmiCYAT","1.01","Collateral_Valuation_Titled_Ship","","0.0","false","","","Collateral Valuation","","false","42012762933282167","LLC_BI__Collateral__c"
"a0vWD00000B9jJ8YAJ","false","SC-000022866","a0qWD00000GSmiMYAT","1.01","LLC_BI__Collateral_Search_Results","","","false","","","Search Results","","false","42016530666628131","LLC_BI__Collateral__c"
"a0vWD00000B9jJ9YAJ","false","SC-000022867","a0qWD00000GSmj2YAD","1.01","LLC_BI__Collateral_Search_Results","","","false","","","Search Results","","false","42016811662619443","LLC_BI__Collateral__c"
"a0vWD00000B9jJAYAZ","false","SC-000022868","a0qWD00000GSmiBYAT","1.01","Collateral_Valuation_Titled_Aircraft","","0.0","false","","","Collateral Valuation","","false","42017258841327368","LLC_BI__Collateral__c"
"a0vWD00000B9kSqYAJ","false","SC-000023622","a0qWD00000GSLXhYAP","1.01","LLC_BI__Pledge_Details","","","false","","","Pledge Details","","false","42021803137064143","LLC_BI__Loan_Collateral2__c"
"a0vWE00000FF7QSYA1","false","SC-000031441","a0qWE00000U6tVCYAZ","1.01","LLC_BI__Leased_Asset_Valuation","","","false","","","Valuation","","false","42028955467157605","LLC_BI__Collateral__c"
"a0vWD00000B9jJBYAZ","false","SC-000022869","a0qWD00000GSmiOYAT","1.01","LLC_BI__Collateral_Search_Results","","","false","","","Search Results","","false","42035299851856958","LLC_BI__Collateral__c"
"a0vWE00000FF7QTYA1","false","SC-000031442","a0qWE00000U6tVtYAJ","1.01","","","0.0","false","","","Search Results","","false","42036419916478319","LLC_BI__Collateral__c"
"a0vWE00000FF7QUYA1","false","SC-000031443","a0qWE00000U6tVjYAJ","1.01","Titled_Mobile_Home","","0.0","false","","","Search Results","","false","42053507191886013","LLC_BI__Collateral__c"
"a0vWD00000B9jJCYAZ","false","SC-000022870","a0qWD00000GSmiWYAT","1.01","Collateral_Valuation_Possessory_Securiti","","","false","","","","","false","42056536356227109","LLC_BI__Collateral__c"
"a0vWD00000B9jJDYAZ","false","SC-000022871","a0qWD00000GSmiLYAT","1.01","Collateral_Valuation_Possessory_Other","","","false","","","","","false","42062414693837949","LLC_BI__Collateral__c"
"a0vWE00000FF7QVYA1","false","SC-000031444","a0qWE00000U6tVpYAJ","1.01","","","0.0","false","","","Search Results","","false","42079974584617531","LLC_BI__Collateral__c"
"a0vWE00000FF7QWYA1","false","SC-000031445","a0qWE00000U6tVaYAJ","1.01","","","0.0","false","","","Search Results","","false","42080008454524254","LLC_BI__Collateral__c"
"a0vWD00000B9kSsYAJ","false","SC-000023624","a0qWD00000GT9VZYA1","1.01","Pledge_Collateral_Override","","","false","","","","","false","42080298160439060","LLC_BI__Loan_Collateral2__c"
"a0vWD00000B9kf8YAB","false","SC-000024284","a0qWD00000GTAdDYAX","1.01","LLC_BI__Bulk_Pledge_Details","","","false","","","","","false","42102009094136500","LLC_BI__Loan_Collateral2__c"
"a0vWD00000B9jJEYAZ","false","SC-000022872","a0qWD00000GSc2hYAD","1.01","LLC_BI__Collateral_Search_Results","","","false","","","Search Results","","false","42105504139904275","LLC_BI__Collateral__c"
"a0vWD00000B9jIvYAJ","false","SC-000022853","a0qWD00000GSc2TYAT","1.01","LLC_BI__Collateral_Modal_Details","","","false","","","Details","","false","42107958853547987","LLC_BI__Loan_Collateral2__c"
"a0vWE00000FF7QXYA1","false","SC-000031446","a0qWE00000U6tVOYAZ","1.01","LLC_BI__Bulk_Pledge_Details","","","false","","","","","false","42109187033986450","LLC_BI__Loan_Collateral2__c"
"a0vWE00000FF7QYYA1","false","SC-000031447","a0qWE00000U6tVWYAZ","1.01","LLC_BI__Bulk_Pledge_Details","","0.0","false","","","","","false","42123115639898427","LLC_BI__Loan_Collateral2__c"
"a0vWD00000B9kSwYAJ","false","SC-000023628","a0qWD00000GT9ZWYA1","1.01","LLC_BI__Collateral_Search_Results","","","false","","","Search Results","","false","42143434852308312","LLC_BI__Collateral__c"
"a0vWE00000FF7QZYA1","false","SC-000031448","a0qWE00000U6tVhYAJ","1.01","","","0.0","false","","","Search Results","","false","42144564950685721","LLC_BI__Collateral__c"
"a0vWD00000B9jJFYAZ","false","SC-000022873","a0qWD00000GSmiFYAT","1.01","LLC_BI__Collateral_Search_Results","","","false","","","Search Results","","false","42147866350266157","LLC_BI__Collateral__c"
"a0vWD00000B9jJGYAZ","false","SC-000022874","a0qWD00000GSmiGYAT","1.01","Pledge_Collateral_Override","","","false","","","","","false","42159007666787935","LLC_BI__Loan_Collateral2__c"
"a0vWD00000B9jIwYAJ","false","SC-000022854","a0qWD00000GSc2WYAT","1.01","LLC_BI__Pledge_Details","","","false","","","Pledge Details","","false","42166220978297466","LLC_BI__Loan_Collateral2__c"
"a0vWE00000FF7QaYAL","false","SC-000031449","a0qWE00000U6tVoYAJ","1.01","","","0.0","false","","","Search Results","","false","42166996313191185","LLC_BI__Collateral__c"
"a0vWD00000B9jJHYAZ","false","SC-000022875","a0qWD00000GSmj7YAD","1.01","LLC_BI__Collateral_Search_Results","","","false","","","Search Results","","false","42183608085695102","LLC_BI__Collateral__c"
"a0vWE00000FF7QbYAL","false","SC-000031450","a0qWE00000U6tVEYAZ","1.01","LLC_BI__Bulk_Pledge_Asset_Details","","","false","","","","","false","42192186977043006","LLC_BI__Loan_Collateral2__c"
"a0vWD00000B9jJIYAZ","false","SC-000022876","a0qWD00000GSmi4YAD","1.01","LLC_BI__Collateral_Search_Results","","","false","","","Search Results","","false","42194095530043933","LLC_BI__Collateral__c"
"a0vWD00000B9kgjYAB","false","SC-000024383","a0qWD00000GTAZ7YAP","1.01","LLC_BI__Collateral_Search_Results","","","false","","","Search Results","","false","42201324532349364","LLC_BI__Collateral__c"
"a0vWD00000B9jJJYAZ","false","SC-000022877","a0qWD00000GSc2gYAD","1.01","Collateral_Valuation_Titled_Mobile_Home","","0.0","false","","","Collateral Valuation","","false","42206872088823830","LLC_BI__Collateral__c"
"a0vWE00000Ecoa1YAB","false","SC-000031304","a0qWE00000TIGK9YAP","1.01","Collateral_Valuation_Titled_Mobile_Home","","","false","","","Collateral Address","","false","42206872088823831","LLC_BI__Collateral__c"
"a0vWE00000FF7QcYAL","false","SC-000031451","a0qWE00000U6tVnYAJ","1.01","Farming_Accessories_Roller","","0.0","false","","","Collateral Valuation","","false","42208625209526336","LLC_BI__Collateral__c"
"a0vWE00000FF7QdYAL","false","SC-000031452","a0qWE00000U6tVmYAJ","1.01","Titled_Pleasure_Boat_Ship","","0.0","false","","","Collateral Valuation","","false","42213030115576233","LLC_BI__Collateral__c"
"a0vWD00000B9jJKYAZ","false","SC-000022878","a0qWD00000GSmi2YAD","1.01","Collateral_Valuation_Titled_Boats","","0.0","false","","","Collateral Valuation","","false","42244785783992750","LLC_BI__Collateral__c"
"a0vWD00000B9jJLYAZ","false","SC-000022879","a0qWD00000GSc2cYAD","1.01","Collateral_Valuation_Vessel","","","false","","","Collateral Valuation","","false","42255708316706025","LLC_BI__Collateral__c"
"a0vWE00000FF7QeYAL","false","SC-000031453","a0qWE00000U6tVTYAZ","1.01","LLC_BI__Bulk_Pledge_Details","","0.0","false","","","","","false","42256766637236343","LLC_BI__Loan_Collateral2__c"
"a0vWD00000B9jJMYAZ","false","SC-000022880","a0qWD00000GSmiqYAD","1.01","LLC_BI__Collateral_Search_Results","","","false","","","Search Results","","false","42256916355898128","LLC_BI__Collateral__c"
"a0vWD00000B9jJNYAZ","false","SC-000022881","a0qWD00000GSmiHYAT","1.01","Collateral_Valuation_Possessory_Life_Ins","","","false","","","","","false","42260855840941589","LLC_BI__Collateral__c"
"a0vWD00000B9khmYAB","false","SC-000024448","a0qWD00000GTAQAYA5","1.01","LLC_BI__Collateral_Search_Results","","","false","","","Search Results","","false","42269554666755069","LLC_BI__Collateral__c"
"a0vWD00000B9jJOYAZ","false","SC-000022882","a0qWD00000GSc2eYAD","1.01","LLC_BI__Leased_Asset_Search_Results","","","false","","","Search Results","","false","42271488687128013","LLC_BI__Collateral__c"
"a0vWD00000B9ld9YAB","false","SC-000027988","a0qWD00000GT8ZpYAL","2.02","Review_Pg_3508_Approved_in_Full","","0.0","false","a0vWD00000B9krDYAR","LLC_BI__Account__r","","","false","42275109629481255","Account"
"a0vWD00000B9khsYAB","false","SC-000024454","a0qWD00000GTAU8YAP","1.01","LLC_BI__Collateral_Search_Results","","","false","","","Search Results","","false","42277874525359444","LLC_BI__Collateral__c"
"a0vWE00000FF7QfYAL","false","SC-000031454","a0qWE00000U6tVXYAZ","1.01","Titled_Motor_Vehicle","","0.0","false","","","Collateral Valuation","","false","42282747258525701","LLC_BI__Collateral__c"
"a0vWD00000B9jJPYAZ","false","SC-000022883","a0qWD00000GSmiJYAT","1.01","LLC_BI__Collateral_Search_Results","","","false","","","Search Results","","false","42320818129596128","LLC_BI__Collateral__c"
"a0vWD00000B9jJQYAZ","false","SC-000022884","a0qWD00000GSmj6YAD","1.01","LLC_BI__Leased_Asset_Valuation","","","false","","","Valuation","","false","42327143344905966","LLC_BI__Collateral__c"
"a0vWD00000B9kitYAB","false","SC-000024517","a0qWD00000GTAQlYAP","1.01","LLC_BI__Bulk_Pledge_Details","","","false","","","","","false","42330171863140963","LLC_BI__Loan_Collateral2__c"
"a0vWD00000B9jJRYAZ","false","SC-000022885","a0qWD00000GSmi5YAD","1.01","Pledge_Collateral_Override","","","false","","","","","false","42337201555641886","LLC_BI__Loan_Collateral2__c"
"a0vWD00000B9kj8YAB","false","SC-000024532","a0qWD00000GTAOwYAP","1.01","LLC_BI__Collateral_Search_Results","","","false","","","Search Results","","false","42347400432200154","LLC_BI__Collateral__c"
"a0vWE00000FF7QgYAL","false","SC-000031455","a0qWE00000U6tVfYAJ","1.01","","","0.0","false","","","Search Results","","false","42353467957845974","LLC_BI__Collateral__c"
"a0vWD00000B9jIxYAJ","false","SC-000022855","a0qWD00000GSc2UYAT","1.01","LLC_BI__Pledge_Details","","","false","","","Pledge Details","","false","42355610245990104","LLC_BI__Loan_Collateral2__c"
"a0vWD00000B9ldrYAB","false","SC-000028032","a0qWD00000GT8ZpYAL","2.03","Review_Pg_3508_AND_3508EZ","","0.0","false","a0vWD00000B9krDYAR","Forgiveness_Applicant__r","","","false","42361834015813239","Contact"
"a0vWD00000B9jJSYAZ","false","SC-000022886","a0qWD00000GSc2bYAD","1.01","Collateral_Valuation_Possessory_Other","","","false","","","","","false","42363487651419849","LLC_BI__Collateral__c"
"a0vWD00000B9kT5YAJ","false","SC-000023637","a0qWD00000GSLXfYAP","1.01","IBCL_Possessory_Collateral_Valuation_cm","","","false","","","Collateral Valuation","","false","42364688705520906","LLC_BI__Collateral__c"
"a0vWD00000B9kjTYAR","false","SC-000024553","a0qWD00000GSLXfYAP","1.01","SBL_Possessory_Collateral_Valuation","","","false","","","Collateral Valuation","","false","423646887055209061","LLC_BI__Collateral__c"
"a0vWD00000B9jIyYAJ","false","SC-000022856","a0qWD00000GSc2VYAT","1.01","LLC_BI__Collateral_Modal_Details","","","false","","","Details","","false","42371294895782016","LLC_BI__Loan_Collateral2__c"
"a0vWD00000B9jJTYAZ","false","SC-000022887","a0qWD00000GSmi3YAD","1.01","Collateral_Valuation_Possessory_Securiti","","","false","","","","","false","42421085554246174","LLC_BI__Collateral__c"
"a0vWD00000B9kkaYAB","false","SC-000024622","a0qWD00000GTAaFYAX","1.01","LLC_BI__Collateral_Search_Results","","","false","","","Search Results","","false","42427045306494469","LLC_BI__Collateral__c"
"a0vWD00000B9jJUYAZ","false","SC-000022888","a0qWD00000GSmilYAD","1.01","Pledge_Collateral_Override","","","false","","","","","false","42447816184090719","LLC_BI__Loan_Collateral2__c"
"a0vWD00000B9jJVYAZ","false","SC-000022889","a0qWD00000GSmibYAD","1.01","Pledge_Collateral_Override","","","false","","","","","false","42448435503936976","LLC_BI__Loan_Collateral2__c"
"a0vWD00000B9jJWYAZ","false","SC-000022890","a0qWD00000GSmj4YAD","1.01","Collateral_Valuation_Possessory_Life_Ins","","","false","","","","","false","42465023372126474","LLC_BI__Collateral__c"
"a0vWE00000FF7QhYAL","false","SC-000031456","a0qWE00000U6tVrYAJ","1.01","","","0.0","false","","","Search Results","","false","42466885783934421","LLC_BI__Collateral__c"
"a0vWD00000B9jJXYAZ","false","SC-000022891","a0qWD00000GSc2ZYAT","1.01","Collateral_Valuation_Possessory_Life_Ins","","","false","","","","","false","42470968501031010","LLC_BI__Collateral__c"
"a0vWD00000B9jJYYAZ","false","SC-000022892","a0qWD00000GSmifYAD","1.01","LLC_BI__Collateral_Search_Results","","","false","","","Search Results","","false","42479158610944088","LLC_BI__Collateral__c"
"a0vWD00000B9klfYAB","false","SC-000024689","a0qWD00000GTAYVYA5","1.01","LLC_BI__Bulk_Pledge_Details","","","false","","","","","false","42495251835477137","LLC_BI__Loan_Collateral2__c"
"a0vWE00000FF7QiYAL","false","SC-000031457","a0qWE00000U6tVdYAJ","1.01","UCC_All","","0.0","false","","","Collateral Valuation","","false","42505000895310463","LLC_BI__Collateral__c"
"a0vWD00000B9jJZYAZ","false","SC-000022893","a0qWD00000GSc2iYAD","1.01","Pledge_Collateral_Override","","","false","","","","","false","42514632499443989","LLC_BI__Loan_Collateral2__c"
"a0vWD00000B9jJaYAJ","false","SC-000022894","a0qWD00000GSmiYYAT","1.01","Pledge_Collateral_Override","","","false","","","","","false","42518378832469762","LLC_BI__Loan_Collateral2__c"
"a0vWE00000FF7QjYAL","false","SC-000031458","a0qWE00000U6tVbYAJ","1.01","","","0.0","false","","","Search Results","","false","42520878444638921","LLC_BI__Collateral__c"
"a0vWE00000FF7QkYAL","false","SC-000031459","a0qWE00000U6tVGYAZ","1.01","LLC_BI__Leased_Asset_Search_Results","","","false","","","Search Results","","false","42526816983240632","LLC_BI__Collateral__c"
"a0vWD00000B9jJbYAJ","false","SC-000022895","a0qWD00000GSmj3YAD","1.01","Pledge_Collateral_Override","","","false","","","","","false","42543695293611438","LLC_BI__Loan_Collateral2__c"
"a0vWD00000B9kmeYAB","false","SC-000024750","a0qWD00000GTAHRYA5","1.01","LLC_BI__Collateral_Valuation","","","false","","","Collateral Valuation","","false","42544900771167327","LLC_BI__Collateral__c"
"a0vWD00000B9jJcYAJ","false","SC-000022896","a0qWD00000GSc2dYAD","1.01","Pledge_Collateral_Override","","","false","","","","","false","42551707286406201","LLC_BI__Loan_Collateral2__c"
"a0vWE00000FF7QlYAL","false","SC-000031460","a0qWE00000U6tVFYAZ","10.0","UCC_All","","0.0","false","","","Collateral Valuation","","false","42559027266914436","LLC_BI__Collateral__c"
"a0vWD00000B9kmyYAB","false","SC-000024770","a0qWD00000GTAFaYAP","1.01","LLC_BI__Valuation_Other_Details","","","false","","","Collateral Valuation","","false","42559676402290369","LLC_BI__Collateral__c"
"a0vWD00000B9jJdYAJ","false","SC-000022897","a0qWD00000GSminYAD","1.01","LLC_BI__Collateral_Search_Results","","","false","","","Search Results","","false","42559918086928431","LLC_BI__Collateral__c"
"a0vWD00000B9jJeYAJ","false","SC-000022898","a0qWD00000GSmiaYAD","1.01","Collateral_Valuation_Possessory_CD","","0.0","false","","","Collateral Valuation","","false","42560392455613806","LLC_BI__Collateral__c"
"a0vWD00000B9jJfYAJ","false","SC-000022899","a0qWD00000GSmi9YAD","1.01","Pledge_Collateral_Override","","","false","","","","","false","42562576321254457","LLC_BI__Loan_Collateral2__c"
"a0vWD00000B9jJgYAJ","false","SC-000022900","a0qWD00000GSmj0YAD","1.01","IBCL_Titled_Collateral_Valuation_cm","","0.0","false","","","Collateral Valuation","","false","42569087986246965","LLC_BI__Collateral__c"
"a0vWE00000FF7QmYAL","false","SC-000031461","a0qWE00000U6tVSYAZ","1.01","LLC_BI__Collateral_Valuation","","","false","","","Collateral Valuation","","false","42583482320272234","LLC_BI__Collateral__c"
"a0vWD00000B9jJhYAJ","false","SC-000022901","a0qWD00000GSc2fYAD","1.01","Collateral_Valuations_Govt_Contracts","","0.0","false","","","Collateral Valuation","","false","42598305753684355","LLC_BI__Collateral__c"
"a0vWD00000B9jJiYAJ","false","SC-000022902","a0qWD00000GSmiKYAT","1.01","Pledge_Collateral_Override","","","false","","","","","false","42607315663440283","LLC_BI__Loan_Collateral2__c"
"a0vWD00000B9jJjYAJ","false","SC-000022903","a0qWD00000GSmi6YAD","1.01","Collateral_Valuation_Titled_Trailer","","0.0","false","","","Collateral Valuation","","false","42611297485883551","LLC_BI__Collateral__c"
"a0vWE00000FF7QnYAL","false","SC-000031462","a0qWE00000U6tVVYAZ","1.01","","","0.0","false","","","Search Results","","false","42612545507180719","LLC_BI__Collateral__c"
"a0vWE00000FF7QoYAL","false","SC-000031463","a0qWE00000U6tViYAJ","1.01","","","0.0","false","","","Search Results","","false","42622288767965092","LLC_BI__Collateral__c"
"a0vWE00000FF7QpYAL","false","SC-000031464","a0qWE00000U6tVMYAZ","10.0","LLC_BI__Collateral_Creation_Screen_Configuration","","","false","","","Collateral","","false","42622496212512545","LLC_BI__Collateral__c"
"a0vWD00000B9jJkYAJ","false","SC-000022904","a0qWD00000GSmj5YAD","1.01","Collateral_Valuation_Possessory_Other","","","false","","","","","false","42643248679715143","LLC_BI__Collateral__c"
"a0vWE00000FF7QqYAL","false","SC-000031465","a0qWE00000U6tVsYAJ","1.01","Farming_Accessories_Combine","","0.0","false","","","Collateral Valuation","","false","42651556983376288","LLC_BI__Collateral__c"
"a0vWD00000B9jJlYAJ","false","SC-000022905","a0qWD00000GSmiuYAD","1.01","Pledge_Collateral_Override","","","false","","","","","false","42655467735706176","LLC_BI__Loan_Collateral2__c"
"a0vWD00000B9jJmYAJ","false","SC-000022906","a0qWD00000GSmiRYAT","1.01","Collateral_Valuation_Possessory_Life_Ins","","0.0","false","","","Collateral Valuation","","false","42694786180466839","LLC_BI__Collateral__c"
"a0vWE00000FF7QrYAL","false","SC-000031466","a0qWE00000U6tVZYAZ","1.01","","","0.0","false","","","Search Results","","false","42699162616388846","LLC_BI__Collateral__c"
"a0vWD00000B9kTZYAZ","false","SC-000023667","a0qWD00000GSLXTYA5","1.01","LLC_BI__Collateral_Modal_Details","","","false","","","Details","","false","42702213649589287","LLC_BI__Loan_Collateral2__c"
"a0vWD00000B9jJnYAJ","false","SC-000022907","a0qWD00000GSmiPYAT","1.01","LLC_BI__Collateral_Search_Results","","","false","","","Search Results","","false","42720360975069625","LLC_BI__Collateral__c"
"a0vWD00000B9kpoYAB","false","SC-000024946","a0qWD00000GTAGkYAP","1.01","LLC_BI__Bulk_Pledge_Details","","0.0","false","","","","","false","42733282878641124","LLC_BI__Loan_Collateral2__c"
"a0vWD00000B9jJoYAJ","false","SC-000022908","a0qWD00000GSmiyYAD","1.01","LLC_BI__Collateral_Search_Results","","","false","","","Search Results","","false","42738492871704696","LLC_BI__Collateral__c"
"a0vWD00000B9kpuYAB","false","SC-000024952","a0qWD00000GTAKaYAP","1.01","LLC_BI__Bulk_Pledge_Details","","","false","","","","","false","42739334862192477","LLC_BI__Loan_Collateral2__c"
"a0vWD00000B9kpxYAB","false","SC-000024955","a0qWD00000GTAWTYA5","1.01","LLC_BI__Collateral_Modal_Details","","","false","","","Details","","false","42740485047859861","LLC_BI__Loan_Collateral2__c"
"a0vWD00000B9kq4YAB","false","SC-000024962","a0qWD00000GTAHwYAP","1.01","LLC_BI__Bulk_Pledge_Details","","","false","","","","","false","42744948459456538","LLC_BI__Loan_Collateral2__c"
"a0vWD00000B9jJpYAJ","false","SC-000022909","a0qWD00000GSmiVYAT","1.01","LLC_BI__Collateral_Valuation","","0.0","false","","","Collateral Valuation","","false","42757230995398009","LLC_BI__Collateral__c"
"a0vWD00000B9jJqYAJ","false","SC-000022910","a0qWD00000GSmiTYAT","1.01","Pledge_Collateral_Override","","","false","","","","","false","42759148246001407","LLC_BI__Loan_Collateral2__c"
"a0vWE00000FF7QsYAL","false","SC-000031467","a0qWE00000U6tVUYAZ","1.01","Asset_Equipment","","0.0","false","","","Collateral Valuation","","false","42765639278702334","LLC_BI__Collateral__c"
"a0vWD00000B9kqWYAR","false","SC-000024990","a0qWD00000GTAMBYA5","1.01","LLC_BI__Collateral_Search_Results","","","false","","","Search Results","","false","42777480539060374","LLC_BI__Collateral__c"
"a0vWD00000B9kqaYAB","false","SC-000024994","a0qWD00000GTAHVYA5","1.01","LLC_BI__Valuation_UCC_Details","","","false","","","Collateral Valuation","","false","42780799930209241","LLC_BI__Collateral__c"
"a0vWD00000B9jJrYAJ","false","SC-000022911","a0qWD00000GSc2aYAD","1.01","LLC_BI__Bulk_Pledge_Asset_Details","","","false","","","","","false","42787893627471830","LLC_BI__Loan_Collateral2__c"
"a0vWE00000FF7QtYAL","false","SC-000031468","a0qWE00000U6tVYYAZ","1.01","Asset_Vehicle","","0.0","false","","","Collateral Valuation","","false","42790379228873517","LLC_BI__Collateral__c"
"a0vWE00000FF7QuYAL","false","SC-000031469","a0qWE00000U6tVqYAJ","1.01","Titled_Trailer","","0.0","false","","","Collateral Valuation","","false","42803982604286415","LLC_BI__Collateral__c"
"a0vWE00000FF7QvYAL","false","SC-000031470","a0qWE00000U6tVBYAZ","1.01","LLC_BI__Collateral_Search_Results","","","false","","","Search Results","","false","42817804873152573","LLC_BI__Collateral__c"
"a0vWD00000B9krDYAR","false","SC-000025033","a0qWD00000GT8ZpYAL","1.01","Review_Pg_3508_Approved_in_Full","","0.0","false","","","","","false","42818209227286625","LLC_BI__Loan__c"
"a0vWD00000B9jJsYAJ","false","SC-000022912","a0qWD00000GSmirYAD","1.01","Pledge_Collateral_Override","","","false","","","","","false","42835689990286554","LLC_BI__Loan_Collateral2__c"
"a0vWD00000B9krVYAR","false","SC-000025051","a0qWD00000GTAJVYA5","1.01","LLC_BI__Pledge_Details","","","false","","","Pledge Details","","false","42836031313268388","LLC_BI__Loan_Collateral2__c"
"a0vWD00000B9jJtYAJ","false","SC-000022913","a0qWD00000GSmiiYAD","1.01","Collateral_Valuation_Possessory_CD","","0.0","false","","","Collateral Valuation","","false","42837442763953770","LLC_BI__Collateral__c"
"a0vWD00000B9kriYAB","false","SC-000025064","a0qWD00000GT8ZLYA1","1.01","LLC_BI__Valuation_Possessory_Details","","","false","","","Collateral Valuation","","false","42850125425730131","LLC_BI__Collateral__c"
"a0vWD00000B9jJuYAJ","false","SC-000022914","a0qWD00000GSmikYAD","1.01","Collateral_Valuation_Possessory_Other","","0.0","false","","","Collateral Valuation","","false","42851729174307769","LLC_BI__Collateral__c"
"a0vWD00000B9jJvYAJ","false","SC-000022915","a0qWD00000GSmiIYAT","1.01","Pledge_Collateral_Override","","","false","","","","","false","42861181166043724","LLC_BI__Loan_Collateral2__c"
"a0vWE00000FF7QwYAL","false","SC-000031471","a0qWE00000U6tVeYAJ","1.01","Titled_Aircraft","","0.0","false","","","Collateral Valuation","","false","42876171632176818","LLC_BI__Collateral__c"
"a0vWD00000B9jJwYAJ","false","SC-000022916","a0qWD00000GSmidYAD","1.01","Pledge_Collateral_Override","","","false","","","","","false","42881558673833325","LLC_BI__Loan_Collateral2__c"
"a0vWD00000B9jJxYAJ","false","SC-000022917","a0qWD00000GSmiDYAT","1.01","Collateral_Valuation_Possessory_Securiti","","0.0","false","","","Collateral Valuation","","false","42892857935384952","LLC_BI__Collateral__c"
"a0vWD00000B9ksYYAR","false","SC-000025116","a0qWD00000GTAaGYAX","1.01","LLC_BI__Valuation_Titled_Details","","","false","","","Collateral Valuation","","false","42893757915821480","LLC_BI__Collateral__c"
"a0vWD00000B9jJyYAJ","false","SC-000022918","a0qWD00000GSmihYAD","1.01","Collateral_Valuation_Titled_Motor_Vehicl","","0.0","false","","","Collateral Valuation","","false","42897207519224636","LLC_BI__Collateral__c"
"a0vWE00000FF7QxYAL","false","SC-000031472","a0qWE00000U6tVcYAJ","1.01","","","0.0","false","","","Search Results","","false","42906506281915021","LLC_BI__Collateral__c"
"a0vWE00000FF7QyYAL","false","SC-000031473","a0qWE00000U6tVlYAJ","1.01","Titled_Other_Titled","","0.0","false","","","Collateral Valuation","","false","42908708909074666","LLC_BI__Collateral__c"
"a0vWD00000B9jJzYAJ","false","SC-000022919","a0qWD00000GSmiAYAT","1.01","Collateral_Valuation_Possessory_Other","","","false","","","","","false","42912622265507501","LLC_BI__Collateral__c"
"a0vWD00000B9kt1YAB","false","SC-000025145","a0qWD00000GTANOYA5","1.01","LLC_BI__Valuation_Real_Estate_Details","","","false","","","Collateral Valuation","","false","42926017230695504","LLC_BI__Collateral__c"
"a0vWD00000B9jK0YAJ","false","SC-000022920","a0qWD00000GSmiwYAD","1.01","LLC_BI__Collateral_Search_Results","","","false","","","Search Results","","false","42927841647060201","LLC_BI__Collateral__c"
"a0vWE00000FF7QzYAL","false","SC-000031474","a0qWE00000U6tVkYAJ","1.01","","","0.0","false","","","Search Results","","false","42931750493160829","LLC_BI__Collateral__c"
"a0vWD00000B9jK1YAJ","false","SC-000022921","a0qWD00000GSc2XYAT","1.01","Pledge_Collateral_Override","","","false","","","","","false","42942274663986523","LLC_BI__Loan_Collateral2__c"
"a0vWD00000B9jK2YAJ","false","SC-000022922","a0qWD00000GSmitYAD","1.01","LLC_BI__Collateral_Search_Results","","","false","","","Search Results","","false","42957291244119398","LLC_BI__Collateral__c"
"a0vWE00000FF7R0YAL","false","SC-000031475","a0qWE00000U6tVgYAJ","1.01","Real_Estate","","0.0","false","","","Collateral Valuation","","false","42962378080552584","LLC_BI__Collateral__c"
"a0vWD00000B9jK3YAJ","false","SC-000022923","a0qWD00000GSmieYAD","1.01","LLC_BI__Collateral_Search_Results","","","false","","","Search Results","","false","42972880718658890","LLC_BI__Collateral__c"
"a0vWD00000B9jK4YAJ","false","SC-000022924","a0qWD00000GSmisYAD","1.01","LLC_BI__Collateral_Search_Results","","","false","","","Search Results","","false","42982006763027512","LLC_BI__Collateral__c"
"a0vWD00000B9jK5YAJ","false","SC-000022925","a0qWD00000GSmijYAD","1.01","Collateral_Valuation_Possessory_LOC","","0.0","false","","","Collateral Valuation","","false","42994964500457479","LLC_BI__Collateral__c"
"a0vWD00000B9jK6YAJ","false","SC-000022926","a0qWD00000GSmiSYAT","1.01","LLC_BI__Collateral_Search_Results","","","false","","","Search Results","","false","4327865746773565264","LLC_BI__Collateral__c"
"a0vWD00000B9jK7YAJ","false","SC-000022927","a0qWD00000GSmimYAD","1.01","Pledge_Collateral_Override","","","false","","","Search Results","","false","452452312365735211","LLC_BI__Loan_Collateral2__c"
"a0vWD00000B9jK8YAJ","false","SC-000022928","a0qWD00000GSmj1YAD","1.01","Pledge_Collateral_Override","","","false","","","","","false","456376843834524623","LLC_BI__Loan_Collateral2__c"
"a0vWD00000B9jK9YAJ","false","SC-000022929","a0qWD00000GSmizYAD","1.01","LLC_BI__Collateral_Search_Results","","","false","","","Search Results","","false","547662346625767324","LLC_BI__Collateral__c"
"a0vWD00000B9jKAYAZ","false","SC-000022930","a0qWD00000GSc2YYAT","1.01","Pledge_Collateral_Override","","","false","","","","","false","56234146152634784342","LLC_BI__Loan_Collateral2__c"
"a0vWD00000B9jKBYAZ","false","SC-000022931","a0qWD00000GSmiNYAT","1.01","LLC_BI__Collateral_Search_Results","","","false","","","Search Results","","false","5628374659237412864","LLC_BI__Collateral__c"
"a0vWD00000B9jKCYAZ","false","SC-000022932","a0qWD00000GSmi1YAD","1.01","Pledge_Collateral_Override","","","false","","","","","false","645342352847658","LLC_BI__Loan_Collateral2__c"
"a0vWD00000B9jKDYAZ","false","SC-000022933","a0qWD00000GSmiUYAT","1.01","Pledge_Collateral_Override","","","false","","","","","false","65569375976560167","LLC_BI__Loan_Collateral2__c"
"a0vWD00000B9jKEYAZ","false","SC-000022934","a0qWD00000GSmigYAD","1.01","LLC_BI__Collateral_Search_Results","","","false","","","","","false","746743263672653265","LLC_BI__Collateral__c"
"a0vWD00000B9jKFYAZ","false","SC-000022935","a0qWD00000GSmixYAD","1.01","LLC_BI__Collateral_Search_Results","","","false","","","Search Results","","false","7865552624362457634","LLC_BI__Collateral__c"
"a0vWD00000B9jKGYAZ","false","SC-000022936","a0qWD00000GSmi8YAD","1.01","Pledge_Collateral_Override","","","false","","","","","false","82625074869146976","LLC_BI__Loan_Collateral2__c"
"a0vWD00000B9jKHYAZ","false","SC-000022937","a0qWD00000GSmipYAD","1.01","LLC_BI__Collateral_Search_Results","","","false","","","Search Results","","false","865734872362971435","LLC_BI__Collateral__c"
"a0vWE00000FF7R1YAL","false","SC-000031476","a0qWE00000U6tVJYAZ","1.01","LLC_BI__Bulk_Pledge_Details","","","false","","","","","false","9756686476689","LLC_BI__Loan_Collateral2__c"
"a0vWE00000FF7R2YAL","false","SC-000031477","a0qWE00000U6tVHYAZ","1.01","LLC_BI__Bulk_Pledge_Details","","","false","","","","","false","985536578908977","LLC_BI__Loan_Collateral2__c"
"a0vWE00000FF7R3YAL","false","SC-000031478","a0qWE00000U6tVQYAZ","1.01","LLC_BI__Bulk_Pledge_Details","","","false","","","","","false","9878756534536","LLC_BI__Loan_Collateral2__c"
